"tenantId","scriptId","versionId"
"1003","460ac952-7979-48aa-bc04-c709931ba753","06793c75-9f1e-49b6-86a4-3f932545e371"
"1003","cbe48e3d-c227-483a-936c-53a41539f706","088ff449-5c75-4b94-998a-7270520379fd"
"1003","a6f34acb-fa95-4a90-878a-72ce5858bb74","5bcb21da-fc68-4dab-8e2d-7eee10f299e2"
"1003","a76a2553-37bf-4311-b161-7643e22bb4e2","9459a322-780b-41da-a43b-521142ade014"
"100f","0da8b879-4194-439f-b932-884bcd2ccc18","1b414d48-b084-458e-85be-652efa6ef6bb"
"100f","1df8cbb4-0338-4cf6-ace6-fcba96591d8f","c9f0a930-aea3-4c7f-8c4b-906e465a7822"
"100f","46da7390-7be9-472e-a769-62ff760d2a36","4f5be77d-5e77-4c93-969a-4c1dd6fed4e0"
"100f","557ab38d-5382-4cc3-8ec5-c7825376970e","0b926806-1522-411b-bb56-bf642fa1320a"
"100f","6bb21de0-696a-45e6-bb8c-379973182270","5232cf12-bcf0-4ca3-9b32-7082e39ba5f0"
"100f","83992c18-e7ba-47c2-b223-b83f8f76f4d8","815e3ae1-0937-4d91-be2e-707ea219c1f5"
"100f","be8ed24a-3b8b-4661-afb2-4eb6ee40a5ac","f2fea1ce-07c7-48ab-8b06-ec3aa139958c"
"100f","ace1836e-bacc-4a7b-917b-64a950cd39e8","97a75fce-0e17-4b95-83b7-5a0b2a3b31a1"
"100f","e97cab61-f5b6-44fd-b3fb-26be94d16a7e","d02485b3-5ffa-4791-8ff7-156739b3641b"
"100f","ef26c50f-2f16-488d-8b14-a92094f135b5","551635b8-dc22-4de3-bfe6-a386d19b69dd"
"100p","f66b50ad-7181-42a3-8df2-19e96372231f","1ca6946a-5a44-4014-a206-9a7ead2f266e"
"100p","a8dbc62a-dc98-4c58-b9e2-1357c5a4f53f","3a0fa11b-252f-4d68-ac1c-2b68d28fbc65"
"105p","2829180d-fdb9-42be-8bec-471b43d28b5e","5a565c2d-e776-42e7-a5c4-9c7b0f0c651b"
"1066","b6a0d142-7a4e-4889-8c20-f505c58f0366","68e2e560-7d15-44e0-b790-187b616b3ca3"
"106b","41e1fef9-6439-4699-a940-5bc08bc5b864","164f6ac0-2cc5-48c6-8ed8-4fddc8a3681d"
"106b","55bd0cb9-baa5-48f6-a542-83e813bb190b","690b976a-df63-4e0f-93ff-ca1f9af9d2b8"
"106b","43b67430-39ba-4ad3-beab-99b5f04aba84","1da05a51-cfbe-4ad1-99a5-c27b6cd4bada"
"106b","61c35d00-ca18-4e72-b046-b6082679e4ed","1c799cef-657a-485e-afa5-a0b365deb4ad"
"106b","d7a9a1d8-1463-4af3-95e9-9f62038f89b3","8cced8b5-afbc-4452-8c0a-4be4ae53cd60"
"106b","80cbfcb6-c082-4a8f-b3ef-a03baacc3104","aa3c57ce-e0e7-4332-86cf-39f7a1e662c7"
"1071","84d567ef-8a53-4534-9929-8de44c88e63c","d6534f0e-9886-4fcb-ae30-266fb1c9a43e"
"107c","b85eefb8-564e-46fb-b54a-7f6b8dcc19d2","57655d4c-a471-49d5-af9a-f1419cdb8fd3"
"10m3","19afe24e-fb93-48e2-b3cc-7bf0604dbd52","b5848906-7df9-429e-9def-b062bf2c769f"
"10m3","19eb8484-588d-4986-a098-9543707f6aaf","a22ac98b-84d9-4b8b-9cf0-0a6d00312386"
"10m3","2648044a-c404-4fdf-b424-44f3ffe1658a","3741993a-32e2-4cfc-8180-e2d653b4c7f0"
"10m3","332e93f0-73da-4b53-8b26-6aa4a4777937","d81bd922-7897-419a-b15d-9aa6b99b80a0"
"10m3","29fd0dd5-cf27-4a8d-bb99-6c52c7512c5f","5a983f2b-85a1-4010-9cec-26fc0920db74"
"10m3","2dd94b8e-8c4e-497b-bfee-05cebbd96f80","027d1697-2a13-4c2c-97c1-06ce89330afe"
"10m3","32631eb1-eb8c-4a72-9eba-2d002085298b","d5dcb2e3-df5c-43eb-9173-7f3285d4c379"
"10m3","453a88af-a99e-47da-8965-88b702b1525c","ea0ffa8e-2d04-4b6e-9306-3334c85dc1f9"
"10m3","57ea48a1-3475-4f91-8c7c-1694e8eff0b4","aefd652c-f6a2-421e-a5c1-912bec66f1d2"
"10m3","5e3a6832-8095-4011-ac91-8adc9712edab","c5ace4f6-798a-4884-989e-b85163229257"
"10m3","6e48f4c5-0f01-4f43-8961-0d37ae1725c9","df7d4015-b229-4bfa-bd09-303980e07de8"
"10m3","6f9a45e4-fed2-4867-8bef-4edff96d2b7a","8b99d328-d4e5-4842-9ba3-0bd230618438"
"10m3","76917cb7-9aaa-45c4-b99a-dbfb2559525e","09a6dceb-eba6-4508-8c29-69c3be186551"
"10m3","64262555-f415-44ae-9ca8-2e922a49ddf1","e7a1c61b-b1bf-4b9d-912d-d3580359fa21"
"10m3","7e9432df-c548-443b-aec7-c08fa4c0c313","0daa3b8b-4f5a-410a-9e70-e9f077b973e8"
"10m3","9548aaf4-95cf-4c1f-8870-39fa24cc7a79","7ab4ab8f-9ce2-41df-9401-b1481eaf1d9d"
"10m3","a37bbad9-22af-4bfd-9959-c422c2e5bf3a","f582fee4-9687-447c-98f4-4bd2b04e5a36"
"10m3","a76a2553-37bf-4311-b161-7643e22bb4e2","f168217b-1d62-4ce0-9955-2b010ba10737"
"10m3","a8da14dc-8c0a-4087-8979-7c4176401339","ca57046e-ea4e-4842-8d9a-f303d3feceb3"
"10m3","aa5bda22-c652-46dc-821b-2e6459fcee4c","c2d0ac23-72e8-44ea-92b5-7d272ea79cda"
"10m3","ab9ee510-d843-4321-8047-aece0a59af01","35e962dd-d669-4f57-94ff-905f0838a4f9"
"10m3","b61b2970-0a2f-4395-982d-9aa567454024","f5a6b7db-bab7-4d60-8556-c60c7d4ad29b"
"10m3","c320cfb7-12ad-4734-aa81-5d36138c16b3","dcd39346-26ba-45fb-9c65-1e453a33b648"
"10m3","d86cb755-2cb2-4458-9f87-2a584672f388","5adfb0ce-452b-4356-84ca-2b2ff6ae9dad"
"10m3","c45e6407-69f2-4c29-bf88-a6ff3d911e5f","2434dc0a-b73e-4e97-86a6-409d29e776c1"
"10m3","e388b888-3412-4abf-bb78-b01884d8d750","713b5113-a4d4-4f83-9872-0c67b394dba1"
"10m3","c4cfa145-a9d3-4780-84b5-a7c8a3bd3b4a","19b6e23c-6df5-45e8-89d7-5bc466feb9c9"
"10m3","ed9ad768-b98e-4948-808e-688f8aafc348","feab11dc-fa35-4e5c-9b44-1d7660c8aace"
"10m3","d9d88d7a-9d67-4c30-8b4c-3432db45e89b","d059aa39-370f-4679-855d-dec44154aeb1"
"10m3","f0afa794-5ea0-4e9d-8f38-165d7a15fb20","022d4b1c-9a6c-4e49-8867-32dec50e605a"
"10m3","f01fd494-954b-4c44-a28f-729cf84bfa71","6f36d1c7-f544-4771-87a9-c08d7668b198"
"10oo","84c47936-18c9-4956-a887-6f4864d9eebc","16321c08-60c6-406d-a49b-b3ff984753a9"
"10oo","85fda78e-c5c1-4c68-b58b-ee4c87052801","7a49d14f-a8a6-4336-877a-b3792dd4e497"
"10p6","e22b3fb4-834f-484f-a4a0-9aefce23498d","dd883b0b-25fb-42ef-a3c6-9899fa62c600"
"10p6","b6a0d142-7a4e-4889-8c20-f505c58f0366","10658e69-61ff-4364-b301-1802bcd24883"
"10qo","422df531-a851-46e9-9874-23f0631494ea","eea78849-c8b9-4987-89a5-a9e4ce895f75"
"10qo","8dc1346e-a265-431b-b1b3-4ed0708170f4","6fefaca7-b3bf-4ad1-b4f2-16d9f6259753"
"10ug","1f604696-62a1-4f81-a8f3-0283ca8a1e9c","584c867c-7c57-4882-a28c-4bcccf30011b"
"10ug","60d6d9c2-ad1c-4818-91e9-b1faf213cf53","8b653471-722c-4097-9369-1d515cc4632f"
"10ug","6059a360-1517-4ea7-b619-da230e6fc02b","7f4881a2-029c-4dbf-94fb-749cfeea444e"
"10up","a76a2553-37bf-4311-b161-7643e22bb4e2","9c627f7a-f268-4965-95c7-bee00be664e5"
"10uq","9d4780eb-2632-455b-848c-9e9ac21ae141","134c0b94-f189-46c1-9ffe-e3491f57aae9"
"10up","be745d2a-a415-4031-8163-515e567bf9ee","30dce642-d71e-48c6-b087-e181925bfeea"
"10xh","e290c9ad-bb2d-4352-ad14-d36e0e4e5a22","c736a193-eaee-4664-ba18-cfce939a4e7b"
"10ze","6a3b81fb-8afb-4cb5-81cc-d867a88f198b","3c57c5c8-d8ab-4f71-b5d5-7047dda13920"
"11hg","ade0c889-4a46-4889-9cb7-b9cf48fb7dbe","bcf36a6f-d2be-4802-b60d-cafcae4b4d68"
"11is","34432a9b-9872-4cb4-9a6d-ba4f16faf832","64cf6fa1-bc1a-4a45-b063-7ddf16321d32"
"11rn","ab7a8163-956f-4046-9aa4-ccd7698222f7","a5d241e4-d76f-4896-a857-f477911b9ebb"
"11sb","84f4e2cd-def0-4821-8629-ce2bb7d7fd2b","6d7f23fe-3649-4752-b4d5-119f605333e0"
"11sb","6e8ffd01-dbb8-43eb-b3b5-bedf961449da","458b8aa0-c4c0-4c08-9af0-b2d82532e753"
"11sb","9c2f0a17-7e50-4130-8858-5a4fd7c4ad02","5fd39615-3167-42fb-af24-f11a067ab747"
"11sb","a76a2553-37bf-4311-b161-7643e22bb4e2","b74d6e6a-2359-4e91-a2eb-155c8a5e0d96"
"11sb","b92aafa3-1a10-4cf6-a418-3a621e35be22","f1b409bb-a3c1-4b84-b8de-df67ecea4d54"
"11sb","c320cfb7-12ad-4734-aa81-5d36138c16b3","07b7b366-47d9-485d-9a74-488d3aeb87ef"
"11tq","1a3b5af1-89a2-45e8-a35d-f6c10c4e9736","fc3de070-eb80-4bde-93e3-8923dd6300f3"
"11tq","a76a2553-37bf-4311-b161-7643e22bb4e2","fbbf376f-f7b5-4850-b68f-a9169f4db6cd"
"120r","c1caef8a-7d42-4f4d-9d89-7905836e0f57","0ea6583c-e96f-4b95-955d-a897a418b885"
"12af","175c119d-b62e-49b1-9c91-4dd95acab638","b5544317-adc5-40a2-a42a-f21ca05350a8"
"120s","c1caef8a-7d42-4f4d-9d89-7905836e0f57","2add58a8-696f-4727-ac92-95a7c174c845"
"124a","9a46e22d-4d6e-4654-9261-210cbd067e0a","1606d7f6-254d-4b45-9e69-325ba3fa6526"
"122q","c320cfb7-12ad-4734-aa81-5d36138c16b3","07b7b366-47d9-485d-9a74-488d3aeb87ef"
"12af","4fb7d0e6-e422-457a-8626-b49219744bc1","446d8bc1-e4ba-4f44-bbc2-90d3e98a9826"
"12af","5a814e8f-d32f-4abc-aae7-5f5cffb7ae14","d616c1e4-ebd5-45f0-b1b0-e589219dfaa6"
"12af","8aeedf14-6f72-4cb7-b276-8f5513035be7","41853ba6-cc06-4d52-b68d-d53a210ba2f4"
"12af","9bbf89ab-5b78-41b8-94d2-7af3d87846e5","db3fae19-9901-45e5-9a5b-92a15b6209f7"
"12af","aa8ea99c-3f1e-4cc9-8960-115f1ede655f","074e61bc-e221-446c-878e-7fb5bab013bc"
"12af","ce828b5b-9442-4068-a8bd-8675f12d7271","7ffd55c5-3f6f-4e71-af34-f0d8f95f799e"
"12c5","4fb7d0e6-e422-457a-8626-b49219744bc1","45488be1-5f3f-4bb4-8495-058d1fa4fa6d"
"12c5","9bbf89ab-5b78-41b8-94d2-7af3d87846e5","db3fae19-9901-45e5-9a5b-92a15b6209f7"
"12c6","12caae84-67c0-44d1-8962-aaf0376fff63","7d94b7d5-1ca2-445e-a292-8e80584792eb"
"12c5","f098d80c-8a33-4fb9-ae6d-954bdeb33865","4f59a476-0529-4dca-abfd-471bdb449aa8"
"12c5","ce828b5b-9442-4068-a8bd-8675f12d7271","c4e48f56-90de-47cb-8095-b2a5f9c7b77b"
"12c6","9bbf89ab-5b78-41b8-94d2-7af3d87846e5","db3fae19-9901-45e5-9a5b-92a15b6209f7"
"12c6","f098d80c-8a33-4fb9-ae6d-954bdeb33865","4f59a476-0529-4dca-abfd-471bdb449aa8"
"12c6","e651156a-7ce6-4276-b09f-821f4742dfac","c0753456-43b6-4016-b906-7e0ae2adae76"
"12fh","5d09e64f-437d-4d93-8117-8410f0225d4f","81959dcd-48c9-41e9-a9b3-afaa50ea3280"
"12fh","5892528c-68c4-4849-a730-66b9f7b1d5c6","13136cc8-8302-4fcd-a2a6-8c0371a34146"
"12fi","9bbf89ab-5b78-41b8-94d2-7af3d87846e5","bc21c962-08b4-4bd9-95c4-df3678572c35"
"12fi","5d09e64f-437d-4d93-8117-8410f0225d4f","84110a06-b72c-4d4c-ae50-ee5d22f992f4"
"12fi","5892528c-68c4-4849-a730-66b9f7b1d5c6","217cb546-efd8-4f57-87f5-4a1bd63f788c"
"12m7","1910044a-bdff-44c7-906b-6df780af22ad","cd3a5e88-4c0c-46bc-8aa6-c9b62cfb28d4"
"12fh","9bbf89ab-5b78-41b8-94d2-7af3d87846e5","c863c24c-a6c4-4b62-aeee-0ae0022cb986"
"12m7","39753b38-36fb-4ac1-8e51-4bca74a27e18","05c43735-cb74-4574-a294-ca355d7d2976"
"12m7","62e6c4cb-a21c-474c-9431-f70691eeb916","9c176b32-693b-4c3b-a2d1-a8e8e26e74a9"
"12m7","80d48740-5a30-4860-a241-ac8d7348e3fb","cb22d79c-c398-4f7a-9703-337a64c76203"
"12ov","0d470e2c-048c-4d9e-b938-2ab5e6c4af2a","4b036691-2192-45b1-996e-16e8184b3815"
"12ov","31c82e42-5ab1-4ef3-be12-8dad282ba946","969fc38b-8d44-427b-9ce0-d79442068dd2"
"12ov","40e89471-553f-4d99-b0bc-b4ba98833bbd","579c31d1-9261-4fd8-9b33-a3652fc02889"
"12ot","c320cfb7-12ad-4734-aa81-5d36138c16b3","07b7b366-47d9-485d-9a74-488d3aeb87ef"
"12qr","1e36dfa2-dac9-4545-a496-d00cdf094ef0","d9030b4b-4d71-4b07-a4ba-93f27b69002a"
"12qr","b6a0d142-7a4e-4889-8c20-f505c58f0366","68e2e560-7d15-44e0-b790-187b616b3ca3"
"12s9","68907803-1d8e-4c3f-96ba-274c2b383d92","16ee95f0-01b3-42d7-8acb-ca8ede2c6930"
"12s9","65593f4f-a092-4262-b9f9-9a36c3b47b7c","1bc452ed-acfd-403b-b51e-a084ea4ce360"
"12s9","a76a2553-37bf-4311-b161-7643e22bb4e2","6fd47639-948f-4416-9538-73abea704a62"
"12r5","d11172bb-8915-4593-bf2b-b96e8ca7a7e0","31350048-1230-464b-a344-ebb5c5802128"
"12s9","4c182b20-dd59-47e2-b644-ef7236343e4a","0c7f5692-cbba-48a7-9c91-45d8f842d092"
"12s9","c320cfb7-12ad-4734-aa81-5d36138c16b3","3f71f0ef-e250-4d10-b34d-7c1cb3e12119"
"12y8","426629e2-c35a-4e82-b935-f0999bdf4474","926e4e3e-ca92-48ec-ae67-3511d010b99d"
"12y8","531c8de4-5b0e-4e8a-bfb6-bfe31ec3ec9f","2c48b82d-cd6c-4a31-9448-c588182803c1"
"12ye","c320cfb7-12ad-4734-aa81-5d36138c16b3","07b7b366-47d9-485d-9a74-488d3aeb87ef"
"12zo","1515d956-19a3-4d7f-8179-e583f285eab9","9aef4cac-f252-4aec-a39b-3cf439ba1e39"
"12zo","41651233-0198-4c54-b826-fab939200548","b1729804-7f46-49bd-b8b6-1108bbed5543"
"12zo","2ab22601-24d3-4e02-a302-3fd4db37e4a6","23f5b485-72fe-467f-bf07-7939414b7cf0"
"12ye","a76a2553-37bf-4311-b161-7643e22bb4e2","51110b46-a7b6-425a-a1bb-e0f2475adf44"
"12zo","da59dbda-5988-4372-ab09-83737a712310","795a2343-a3c5-4381-8711-eb13bb8f763f"
"1334","818d4c67-c2c5-403e-ae4a-b0b8eb4738b9","de2bfcea-64d2-4972-8a1d-1f273413d4ed"
"1334","6457cb1f-b68d-4840-851d-74f0549d4eeb","04854c5f-d21e-402f-bccf-a3f2f5a670b0"
"1334","88228d30-6896-4481-a757-0f5ca155683c","b1c9c48f-ced0-4e72-a12c-cb0ad7e11846"
"134","55a9686e-da3b-4ade-9776-9a9f782a5f35","09b8841c-6baf-4b3d-97d6-2a9a43746e0f"
"134","8a4ef818-ce4d-403b-9f32-9ee89e9c6270","49772b29-2c87-47ef-a5e9-cb0f7c4621db"
"134","85547911-b9d8-4d05-b996-4ddb30d9f744","44da464c-81e9-4a8a-840e-63dc41052d0f"
"134","bdc9cb0b-d2f2-4bd8-8d78-2bda6392caff","78642882-931c-4255-b1e1-1416ad6d16ba"
"134","f8ff12a4-467d-4323-beb6-f9e705ab5a1a","5b06bb55-eacc-4970-89c7-b73b8a2da696"
"134","d35161df-1c8a-4bb0-9a18-f982f5791e86","c0d1d9d3-1a25-4103-aba9-211dd69247ce"
"1377","4c24f7a9-d971-4861-be6f-932bb2c92e8d","92379e04-a05c-43ae-9315-a3b01f739894"
"1377","0936173b-31e4-4e01-b55e-5f9ce56bab10","7a076669-d8c0-4b6d-ab00-6ac32eb55681"
"1377","29afba5d-92c7-4dc7-b566-86647fd856a4","afffce2a-679f-413d-b45c-5fe0a904a58f"
"1377","5db83899-b0d3-4696-9df3-ec90c27af8e1","2e7ae50f-6aab-476f-b70d-ee2f2136b1e1"
"1377","4cdcef55-0a1c-45fc-a370-9c6accb384d1","7e541124-877a-4047-b890-f6f29da7490e"
"1377","6279e09e-bd6a-4cf8-accd-2dc04cadc3c7","83e97af0-af57-41f1-a48d-5f4ae57c3309"
"1377","72255744-f20f-47e6-9fa0-e6a12397348c","0a07c197-ad99-4900-bc6c-2bd9e9a29ed6"
"1377","7f6adb4e-79cf-4070-b834-e7df5cc4e861","e6077ae0-9b01-47c1-a182-0c3019af99fc"
"1377","82a23cb4-2c22-4a61-982a-46a737dd00e2","b938553a-965d-4674-9413-6a533e1002f3"
"1377","81e46e84-c2c2-4ec3-8249-932d81f98579","2af034db-f992-430b-9b8b-66d08dd7b102"
"1377","85c6da9c-a768-4b39-a059-3c46280642e3","249b2882-c4c8-4cee-822b-e5b6d49cc9a3"
"1377","95c51be4-042d-4f4d-af2f-6ad275fdb67a","737a0ef9-e4a3-40a8-910a-0f7979862fce"
"1377","a2c75dd9-6e3d-4abc-9a3c-275b08929d40","76ab5b85-c5e9-489d-9ee1-6daf384455f8"
"1377","ac42677c-a338-4f2a-820b-cc3bcf20045a","7a040a7b-b6cb-465e-b322-a39f58d57ab3"
"1377","ecf444ac-fdc7-43f5-9c41-7aa17c01f961","dc754765-d54e-477a-8c66-f0068e423fa4"
"1377","ca0d4db1-0e5f-4a24-9fec-715470cb47a4","91d71266-14e3-4121-88bf-66648f59e2f7"
"1377","c285e4a5-146a-4880-a753-5cc27fb494fb","b6324b90-b32a-4404-a73a-573cff2f7f0d"
"1377","b381ceb5-817d-4073-968e-23400c47ab2a","9cc87c91-220c-4105-bc14-b6dcabeb9879"
"1377","f93e3971-0d50-49e9-94bd-1cd8b361ac7e","097548f9-9eab-4082-81ea-372097291341"
"1378","01057ba2-9704-42f7-8f42-19ba77223578","61c90e53-68bd-4bd1-8171-5b7bb94cab77"
"1377","ee56eb44-d596-4648-b8f9-4995e2a61964","e2d21150-b59c-449a-8f48-1aaa8fb23c3f"
"137a","772bea8a-62b6-4423-ad3c-a1fc8b2a422d","c3df7cfc-9bbd-4e1b-b527-50f1d84883e7"
"137a","7d6a56ee-e251-44bb-ad62-cd42b2fec05c","03171761-ac2f-49d8-bd36-2872ba1ecfcd"
"137a","97a7a5c3-b0e8-4fb5-9fb5-fcffa12f6f85","7d8939f0-4491-4b2a-a729-d11a71d082ff"
"137a","b6a0d141-7a4e-4889-8c20-f505c58f0366","8975a6d8-6187-4a21-a26f-647d2864c10b"
"137a","b6a0d142-7a4e-4889-8c20-f505c58f0366","21dbea7c-e1e3-47b3-803c-9a91e2ea9e4e"
"137a","cb077c4a-82cf-4c65-9841-25958e7b236b","eb8ed71f-fcbb-403c-8720-a2bed25ec253"
"137a","e22b3fb4-834f-484f-a4a0-9aefce23498d","060b5c1f-2930-4f3a-9aed-f1107f6d2941"
"138e","0d91711d-07cf-42e5-9ad7-3b994225fddf","ad6057b6-5f0c-4bb9-9615-e3b3ba5bc1be"
"138e","3ba3110d-75d4-4bf6-86a2-c1b4c143c87d","d299d181-09ca-451d-a192-ada57cd0864c"
"13a","c320cfb7-12ad-4734-aa81-5d36138c16b3","07b7b366-47d9-485d-9a74-488d3aeb87ef"
"138e","349aa6d6-6328-4a7b-99a3-b79128f3e342","75f5cb4c-c231-4c0b-8757-5197efff3710"
"138e","c59c131a-0d0c-4677-a4d2-913e4e48436b","599cc98e-ffff-4c66-af60-0cf5a7b22812"
"13d","a3ca1839-3bec-4520-8f23-f5400aa77495","c22b3186-9907-4b21-a29f-286730f56018"
"13h9","1c50d5c3-6da6-4517-a5e4-450158b21903","0f8c15d4-35d5-47d0-90ae-00e698a36f09"
"13h9","3778515c-341d-4308-944a-ba39324db865","03b6ecf7-d1ac-47ab-bd78-9dfd752eb648"
"13ko","35fc4d0a-ff97-471e-b9ab-df60ca47e8e0","5d6d12eb-f61a-444a-82d5-3c309ad77709"
"13h9","43b13429-0951-4ff5-9dd7-6fce34ae4952","02388676-3a57-4d8c-855f-5b024b588ab6"
"13ko","7626fd4e-0dd4-4703-b351-a9c3b1af569b","b52549f6-7bc9-455a-80d3-9d6720c87654"
"13h9","6e570313-ddbc-477b-938b-4e58c41cccc5","d025b8df-4fc6-4f1a-a503-2fcb79e4bab9"
"13ko","43ec7f39-144c-4f1b-8ba6-391120518973","45bd59e2-37bf-49ef-8081-b17ef24ac0f3"
"13ko","5bab0db9-ea16-4a4a-a0f4-f14e0deeffab","0b70e663-ca7f-4c42-b975-8d531201affa"
"13ko","76804d9d-aa29-44d0-af25-b9491fec18f9","c35c6117-4d6c-4727-a342-a7ef4b5bb9d8"
"13ko","b0fd2e67-611e-4332-a7e0-3e9cd0ab9f20","f8a2c6b8-c9d1-415f-b5c0-b287c2d5a387"
"13ko","a84548b6-4f8e-4919-8e7f-96d8deee032a","3578a009-d2f3-42d1-ab86-9d58cde53b50"
"13ko","b5f308bc-0b7e-49a4-8537-e7e98a994630","b6b30a8e-8982-401c-8901-e777e9434bf3"
"13ko","d8e43ec2-5390-41ce-9b03-c357b8e83019","8afcfa8b-4d55-4d8c-9882-301e8e0be9e8"
"13ko","d24ae3e0-2168-4ea1-a6b7-a6716397d998","d1178222-f7cd-4bbd-872b-48e75507a669"
"13ko","d5706583-5f05-4acf-924f-75ab91282a76","f15403e5-4b26-4bbd-933f-96d52cad46fc"
"13ko","bc2384d0-6e76-43e3-96ee-e73821eaf84c","b8c25d8c-7c8c-4faa-a356-5f377c68007e"
"13kv","1c50d5c3-6da6-4517-a5e4-450158b21903","cd392603-ade5-4d08-9fe4-6010f1df6070"
"13kv","3778515c-341d-4308-944a-ba39324db865","a1c6b01a-fe35-4982-99b7-03175b0edaf1"
"13l6","3b7e3629-baf9-4bf4-b3fa-c2aecbf411ce","bd6bf64b-bd51-40b1-a309-6cb8851c3791"
"13ko","e6898894-ffa2-4ab3-9d67-ff1f1aa05cc0","455ad4a3-796d-40c8-8612-bc027db3109e"
"13kv","6e570313-ddbc-477b-938b-4e58c41cccc5","6556f7b2-5711-4bad-901e-12c2fd657f56"
"13kv","43b13429-0951-4ff5-9dd7-6fce34ae4952","da702859-95d3-4c74-a865-59eef0f9a335"
"13ko","f4ac3637-887e-469b-a040-253cfc353b92","17ba726b-3619-4bc8-9978-bd975bf13e25"
"13p","ed6f18ac-c429-49d0-a392-3ac3a1b2750c","6b052a63-ca94-491d-9a7c-721c54fbd4ac"
"13p","c320cfb7-12ad-4734-aa81-5d36138c16b3","07b7b366-47d9-485d-9a74-488d3aeb87ef"
"13vx","27a1187d-7e48-47c8-a2ee-0a9b8339beb1","208ff7f0-d5f8-48fe-863a-79216f1e618d"
"13vx","2bb6076e-32ce-46bf-a176-ad69633bb482","e2d5c962-9909-4bd2-a110-9b944d0e62dd"
"13vx","8a6c4412-7882-4abb-981b-c4626f08f2f7","6079ffba-a736-47c5-a808-2c1654302b4f"
"13vx","7420e1b2-1e19-4df8-a871-989b9780cb82","6d5594f9-d1eb-4ad7-97e2-7377eca45fdf"
"13vx","a243d066-45ba-40d8-9437-d468d982c0c6","2145ef76-59eb-41c2-b4bf-078debc9a313"
"13vx","9a3395bc-53d0-4d48-87c9-68db8e39a6eb","d132f2bc-b3bb-4f4b-a11d-b05666a5bbab"
"13vx","bb66e433-5f67-42c7-85f0-0356eeefaf5c","da750b21-62be-48f4-91bf-919b16968fad"
"13vx","a58b4233-9a82-4025-b2d6-4501107265af","5e7e2deb-757a-4020-b643-95d1f4ba6496"
"13vx","e54f33f2-5040-45ff-8284-e7a8ebfdf901","e3b43ae0-99e0-4470-8383-17a455e2d8b0"
"1434","8b0c4345-5995-4fc8-9e9a-13f50ed5f9f3","eb5e2403-6a8a-49a5-b080-013e412b6b5a"
"1434","9bbf89ab-5b78-41b8-94d2-7af3d87846e5","86b9abb7-b997-4933-884d-b6dfb6186557"
"143a","404a2e77-398d-4a7a-84ee-94f386ca0b47","c537ab30-1a3e-4581-8d0a-5ce8e5af153d"
"146b","aa98e83f-c73e-4c0d-8661-aec7756bd58e","18fbcb32-d601-4385-8ae3-8dbdcfe1f46f"
"14cd","a76a2553-37bf-4311-b161-7643e22bb4e2","86b278b6-82e3-4d17-953b-728c52a1f396"
"14ea","2581583e-b776-43ac-a54f-5a71e0ef2da8","60cd2ce6-269b-4cd5-b7ea-f85188759914"
"1460","eeef1ea2-0505-4a0b-bc75-a3ca0da35840","b2dec63d-0a06-48ab-8f55-6cf15a525cfc"
"14ea","00b531a0-efa3-4fca-b2f2-a4af00651aa9","5916dfcc-105f-4ad9-b980-ede4737d3c9b"
"14ea","332ecbd3-42cf-48d7-aa59-70153c01e8a1","efdd56f9-7dc6-4e35-ba76-559c15b39cf5"
"14ea","a76a2553-37bf-4311-b161-7643e22bb4e2","41865ffb-83a2-42e5-aa61-11ce13640369"
"14ea","db5635a6-f528-437e-9957-6a1cd57dd63f","ea45d24c-9885-4c99-831a-415890106faa"
"14ea","f7818801-5c97-41bc-8b08-80c6ecd07c26","153aadc0-a042-4194-9d34-4ea5bb313a65"
"14j3","0dd321c6-f8e6-4916-a5f5-33b0e75b6e71","a82043f8-80e7-47d1-a629-b1c458bd4c40"
"14is","a76a2553-37bf-4311-b161-7643e22bb4e2","36f3de1b-edb2-4a0d-8ec5-b239930f69c1"
"14j3","c320cfb7-12ad-4734-aa81-5d36138c16b3","6dd04f79-25b4-489c-97b6-1cd8c6de831a"
"14j3","a76a2553-37bf-4311-b161-7643e22bb4e2","c4ddaae5-ae6d-4c3f-9196-5d799990a2bc"
"14m5","2581583e-b776-43ac-a54f-5a71e0ef2da8","ac4a54bf-83e0-4d3b-9c11-40a7e85c12f8"
"14m5","dfc11f1d-0960-4513-a19e-6e517eccabae","05b46326-53ac-4449-b584-bd50594ed9be"
"14m5","9053e841-c334-47fa-b8c4-6fd53f321eb7","613aeb96-459f-4ef0-b156-68597a5b092e"
"14pu","00ea3f5d-801f-49cc-85d0-2f732d6fdd72","554972be-2a81-4b1b-9f23-859001bbeee2"
"14pu","734be632-b5eb-4ae5-880b-c60390591e67","8fe4db28-8f23-470a-9568-5790f2524a9a"
"14pu","c320cfb7-12ad-4734-aa81-5d36138c16b3","07b7b366-47d9-485d-9a74-488d3aeb87ef"
"14pu","eb2615b7-6838-4c9b-939e-e6ebc42dd866","a7df4447-86b5-4525-820d-fc413b64bd65"
"14q","010cf128-48ab-419f-999c-991c06b80280","3e49c7af-2ef5-48f2-b7e9-5c2e37ac6060"
"14q","10acc9eb-1470-4096-99bd-58a70e08560c","7384c3cf-5e98-4f2d-9a80-da620368bde1"
"14q","137af134-f687-48cc-beed-feed95547831","a3b96e3d-bf9f-4eee-a281-d4dbf90b5146"
"14q","217a8937-19d5-4cc5-b302-77109ecdfa2d","95e19a3b-ca47-474b-b5a2-799166528249"
"14q","1a95ae9b-1391-452b-a8f4-3ce04fce5f64","6e122123-c995-4d13-9014-18f33d4120b7"
"14q","266ee157-b5f8-4475-8159-8fcda5a6c77a","2afa9d08-4d72-44a3-9319-18b709201404"
"14q","3598d375-999f-4999-b52b-a364e5dea7a9","bc5b9841-4379-4d16-a5d8-7c7bd6505518"
"14q","4e4f83d5-f9ff-4495-8cc9-54052357c3b8","f4c6e367-6c7a-4855-9da9-da4bd7ae53d5"
"14q","4c2c8b5b-bd58-4e6c-a21b-2a0d07ef0324","edf9e76c-40f4-4f19-a1fa-b00aa5eecee0"
"14q","5d18e7db-84d3-46c9-93d0-6916d3c63b47","f4e3e9be-1776-492d-9994-00ae94e89d7f"
"14q","61520d77-813c-4faa-bb48-cd9632f6a080","3511cb3e-9375-4a89-85d6-4456373fe0b9"
"14q","3a9169bd-b535-451c-b270-edcf2f571f4e","68f63d38-cbe4-4540-975d-d5bcdcfa1e67"
"14q","6c95c58c-bccc-4e8e-8676-43da97b658cb","7a648d76-25c4-4cdb-a4c8-e58e52d33212"
"14q","70c4849f-a51f-4677-bd66-c6222bd8edce","9551c84b-3c39-4076-b541-af3e8782286e"
"14q","7a1970a8-5617-481b-8644-02718491f134","c3279c46-a010-444e-95d5-c2e2fe292d73"
"14q","8751fe47-ada9-41d5-b8a4-475411b311e7","feb3a7d7-afed-4d2a-81e3-918dd3fd3aaa"
"14q","8e08690c-802f-449b-9c40-d92fe74235ec","f8930c31-12b8-4fe0-9482-30b5723c1bc6"
"14q","b6a0d142-7a4e-4889-8c20-f505c58f0366","68e2e560-7d15-44e0-b790-187b616b3ca3"
"14q","ad01a4ba-bb2e-48e8-aa8d-7ff5cf1cd40a","317b29ec-280b-42e7-9653-e77d75e4855d"
"14q","a053a3b2-be13-4781-921d-0ccebc55f801","df85e73a-156e-4699-8f65-7eae86f6be49"
"14q","d84aac7c-99c9-4f4d-935a-81406a0e3a7f","840846f6-6378-44b1-882b-c4e7113ec625"
"14q","de5a5e49-d1c4-4947-87d9-ad1ad9ff93a3","f6f9bf87-1343-4a19-afd0-a0e788c2485e"
"14q","e22b3fb4-834f-484f-a4a0-9aefce23498d","7c35bcd5-46e5-4581-a552-2e44ef809175"
"14q","d5916574-ff3c-4eee-b919-bb82e4f0f6f4","4961b915-8db2-47e9-b326-0807df595888"
"14q","e437553c-e702-4a6a-905a-afceedb66efb","6d8d7053-d630-4d1a-8cd3-14036136c2eb"
"14q","f484d28c-8909-4835-8c27-24f5b3624068","1eacf015-1caa-41fc-a1da-8250c2fa234b"
"14q3","2ab22601-24d3-4e02-a302-3fd4db37e4a6","23f5b485-72fe-467f-bf07-7939414b7cf0"
"14q3","1515d956-19a3-4d7f-8179-e583f285eab9","9aef4cac-f252-4aec-a39b-3cf439ba1e39"
"14q3","41651233-0198-4c54-b826-fab939200548","b1729804-7f46-49bd-b8b6-1108bbed5543"
"14q3","da59dbda-5988-4372-ab09-83737a712310","795a2343-a3c5-4381-8711-eb13bb8f763f"
"14tp","47644822-1b38-42f8-a9aa-7a6bc6cdfcf6","0b16e05c-4e6e-4b4a-b75c-02e3047c2420"
"14tp","3cc4852a-f8cf-4f8f-8a70-93c6e4201ddf","236d4ced-5a86-4320-9f88-64429ce8615b"
"14tp","987f5a28-f5a4-48de-955e-be8682a7d7aa","7da9a37b-a02b-456c-b6e9-3edaebbcd94a"
"14tp","d04f295e-c8f3-41de-b242-120b0cd48957","8feedb94-a487-4dae-93bd-df89c8a75c61"
"14u7","cb077c4a-82cf-4c65-9841-25958e7b236b","6b756730-4acc-403f-b1ad-f2067f74c588"
"14tp","b644d34b-7c83-4d4e-ac23-13824be86524","bacebe7a-e7f9-41c7-ad67-7a3700c93adf"
"14uc","e22b3fb4-834f-484f-a4a0-9aefce23498d","7c35bcd5-46e5-4581-a552-2e44ef809175"
"14uc","b6a0d142-7a4e-4889-8c20-f505c58f0366","68e2e560-7d15-44e0-b790-187b616b3ca3"
"1512","377be4d7-e51b-4890-a69f-d6d8d0fd531b","3c7c1b84-af46-4037-aa7a-d868d12afcd7"
"1512","250abbed-6c86-471b-afe9-b413b53d722a","ac6ff4df-f5e1-40bf-a0db-60f2bcec48d4"
"1512","7585e9de-5828-4da1-9c72-d3ad7f7472e3","d1a25413-ecbe-4ab3-a54c-e6c63b787d63"
"1512","eb4da0f6-925e-4d5b-9162-694dab060211","36509b3d-2e9c-40f1-bf0a-b8d26708a26b"
"1513","cb46b091-31b9-4db4-abad-deb9fbba32d2","1ff0dffa-b2db-4608-9c07-76123871169a"
"1513","9666a842-033e-4f50-907e-db2e9fe6df07","86c32062-f591-4881-839a-0205d269f751"
"1516","0e9f1c46-21d2-44fb-ae0f-60787cb0b426","67225841-6aba-4e3e-8302-d160dd43fca5"
"1516","59ec15b0-a2f8-45f6-822e-955bfb16aa67","271d5f9e-79cc-48cf-b67c-e8892c698bc9"
"1516","90a0a44f-011e-4821-a8f2-01767cffad1f","bcc4b6d6-2d3d-4a6c-ad2b-32ebe80e5a17"
"1516","bb370bdc-d26e-43ef-aea6-89b9e9545460","3afdeb0a-b964-40b1-9b98-a19424de5532"
"1517","0961a691-6890-43bf-8b87-bae3d7443313","ebc6135e-5b2f-4ae5-aab8-53a5667f4b4a"
"151c","55beeded-0dd4-4e16-b1b7-91441c300535","9222a951-3b92-4f4d-a899-45e16c4c7dc3"
"151a","1b5bf8ec-2abb-4172-9f4b-2ca69ea44ca1","2c2a7243-3351-4868-bfbb-6d92f8b54ffd"
"151c","cd9e9e8e-913b-43ed-bb84-ff297e76a7e2","86793223-f85a-4581-b91c-37b8514227ab"
"1517","abe15dd6-86ca-4bac-94c1-3de08a08e11a","c911c268-0baf-4f45-a9c0-57166f269d67"
"151c","ef488d12-3e19-4c34-916a-bc060381ec3b","e81932e6-2d02-49ca-939a-67ca3780df7b"
"151c","ffffdf1d-645c-44c7-861b-c522b98e4513","56d40a00-46fc-4681-81b0-b092d7d30cfb"
"152j","277250de-7217-46ef-8477-3fefc0aede73","ba7d35fe-f7e3-4b9f-b836-86dcb27ea74b"
"154t","4d82be75-368f-4b47-a628-54f53f352567","96cb3afa-e899-4cb3-9487-b3219dd99661"
"154s","dcfaf740-5092-4dc7-aacf-4ab933566b5d","c3d3f864-4a97-42c6-b104-48a00341853d"
"154s","4f8055f4-8aef-4073-90e9-f4bd574dce90","381ba102-2264-405e-b656-8e2755b7d418"
"154s","b8677f0e-8fb9-4998-9036-060da8f8f86c","ae126b6e-6e1b-45fa-8c0f-b5091dc07490"
"154s","e8a24481-0260-49cf-9c77-2195bc00c9a7","0dc416e8-4975-40cc-af91-bc6ac75f0cc7"
"154t","e9376c43-a937-43e5-86b6-51a47330f7c0","d55d4da4-1177-4185-bc82-8cdea63f73c8"
"156u","95ff0675-93d3-42c2-b2d5-0a53555c9e6a","09c5a317-8ba1-4151-8596-7ecd4b6e977b"
"154t","a324dcb0-8810-442a-b5a4-c88bcd39f0ac","24ca1475-31bf-4a68-8eda-cf3e608a41c5"
"156u","8bb0bc60-af80-443d-8de1-3dffaf417986","043c1821-9345-4f5f-b7d1-c5adf2442027"
"154t","dc9b0f9f-6a96-4eac-b54d-9fc1f9d68ec6","adeaf24c-d491-401e-9b76-06255aaf9a29"
"156u","6d9ed66e-cfef-4d13-ac82-754f6e326e5a","04618e8f-6a37-4654-9634-fd2352dfd1cf"
"156u","35bd5d2d-b3c5-4546-a98f-9287b41176bd","6711356e-dec8-45ef-b2ab-f6859f379d67"
"1583","7d07e4bb-a6a2-481a-bffd-e9bd877b07fa","fbbb87ec-0c2c-4df3-b6ef-9d58ef6c8460"
"1583","cb077c4a-82cf-4c65-9841-25958e7b236b","5a7ede1a-ea86-4c04-945a-f4be8e3886aa"
"1583","a76a2553-37bf-4311-b161-7643e22bb4e2","b4bfe514-73cd-48b9-8ec4-8067023538be"
"156u","1801c29d-a49e-4f61-8b82-9ac19fa620f6","0b0f558d-aa36-4e2a-9f53-dfddb08e3f0f"
"1584","7d07e4bb-a6a2-481a-bffd-e9bd877b07fa","a917f341-7c05-4f76-9cdf-5eefec18607c"
"1584","a76a2553-37bf-4311-b161-7643e22bb4e2","56bd076a-4773-4b21-a0ed-98ee29de64e6"
"1585","a76a2553-37bf-4311-b161-7643e22bb4e2","a912313f-57b5-4082-b9ff-562e74486ac5"
"1585","7d07e4bb-a6a2-481a-bffd-e9bd877b07fa","066e276c-8b5c-430a-9260-93554e2fc4d7"
"1584","cb077c4a-82cf-4c65-9841-25958e7b236b","b8a3c5eb-de26-4eea-816e-b705152a93ea"
"1586","7d07e4bb-a6a2-481a-bffd-e9bd877b07fa","b04d5268-c2cb-4a1d-9ca7-9718c9d4feab"
"1586","a76a2553-37bf-4311-b161-7643e22bb4e2","2920695c-8f72-4c96-8b14-b2f014735031"
"1586","cb077c4a-82cf-4c65-9841-25958e7b236b","5b64ec0d-7f23-4343-bf32-bb8a3b1d256e"
"1587","7d07e4bb-a6a2-481a-bffd-e9bd877b07fa","1183b901-7206-45e6-b63a-fc25c6d42553"
"1587","cb077c4a-82cf-4c65-9841-25958e7b236b","8e7a900d-d67e-4f82-9659-c626c7cd4f68"
"1588","a76a2553-37bf-4311-b161-7643e22bb4e2","59288030-d13a-42f1-91f7-dc29bd9f4021"
"1589","7d07e4bb-a6a2-481a-bffd-e9bd877b07fa","c6ce7674-a0c1-4299-891b-200d10fb3ae9"
"1588","cb077c4a-82cf-4c65-9841-25958e7b236b","d9c13b8c-143d-4f08-9da0-ed789e7b9bf3"
"1585","cb077c4a-82cf-4c65-9841-25958e7b236b","f5e633be-209a-43e9-94aa-dcd300030c37"
"1588","7d07e4bb-a6a2-481a-bffd-e9bd877b07fa","b55ac284-1366-4730-aee0-48d758e30c88"
"1589","a76a2553-37bf-4311-b161-7643e22bb4e2","195c103f-18d7-4739-be8a-8dcdece835e9"
"1587","a76a2553-37bf-4311-b161-7643e22bb4e2","976994d4-171e-41bf-8f92-742e1698334a"
"158a","a76a2553-37bf-4311-b161-7643e22bb4e2","e675ef73-997b-4b38-93a0-24c8ba57f4d5"
"1589","cb077c4a-82cf-4c65-9841-25958e7b236b","58ed3d0c-1610-4f23-a7e7-6ba1cff2d4cc"
"158a","cb077c4a-82cf-4c65-9841-25958e7b236b","06f97319-2a5d-44cb-b658-38ee6ef4b113"
"158b","7d07e4bb-a6a2-481a-bffd-e9bd877b07fa","3140a269-431d-405d-bd61-a7cba05d56d6"
"158b","a76a2553-37bf-4311-b161-7643e22bb4e2","dd12926c-be21-47f9-99f7-b5fbaccb40a9"
"158b","cb077c4a-82cf-4c65-9841-25958e7b236b","d600762a-1745-4cbf-b47e-ac2bf25c0059"
"158c","a76a2553-37bf-4311-b161-7643e22bb4e2","2e07eb51-fa4b-404c-8e2b-9dfa3431e519"
"158a","7d07e4bb-a6a2-481a-bffd-e9bd877b07fa","06b1e6c0-3c16-4eab-9841-6a3a676b7d8e"
"158c","7d07e4bb-a6a2-481a-bffd-e9bd877b07fa","8559b7a8-dc64-4bca-9c79-81c15600893a"
"15e4","dadc25be-01a5-4f0b-9fd8-96adaa93d9d6","65fe7e24-adb1-4615-82a1-c42845638a91"
"158c","cb077c4a-82cf-4c65-9841-25958e7b236b","41fb1a40-fc7e-4f0b-8164-ddd2e36e70b5"
"15i6","d67eff88-1a38-436b-93ed-159916c45a7e","080a5c53-92e4-4ed2-9700-ca410f4d8760"
"15ic","2e3faf3e-fdc7-4869-b465-8efa73c09efb","f9dcd7e7-c580-4ef5-8995-3dfe6fa534a1"
"15hv","c6891b57-7a95-42b6-a624-c01748faf02a","7ed55ddc-07e9-4aa4-b74c-836c9bcb83a1"
"15s9","ce8825ac-c624-4777-a0b5-69bc6d1cb029","9247996a-de76-46a4-8d81-e6eb58fb52a0"
"15o6","fa09ddf4-8714-4ab8-93fd-17ca54bc873a","e1d3e67e-0a1e-469f-88e5-f68513d1209c"
"15sl","4f7276c0-93ff-4850-8efc-9ed1fc77c300","cdc42b24-dcd3-4edc-b0c1-ec0bf546a989"
"15sl","1b7c9bcf-394f-4c9e-89d2-72f943eee8af","f3bdb0c8-fd3f-4b8d-8276-fc3ccba150a2"
"15sl","3fc143c6-e96f-436a-b49e-c7319f0ca1dd","ca441ce9-6749-4d31-ac6e-d0bfdbe927d1"
"15sl","9709a9f9-b964-4521-8e83-7abe128953aa","e615d5b9-21fc-4aa5-a91f-bbaa03474a79"
"15sl","b3abdb8c-4bcb-41af-8083-8345c4833ded","863d6611-0aa1-4027-a11e-c76f76e95f07"
"15vi","6f3221a3-f157-404f-bae7-cc91108688f8","6ae22609-10a3-4427-9ad5-44be9b8c6da5"
"15sl","7bf3a935-d450-4259-8f4e-fd10673fd165","b7f1bbe9-0458-463c-899d-ea52282202c3"
"15vi","9e488c55-e9ea-40e1-8376-4d645feff9f4","27e58bc9-6646-4993-b9f3-3dfb5e6d9f34"
"15vi","06d2d1b5-a91c-42f7-9595-adf8cb97311a","445edfcc-58e4-467c-86c9-5f6181c21228"
"15ze","02e64529-059e-45ef-9a0d-8efa6587ea91","8ad725bb-b051-439a-9bca-811c23b831ba"
"15vi","c685413d-bc4a-4163-a34f-7cef97d15197","23bc3f10-8f93-4074-9fc5-170632b3a9c3"
"15xs","aa98e83f-c73e-4c0d-8661-aec7756bd58e","b44af04d-28ca-4799-82ab-8f6e7eab5f11"
"15vi","e0a28689-ead2-4c80-b4ca-8348687d2599","05a24cd5-a1fb-4899-90af-32d072e58168"
"15ze","17a899e9-53b1-48b7-b373-3b7d03374b1d","36d37d5c-87cf-4098-9102-e8dce8cda22a"
"15ze","1f62bf2e-ed17-46fb-97f3-4707c31bf9b4","a8bf3e1b-2f89-467e-b988-f235dd6682ed"
"15ze","1cf3ebd3-3e1c-4e5b-a198-5fd2833524be","0a2bb394-676c-45f0-a6d1-9ec38771e097"
"15ze","210f36fe-b5cd-491a-a5dc-fc9d4f2067ca","cdb8c0e7-4c7e-4b6b-8e4c-4170829c56b3"
"15ze","1fd8d1d4-6077-4590-8b8c-bfd70fc77036","805a9312-c267-4289-aed7-95ff7d6a2b14"
"15ze","2d4fe217-62cd-4511-bb1f-d92dc9633e6b","f3c80211-25ef-4653-928e-d6db4f44c4b3"
"15ze","2fd816dd-254b-4ba3-9b4b-9a759441575e","c149958e-0d6e-4a86-8807-14fdec96ede0"
"15ze","30c6db07-d834-4861-87c6-3337bc1d4f5f","8dd4e1c0-a52b-4dac-ab58-ac6418f48e30"
"15ze","3a050dcc-d510-4ba8-aab6-60ae6af941fc","dd30e57d-4fa7-47b7-8947-fbb364b0f53a"
"15ze","35d25456-2210-4e31-892a-671eb01f0ffb","78156516-866a-4c67-b7e0-fdf696b179f7"
"15ze","34b6e30f-3652-4040-bb65-149c6586c603","1d9ab14d-2f05-4a8d-aef1-99f0202e5ebf"
"15ze","45c37fce-1977-4dcd-82e1-3a39211b0cb0","8bc19af6-938e-4ff7-ab58-fa68e3f45952"
"15ze","561fc9df-ba5f-46a7-ba95-66a26a5661a7","c8c30b0b-743c-495f-95f1-89ea0444de93"
"15ze","4e626fb4-f84a-42d8-bfba-2a1066e5d1db","4880d396-4615-418e-ab72-cd1e9352412c"
"15ze","574e27ac-a1fe-414e-8b5b-ca6beafdb81d","38a5385f-a0d3-47a4-b34a-6f77f27971e2"
"15ze","717852b5-04fd-4351-88a1-e99f7bf351ff","e12d6032-3513-4e7e-b7c5-2b896f924a6a"
"15ze","76a3ecac-ab31-43e0-a85f-3118c4285409","6a5f8b12-8950-4c6d-ba56-f0eebd2a9759"
"15ze","7aed67c9-9e01-4a50-8830-980f29296252","c3ce2ccf-504e-4b4c-aac2-1217dbdcc2e4"
"15ze","7e94808b-f833-4017-9eeb-754ac59f891e","752023f6-d526-46e4-9bb8-16c398af2867"
"15ze","96860972-cc93-412e-8565-a9ea149e9293","f78e1e20-9f95-4e1a-8dcb-5fd346c1af07"
"15ze","89908cbd-7300-4842-8f68-89f2ec2e928d","0da771f3-2ead-438d-ba1f-364a7341ef08"
"15ze","86671a4d-8401-4788-ac36-87a682f0033c","c8801b84-18e0-4e56-ae06-7fd41fbcdb24"
"15ze","987f5a28-f5a4-48de-955e-be8682a7d7aa","14209532-b9b1-4ce8-8519-6c0c96f91780"
"15ze","ac42677c-a338-4f2a-820b-cc3bcf20045a","7a040a7b-b6cb-465e-b322-a39f58d57ab3"
"15ze","a76a2553-37bf-4311-b161-7643e22bb4e2","6462077d-834a-4c61-b25e-3803f969bcea"
"15ze","bce6e017-27e9-4154-8c6d-e47185784bae","6c5fdb40-6d62-40f8-9734-aad19454788c"
"15ze","b5c01f84-c9ce-44d9-be4e-32e5321ac8bb","78985dac-ed17-4c1d-80d9-5a02daf3c851"
"15ze","b6a0d142-7a4e-4889-8c20-f505c58f0366","8975a6d8-6187-4a21-a26f-647d2864c10a"
"15ze","bffb4e91-b6d7-4621-9496-0d13e7cdfab6","7415ccb7-f076-4177-96b6-b89d42314016"
"15ze","d24ae3e0-2168-4ea1-a6b7-a6716397d998","47871465-f388-4cc2-80c6-8cfa87458810"
"15ze","d2cb7358-4210-42b9-8f2e-0ae857053a43","b4faad8b-a4da-48b0-ae0b-ebb3420d39a2"
"15ze","d3f9d6ad-7e98-457a-8cf8-75b6ae7a2e96","0667d477-5452-4841-b2dc-e827d0d6d31e"
"15ze","d5706583-5f05-4acf-924f-75ab91282a76","80c637bc-728f-4daa-bdcf-9c43459c57d9"
"15ze","d9b5cc81-c0c1-4b56-a51d-f687557c46dc","09205efe-4f2b-474d-93b9-e1d64f8a4fde"
"15ze","e2934f7b-ba19-4bd1-970b-225cc2d93226","197f6a94-d75c-436c-a809-248266a5545a"
"15ze","ecd93368-11d3-4ade-8ad4-145a46732410","b9bd8cd4-d0f1-42aa-97c1-c07e626658b2"
"15ze","f4885d1c-c0cb-4d25-a222-0d6ba2f9ccc0","a26fb086-0ea6-441f-b139-05cf37745e58"
"165f","5344cbb3-8445-4238-a66b-928c42f52d5a","51eb2c35-4283-4bb1-96ea-6d15a9140d39"
"165f","ac0db6f6-2dac-42cd-9f5f-b0d7abe618d6","a3d1453c-b51e-49b6-b03e-633376436d9a"
"165f","c1161609-2354-4d3e-86d7-c22fd2475e64","8ff687af-a2e7-4c48-ad97-9e0ddec57035"
"1666","025d08a2-b1b2-49a4-9353-40a5060014c3","31e34897-63d6-4b75-9121-86d84d3cdbdb"
"165f","f45d29df-1ab6-4ff5-8a90-dd1366885436","53a22029-7bcd-4bde-9965-5adea2208d97"
"1666","0b97a0e2-bd88-4dac-b091-235161cb5974","101768cf-3355-4f1b-a0da-b898d97048b5"
"1666","189f2aa2-c8f1-482e-9db1-b562cee61c26","3924687e-2ddd-429c-b8e1-b4eaaa87f4e0"
"1666","1192f6b5-c7aa-4b1f-83b2-05d75bef6797","066fae19-d9f9-4835-a862-3022325bb96b"
"1666","1f887e12-c0b6-42d1-875e-2c732c9e2f92","f3caea5c-3a48-49bc-ade5-f0c47d5b05b5"
"1666","2675861e-3f80-418a-a44c-54a6e0b6a693","3e44a44a-3a7f-4431-8840-ea484f39aab7"
"1666","30ace81c-5828-46e8-8e41-d84fd4438573","6868080b-8ee7-4e49-93f6-e6b8a84c0ddf"
"1666","36d75b33-930f-40a5-8e0e-392223604077","3bed6764-939b-4c95-ac60-dd75e03aaa46"
"1666","376dee30-665d-421a-ba4d-3b303cfe59cf","eaacc9b1-f818-4830-9e09-499e03156fd0"
"1666","44378a4f-8a71-4de1-9504-a02c4f15bc2f","d7567526-9a7f-468b-9a61-15570d1122cb"
"1666","54b858e3-99b3-4d68-888f-e20aabd5bc19","f2a41dbf-fa85-4a07-86f4-9366824c5f2e"
"1666","59d32662-84a9-4b13-a8bf-b9233774828a","768b1728-2058-41dc-9dde-993cc76b8ef5"
"1666","6c0ebf06-1f0b-4603-8447-7b621e775a0a","c1527ed7-695f-4935-abfe-849987a60532"
"1666","6d9f9d1e-197a-4a1e-9c84-70406dc295fd","7d46c154-38cb-4228-af62-df0fb4593978"
"1666","8664831f-28b6-423a-b68b-2e47c816145e","47d8555c-1dfe-4084-83c2-b43cd19efe6a"
"1666","afe977d9-29c7-4cb9-a378-bfc851c66c08","44214a79-e4ee-4fb6-a54d-92dec918398f"
"1666","a76a2553-37bf-4311-b161-7643e22bb4e2","51110b46-a7b6-425a-a1bb-e0f2475adf44"
"1666","b7240977-a062-433a-bef1-c209ade689e2","4639a511-7c61-4839-bd02-4e834846479b"
"1666","c320cfb7-12ad-4734-aa81-5d36138c16b3","16007c13-b67a-45b3-9f74-d1b8874c8720"
"1666","d65a17db-14fc-4331-afe4-2996d24da8d3","9823bdd0-f876-488b-9ac9-cd1482fd669e"
"1666","d00387ce-8ce9-412c-88f8-5640b295864f","bd83a1d6-bdb0-4996-97c6-b81184cf253a"
"1666","de7fba27-eb25-4ea2-a8f1-22451a57666f","3a153b81-88bc-458d-b8c1-24964edf4d1e"
"1666","efdb09dc-83a4-42bc-9163-560f7529e85b","294f50ba-9f31-4f0b-8204-a0c3b88c031a"
"1666","e22467f0-562e-4def-87d6-43cd33f98d3a","1af68dc8-1f5b-402b-9717-9510c6d4542f"
"1666","f924ca0e-d3a4-43ff-8abe-f58e175d68e3","9cf6e670-921e-42cd-a336-549e22a8fa05"
"1666","fa1f0f96-557e-4b63-ab3c-2e5a3246d864","69426260-7ccc-4d45-89f6-8cc6726f1555"
"166l","a76a2553-37bf-4311-b161-7643e22bb4e2","8744d965-0b20-4a22-8c1c-ee4ef98fc8cd"
"169","538018f6-0ab2-4026-8d93-14d8e545bafc","f8b0661e-556f-4c20-85a1-5d88fc27bbf7"
"16fk","ad7077c3-30e1-4d5c-9da8-8f5c0ebb9fb5","854fd3a8-0fbb-4af3-b0d3-1aaa40410b2b"
"16cy","25dba372-5435-417d-ad8a-a62353f065fd","c2f0b992-9bd4-4b1e-be35-4b47f1e30a05"
"16io","74a3d6d4-03b6-4a4f-8960-6f78f2c301cc","4ec080de-beba-4080-9c14-14634bf14a5a"
"16io","2ed0969c-1e5d-4a10-98d5-ede9ecf0b3a0","87911ccc-185f-4535-be0b-48b19fa3132f"
"16io","8bc46df9-2721-44b1-b709-59ab4c5b6d4d","fb7857ed-55f3-42ea-b612-28d85e0f4c44"
"16o7","18d4ae8e-ea2d-44d3-a986-45cf127837c4","a5f4f078-61bf-44b6-bb27-34c4cce4f0a0"
"16o7","2f543699-a9d4-4aa1-b662-e226f3d6b5ae","68e575f5-3deb-4eb5-b126-c2a55f3c236f"
"16o7","a87565da-14aa-4de9-a465-1ee95813c794","9c6ff8f1-42a7-43c3-a83e-26ffc3a19a9d"
"16o7","90a393fa-29e0-46af-81ec-1ef19f7adfd2","ee4bf05c-d0e4-4ad5-b41e-8c090191ee5c"
"16p8","117105ab-8067-4316-842a-1c1c8f9e0e75","79426efc-9b01-4494-a8d1-ee9245190e87"
"16p8","8bc7d13e-9e59-43ba-b502-02aee177abe6","b6d1a921-c371-44ef-ac12-521d9bfba9b2"
"16p8","a76a2553-37bf-4311-b161-7643e22bb4e2","07a8b00a-c486-490d-97a9-7b44ffa42045"
"16p8","b3e94e97-82cc-4a16-9af2-ff028f02ff12","3d0eed82-50c2-48bf-9747-4136220ff999"
"16qg","9989693c-2a06-456b-a422-7d4648ce4f4b","c2a6eb02-afff-4a74-8dde-b90ebf27e21e"
"16qg","8f7bb84d-64fd-43e5-bcc9-5190f7ce7410","41ad4539-c68b-45ab-a3b2-65ff42ca1b5d"
"16uy","7d6a56ee-e251-44bb-ad62-cd42b2fec05c","03171761-ac2f-49d8-bd36-2872ba1ecfcd"
"16uy","ad7077c3-30e1-4d5c-9da8-8f5c0ebb9fb5","9c550b8b-e704-407e-8071-f27f0779d8eb"
"16uy","c320cfb7-12ad-4734-aa81-5d36138c16b3","07b7b366-47d9-485d-9a74-488d3aeb87ef"
"16vw","2685b8ef-cef0-4b6c-81c0-44eb3210dc53","4d6f2bd8-382e-4e53-a17c-40ca505b8209"
"174","23814c98-faae-4471-9307-d994ca541ba5","2009321f-0e58-4666-80c9-d1886c36c536"
"16zy","b3927547-917e-48da-9111-444826ec51f1","d21c7c2c-b2cd-4c7a-9d98-8b92920bcc46"
"174","269b80cc-ba0f-484b-8ee8-6ae5f257e794","8a47a93e-e62c-435f-acae-04310aae4a08"
"174","37d2ffb9-0e08-4235-a6d6-514afb5619e2","00ef255b-64e9-4584-b7b8-587240da241f"
"174","70952753-6606-4fd6-afc1-86f5ffcc6367","49341066-dd0e-40eb-8887-93cb8f306df3"
"174","fd01fdc7-c967-4f49-b67f-598cf021fabd","5da5d67f-9353-4505-ac56-f4c23c0b419c"
"176s","9821b76e-cb51-415c-9eeb-2a147408e54d","ff03e630-0b7b-438b-91f1-d9951d438120"
"176s","e22add0d-75c0-4b84-b60c-e376aa1a724b","b2038a09-90b5-463a-a33f-6c4dffba937a"
"176s","e5bd0253-45fa-4733-a774-e1b3d504468b","dca87f5b-5355-4efe-a7fe-c9cf30564a16"
"177k","80d80d27-631d-4ada-8538-43595e9da17c","24ce2ad9-a156-4a27-8fbd-187914440446"
"176s","f8e90cbd-ed14-461d-912f-eb75dc331e81","cd65507a-3c6d-44ec-b4c4-550d60bc8ea3"
"177k","1de8fec6-e9dc-443c-9e3f-370f7e6f1314","0475246a-8ff6-4973-90cc-011c724c509a"
"178t","11d2502e-d777-465a-bb2d-57952fed7d67","d0fcc3ae-0acd-4f85-9b3b-32107930b2d3"
"178t","1f9713bb-32ac-4725-bf82-273a059c4ba4","8716d9c0-29d6-47f5-a0b9-33a648e614eb"
"178t","1c967377-96ff-4f0b-bbe7-310b23e6731d","d6ac19ca-215e-4475-88c1-fb4c7eef0ea3"
"178t","20b5816a-8aac-48ae-907b-67646f25047e","e67d2fef-0d91-4b17-9267-1bd528aa79b9"
"178t","381c5613-caf7-4015-af8e-2223bb589dd5","a8ed8a45-7e2c-44cb-aba4-4c251bc6281d"
"178t","570adb9d-b59f-481c-b1a1-0e6b969b20d0","afd83d46-82d6-4e7d-b781-575567cf7733"
"178t","5f40eeee-cf1d-476b-89d9-5e4ebdb56d4b","6e09288e-ec7d-43cd-9297-827799bb0c84"
"178t","66a97e5e-7138-4155-8158-a2848db6793c","948a0192-1e1f-4720-ae06-02ebbff7f16b"
"178t","6ea7e1b7-bee9-4fef-b159-a7e839065c7a","8daf7d53-8db2-4b8b-8ae0-19d6635c6073"
"178t","66c316c2-ba5f-4a11-a589-5fd654a73c94","d8d0384c-05f9-4f21-b4ce-1e79799cb8dd"
"178t","809822dc-5a47-477b-b43d-b67fc77b17e2","ab7ccf66-c8bd-4333-96a4-8494741263e7"
"178t","80ce5fda-4d4d-47d2-ace9-d069b79a9519","b27b2926-851c-4eca-8088-45a7d4c85ce7"
"178t","97eab645-6f90-46ab-b34b-77fdc05ea757","ede951fb-5c11-4d0c-a896-ee887764dfbb"
"178t","aac8539f-9d1e-4735-af79-90bbf8db4675","79ab45ec-44f2-4751-ac2e-6936de19d2d5"
"178t","b03c4f79-0b5d-4920-9670-b8a814b9528a","5fc3f405-c444-4086-9414-40f4ad9aa91b"
"178t","ac2eaec4-b646-4d45-b4e1-d749897e0248","69013383-9255-4a09-b40f-c56380bbfa98"
"178t","add73b47-6ec4-4079-a292-6d5c39f2e6c4","dfe99e61-5dd0-47da-beaa-9ff1f1e38be1"
"178t","c3246a70-c963-4e56-baf3-85c32ea3c69c","0b54de73-1718-43fb-96f3-1bb87ba39194"
"178t","e3ce8963-9d82-4d1f-9956-76ca434129f6","64598127-9b6a-425f-814e-ed59a7fcc6a4"
"17e6","746bf1bc-1736-4c3b-b910-f0e53359f06c","b1f4503e-b8fc-4016-ab54-d62429baa3d6"
"17e6","1da3e26a-3d73-4cd0-ba47-f3f8ab0d8cc1","587fc434-2681-4b6b-8936-7519478718f2"
"17e6","83574a7b-3ac3-4bd1-beab-8b30ca0b62da","dfd72cc7-5bbd-40aa-a965-855ba4c9b585"
"17e6","b5e95345-ba7e-4e07-a07d-8684ccd77d6e","646eb48e-9641-4e33-9b4a-80c173bb91f2"
"17e6","a76a2553-37bf-4311-b161-7643e22bb4e2","3ec54ce8-d21c-40dc-a6a3-3d62ac29535c"
"17g3","249ab15a-38dc-4b86-9413-7c2f98494710","de61664a-e9c2-4ef2-885f-f5ece8e1f235"
"17e6","c53da2ce-0685-438c-a270-7d896c91da63","c9170b3a-a751-4806-858d-265cdcb55b21"
"17g3","a1d217f5-fc00-40fc-bd53-8a96544fc5f3","115e69e1-2ecf-4342-b4c3-87f270386f2b"
"17e6","d5fb2213-51ba-455c-92a6-7b2df98542ad","90547747-4762-4f68-9bd5-2aa54eea72e1"
"17it","d24ae3e0-2168-4ea1-a6b7-a6716397d998","c3786e7e-9e78-412c-830c-b49c94c0863a"
"17p4","005653d4-9907-4f25-8dd0-22dfe4ab28d3","ea74d42d-4456-4f3c-b3fb-5c6f8070e64a"
"17it","d5706583-5f05-4acf-924f-75ab91282a76","d7b51ef8-25c3-4a27-9379-1ea91f228b6b"
"17p4","2b7322e8-9359-4f93-b571-073ca8cb4aa4","ab35f6bd-300b-49e3-a4a1-e68149cd306e"
"17p4","3c5d38c2-d1d5-46de-baa6-19eb93f37bf8","b4410c59-6a3e-4ae9-aa82-c6a8acf6d7c1"
"17p4","3e76211d-eaf1-4265-b85c-78552ba7e691","649c0b70-ccec-4fa2-b15d-d68c47055c01"
"17p4","4b725e33-c4bf-4aee-9322-8a7955562dd0","2181b527-c7c9-4120-8a08-7c537bae4705"
"17p4","64262555-f415-44ae-9ca8-2e922a49ddf1","e7a1c61b-b1bf-4b9d-912d-d3580359fa21"
"17p4","7a9effb2-8855-45bd-9ef5-47c9eaa21fc1","b14cd7c5-10e2-43d5-b1db-68848df942bc"
"17p4","a76a2553-37bf-4311-b161-7643e22bb4e2","b74d6e6a-2359-4e91-a2eb-155c8a5e0d96"
"17p4","9e2eef40-25cf-44b9-b721-e60f27073454","c037e8f4-835e-4ddf-bed7-0450bd15c9e6"
"17p4","ac42677c-a338-4f2a-820b-cc3bcf20045a","7a040a7b-b6cb-465e-b322-a39f58d57ab3"
"17p4","b6a0d142-7a4e-4889-8c20-f505c58f0366","8975a6d8-6187-4a21-a26f-647d2864c10a"
"17p4","a8e6b0ed-e4e8-4a00-890b-38947b905746","6a2b2d5e-fabc-483e-886b-155a8800f896"
"17p4","c320cfb7-12ad-4734-aa81-5d36138c16b3","07b7b366-47d9-485d-9a74-488d3aeb87ef"
"17p4","ca143cfa-bbca-4698-bfe0-21fbc3964d25","dbe9cff0-761a-4b9e-b457-898882048059"
"17p4","c212e6f1-66a1-4082-acb7-a3d90f6f3314","a954793b-4dd4-4ab6-88df-a0f9d00493eb"
"17p4","cafefde0-c572-436d-aae9-17986e64404e","f08b634a-e4cf-470a-80b9-b8cccdbd3556"
"17p4","e22b3fb4-834f-484f-a4a0-9aefce23498d","576ceb39-d3b2-4b3d-b04f-2e1bc0928023"
"17p4","d323f7e2-77b2-5193-bdc8-b4e91f3425e5","b76d3c59-1f7c-57d2-a656-5f1fb822ef31"
"17p4","ef6e8823-38b9-47ae-ad66-3c648d2ea5f5","339a2f31-903d-4fb2-a609-6ecf86d47b2c"
"17p4","eb2615b7-6838-4c9b-939e-e6ebc42dd866","a7df4447-86b5-4525-820d-fc413b64bd65"
"17po","13cc7403-9633-4132-9a67-05455cb52946","59d20664-bccb-4d02-8a48-b6083de7f5f8"
"17pu","845897f3-2247-4d40-8a3e-f46c6a11e1ee","3c28537c-ee3b-43c8-96ab-519c67d1a060"
"17po","04950b45-e6e0-47ef-bcfc-d5d76356fa65","7087a916-16b4-4735-a074-514c17dbd17e"
"17qz","818d4c67-c2c5-403e-ae4a-b0b8eb4738b8","de2bfcea-64d2-4972-8a1d-1f273413d4e5"
"17qz","818d4c67-c2c5-403e-ae4a-b0b8eb4738b9","de2bfcea-64d2-4972-8a1d-1f273413d4ed"
"17rf","1e6b3307-1828-4a60-aad1-9d888dbfc609","9b9e4c1e-1290-4ec6-a8c1-54c61c1b21fa"
"17rk","b6a0d142-7a4e-4889-8c20-f505c58f0366","68e2e560-7d15-44e0-b790-187b616b3ca3"
"17st","dadc25be-01a5-4f0b-9fd8-96adaa93d9d6","e697dbe9-0d9e-4bd3-b908-ceb6b5fa9d1a"
"1805","c320cfb7-12ad-4734-aa81-5d36138c16b3","07b7b366-47d9-485d-9a74-488d3aeb87ef"
"181h","40ee0bbf-9d13-4546-8566-538bd1b427c5","34e398be-6c55-49d8-82ca-4cf005117a1c"
"187","26f621ff-b22a-4874-a6ac-3460953720cb","0601b3b0-cc79-468d-9390-a3a3ac20e691"
"187","374099ec-0dd2-4e26-b41f-42287a679ac3","fc6b824f-37f0-4593-a6cc-a6d9612ca703"
"187","27df96d5-dbec-4282-8819-eca3deb1b4a9","4e8deb93-d1c6-4bb6-811d-9e15dab7f6df"
"187","355e3931-4674-467d-ab59-5208ec0ee651","e7a1c61b-b1bf-4b9d-912d-d3580359fa21"
"187","40e89471-553f-4d99-b0bc-b4ba98833bbd","a72cac53-322b-4381-8ddb-2a1ad52e9112"
"187","61395215-15d4-4ba4-b336-b24c2f3b7e46","4215deca-67e0-430b-ae0d-b1edce8258db"
"187","64262555-f415-44ae-9ca8-2e922a49ddf1","e7a1c61b-b1bf-4b9d-912d-d3580359fa21"
"187","6664395d-ae77-4310-b8dc-459d60fe6c3a","cccfb6ea-000b-4bbe-9477-638a97c46bbf"
"187","733b2df2-bf99-4564-b286-c8d9ba0562d7","c4b21124-67cf-4da4-bea0-33685012f70d"
"187","8269dccd-e966-497e-9265-edbfb1a18b79","04c6182b-d29b-411c-a426-78a45d24aeb2"
"187","90268639-72f1-46df-ad5c-ce45ee7fc705","dbe13a24-4a14-4f0e-926c-10471e54656c"
"187","94ce3476-cadb-46ae-9da4-dde6f2cd042f","ce7635b3-f3f2-4f5d-8cc4-c39ceccbcc85"
"187","a76a2553-37bf-4311-b161-7643e22bb4e2","306e413b-9e90-409a-8eee-8285ea1f640a"
"187","aef1644c-8f42-4e79-b3ca-a00cb969d3ea","f756e9ed-1348-4eb1-bf11-ca9c811959ef"
"187","b6a0d142-7a4e-4889-8c20-f505c58f0366","68e2e560-7d15-44e0-b790-187b616b3ca3"
"187","c320cfb7-12ad-4734-aa81-5d36138c16b3","c1de15a5-6bbd-4ee6-9eba-166ea13d328a"
"187","c4bebf02-94aa-4c2e-8cd5-1d1bb6b9ab2a","82283ac4-1d88-4dc7-bcf5-2ba0d5983da5"
"187","c2045969-46d2-49e2-a5a7-9d5ced5e1af4","81e42d9b-ed41-4b82-a516-a181c37087dd"
"187","d353cfb8-7e5c-4b64-a72f-d8535165ac60","a4a9cee5-772b-448e-9133-e0fc26ef6403"
"187","d505caf2-4669-4b32-8e0c-58d22d06a08c","aa9b2f6e-3383-4d64-b3e1-0a18914036d6"
"187","e5311020-9221-4692-b2a3-47fb4b821b26","5a9a11ff-da6a-4b6f-9791-ddac70088e1b"
"187","e453b623-a1ac-447c-9f15-d326f71ff088","52f6e8a5-49be-4f6f-9cb1-501354a01485"
"187","ebf7a958-58c5-402b-93a1-ea519eba4ad4","7a640539-c050-4d79-8a14-92066e470c39"
"187","eeac0410-21da-4d14-bc06-f1303fc2abca","ceadbfce-ac8d-42a9-89ef-bbfbde9bdb4a"
"18h8","4fb7d0e6-e422-457a-8626-b49219744bc1","bfcc5513-6fca-4234-83a5-9054d5321a36"
"18h8","8aeedf14-6f72-4cb7-b276-8f5513035be7","8e1c2174-8986-4f0f-b922-9622cc0cdddc"
"18h8","aa8ea99c-3f1e-4cc9-8960-115f1ede655f","5d7e2c6d-6cfd-43a7-9057-a6bbb5bf9641"
"18h8","ce828b5b-9442-4068-a8bd-8675f12d7271","91675c9d-83ff-4ecb-9132-a5e24115360f"
"18h8","9bbf89ab-5b78-41b8-94d2-7af3d87846e5","f278e8e2-496c-41a9-92ef-c39bd52195a6"
"18j2","4f86ad5f-3a61-46cd-88c8-9b9d381d92c4","b358106f-ede6-4bcc-8bad-acce24be2f3c"
"18j2","d164c9d0-a655-48c2-bcca-099a2cffa620","9987b48d-de9a-415d-8741-1bdacd9aac87"
"18j2","5ec27a71-b73e-43ac-a7b7-353ed3537161","54b4a19f-aee7-4812-ae54-6477af878506"
"18k","0fe1b78b-b0e0-4061-9ad8-bc43f1ed49c4","2e855856-0f65-49d3-a12d-9eb64f689418"
"18k","9bbf89ab-5b78-41b8-94d2-7af3d87846e5","db3fae19-9901-45e5-9a5b-92a15b6209f7"
"18qb","70be0843-3fc4-41de-a53f-00f4f274d4a7","05dbd9cf-4557-4fff-9d73-4913993a0389"
"18qb","a6ed98e2-6574-4cbd-ab0c-bb4037f30c53","e6cb821b-f63e-4720-84df-bfc48aeae447"
"18q9","25388abd-10c4-43a0-8c0f-a25df9fa02c5","5532fd66-e3e3-43d2-943a-d9f5e5272cc2"
"18ql","ad7077c3-30e1-4d5c-9da8-8f5c0ebb9fb5","be8f0077-9210-44c4-931b-823104698fa7"
"18qo","43d27e0c-5966-426a-99db-a4638029f63b","6081ba4b-cae2-4e8c-9b55-070a4b262d53"
"18qo","19f2b4c2-e26b-4a72-af00-c3d5499e843e","9b650931-3be7-4160-bb9b-1d1a0de0be91"
"18qo","8b0c4345-5995-4fc8-9e9a-13f50ed5f9f3","a2adb02c-ff77-4b51-9001-13ee02adafb4"
"18qo","aa8ea99c-3f1e-4cc9-8960-115f1ede655f","b9361a4e-8035-42f6-b322-f203e7fcfed0"
"18qo","aa8f03d4-c8d6-48d8-ab1e-ad44517b74e0","8c6b0595-7ba6-4d34-ba1e-38ee3478a37a"
"18qo","9bbf89ab-5b78-41b8-94d2-7af3d87846e5","7a1f96cf-6338-455b-897e-f69c8400be41"
"18qo","df910ad0-ea88-4f86-ae04-0c76556ed488","6b7b9061-d246-4362-8983-69e730e56ccb"
"18qo","b6a0d142-7a4e-4889-8c20-f505c58f0366","68e2e560-7d15-44e0-b790-187b616b3ca3"
"18t","35c01ee2-1c89-4c41-9224-ee1e793964a5","05898aa2-f530-43ba-8bcd-3805dcbd76ed"
"18t","a15db6d3-5a83-4eba-91ad-dde5cc4057d6","ce300d29-658f-4d91-8eaa-c9c181f0a6ac"
"18t","933dc1f9-ce6f-4011-959c-08166cb2acc5","7c39cad5-2967-4254-a7d2-d32eef2009bf"
"18t9","3dc5a3aa-d1ac-42f2-8127-2900cb19828b","adac6d79-8322-47ae-94ac-7e05566ae047"
"18t9","6f4ba844-66f9-4e05-b4ed-f9593af61f9e","2bad43d1-895c-4a90-878e-a1feef180e41"
"18t9","3bd9ca29-ca14-4067-91ba-37b83f3bcd25","a3c9d2a5-6845-4a01-849c-2588e37f9192"
"18t9","4df2c127-c56b-459d-b599-f334b8047053","6a7e250e-940b-4123-b1cd-fee4190014ac"
"18t9","84236f69-ba8a-4389-83ac-31b3356c0656","e4fb8e82-375e-454d-b7e7-dd6a952c6088"
"18t9","818d4c67-c2c5-403e-ae4a-b0b8eb4738b9","de2bfcea-64d2-4972-8a1d-1f273413d4ed"
"18t9","89e555c9-2edf-4e03-a76e-2f8b38f73f58","1771d020-56ee-484a-9521-e23753452cf3"
"18t9","aec3848c-67f9-4818-b8c8-3fb78b659f64","076acbb5-a690-418e-83ea-1a83def28e91"
"18t9","89e912ce-f758-4c8d-9c64-ed12a3993d61","7105fc9d-d43b-40f9-836f-3cd94a670251"
"18t9","b6a0d142-7a4e-4889-8c20-f505c58f0366","68e2e560-7d15-44e0-b790-187b616b3ca3"
"18t9","bd7ffc6d-d802-465b-8fd6-a3e15aa964f6","82eb8c29-b753-4ea1-be17-79095e04de9e"
"18t9","c320cfb7-12ad-4734-aa81-5d36138c16b3","07b7b366-47d9-485d-9a74-488d3aeb87ef"
"18t9","e22b3fb4-834f-484f-a4a0-9aefce23498d","7c35bcd5-46e5-4581-a552-2e44ef809175"
"18t9","f8a41c93-7e62-4b15-9d37-2e0f5a8c1b46","d3c85b72-1f49-4e83-a620-8b5e7c0d2f91"
"18tb","6f4ba844-66f9-4e05-b4ed-f9593af61f9e","2bad43d1-895c-4a90-878e-a1feef180e41"
"18tb","3dc5a3aa-d1ac-42f2-8127-2900cb19828b","adac6d79-8322-47ae-94ac-7e05566ae047"
"18tb","3bd9ca29-ca14-4067-91ba-37b83f3bcd25","a3c9d2a5-6845-4a01-849c-2588e37f9192"
"18tb","4df2c127-c56b-459d-b599-f334b8047053","6a7e250e-940b-4123-b1cd-fee4190014ac"
"18tb","89e555c9-2edf-4e03-a76e-2f8b38f73f58","1771d020-56ee-484a-9521-e23753452cf3"
"18tb","f8a41c93-7e62-4b15-9d37-2e0f5a8c1b46","d3c85b72-1f49-4e83-a620-8b5e7c0d2f91"
"18tb","aec3848c-67f9-4818-b8c8-3fb78b659f64","076acbb5-a690-418e-83ea-1a83def28e91"
"18v1","17c2451d-37c4-4369-8cc6-4430853fab7f","9e45e9d8-cc00-4ad5-ac0a-d94fa0dceb53"
"18v1","1cb7c529-0ddd-4d6c-8b9d-f199d0f81887","299e89cc-dd63-47d5-8968-b6825a2c898a"
"18v1","2bc6d0e9-5551-4d99-b604-29b2ebc651f5","9258d7fa-24fc-4d35-bdb0-fe9a4b0e8cd5"
"18v1","49c46d11-0333-41b9-9931-edfba120ebe7","438a51f9-4461-4dba-aeb2-9bfb2c36b1bb"
"18v1","c44be312-3068-4bbd-a5d2-f27e07a278cb","686217e5-2357-4e8b-9776-3f2911886eb6"
"18v1","d3a2be03-c7b1-4936-b76e-91ad30bc4262","1f04029a-dfee-4c86-a88f-f56410743ad5"
"18v1","c75bf332-fa56-4bb6-a3f8-da21ac5e1d7d","07b99e3f-d453-4909-bcb0-ab44f8ff0395"
"18v1","f5637c40-fd2b-44b7-9b16-bc3a692fa0e9","06f87a50-274b-4e1f-a78b-9a9cf9cd6767"
"190d","4029432f-ff36-40cd-adbd-efe92fef2e39","2150c6d1-aa3f-4c50-84e8-2ee2c6158c25"
"191n","392ec23a-b368-4361-80df-2155b95878e8","f066868a-0282-4923-802a-7b46765230ac"
"190d","3dc5a3aa-d1ac-42f2-8127-2900cb19828b","adac6d79-8322-47ae-94ac-7e05566ae047"
"196f","84f47b79-07cf-4413-b798-9404160c17a9","2d4dd391-8b4e-4939-acb6-60cbbee1de2c"
"193","9b082732-57d6-42a5-87ce-267319b39cf9","baf8ef65-1ae7-462e-bae6-8f4af0c769de"
"197","266ee157-b5f8-4475-8159-8fcda5a6c77a","2afa9d08-4d72-44a3-9319-18b709201404"
"197","1a95ae9b-1391-452b-a8f4-3ce04fce5f64","6e122123-c995-4d13-9014-18f33d4120b7"
"197","332a9dbd-0e85-465e-b0df-c9cf5098dcf8","ea2369a1-1281-4539-9c9a-81b8dcc1516f"
"197","3598d375-999f-4999-b52b-a364e5dea7a9","bc5b9841-4379-4d16-a5d8-7c7bd6505518"
"197","10acc9eb-1470-4096-99bd-58a70e08560c","7384c3cf-5e98-4f2d-9a80-da620368bde1"
"197","4e4f83d5-f9ff-4495-8cc9-54052357c3b8","f4c6e367-6c7a-4855-9da9-da4bd7ae53d5"
"197","70c4849f-a51f-4677-bd66-c6222bd8edce","9551c84b-3c39-4076-b541-af3e8782286e"
"197","4c2c8b5b-bd58-4e6c-a21b-2a0d07ef0324","edf9e76c-40f4-4f19-a1fa-b00aa5eecee0"
"197","6c95c58c-bccc-4e8e-8676-43da97b658cb","7a648d76-25c4-4cdb-a4c8-e58e52d33212"
"197","7aaf6e3f-91ac-44d1-9118-a782c872225c","e827c4cc-403a-4221-a0c3-9b1f5623cd09"
"197","8751fe47-ada9-41d5-b8a4-475411b311e7","feb3a7d7-afed-4d2a-81e3-918dd3fd3aaa"
"197","3a9169bd-b535-451c-b270-edcf2f571f4e","68f63d38-cbe4-4540-975d-d5bcdcfa1e67"
"197","8e08690c-802f-449b-9c40-d92fe74235ec","f8930c31-12b8-4fe0-9482-30b5723c1bc6"
"197","ad01a4ba-bb2e-48e8-aa8d-7ff5cf1cd40a","317b29ec-280b-42e7-9653-e77d75e4855d"
"197","d84aac7c-99c9-4f4d-935a-81406a0e3a7f","840846f6-6378-44b1-882b-c4e7113ec625"
"197","e2d63818-21f8-4c97-ad77-4966368982bd","dce54185-763d-4f6a-9427-8fdc24f92ea5"
"197","de5a5e49-d1c4-4947-87d9-ad1ad9ff93a3","f6f9bf87-1343-4a19-afd0-a0e788c2485e"
"197","e437553c-e702-4a6a-905a-afceedb66efb","6d8d7053-d630-4d1a-8cd3-14036136c2eb"
"197","f129ba44-ab88-47ee-98d9-c213e58d2166","5938fffc-e561-4d86-ae00-41d1f5603be6"
"197","f484d28c-8909-4835-8c27-24f5b3624068","1eacf015-1caa-41fc-a1da-8250c2fa234b"
"198","1a95ae9b-1391-452b-a8f4-3ce04fce5f64","6e122123-c995-4d13-9014-18f33d4120b7"
"198","10acc9eb-1470-4096-99bd-58a70e08560c","7384c3cf-5e98-4f2d-9a80-da620368bde1"
"198","266ee157-b5f8-4475-8159-8fcda5a6c77a","2afa9d08-4d72-44a3-9319-18b709201404"
"198","3598d375-999f-4999-b52b-a364e5dea7a9","bc5b9841-4379-4d16-a5d8-7c7bd6505518"
"198","3a9169bd-b535-451c-b270-edcf2f571f4e","68f63d38-cbe4-4540-975d-d5bcdcfa1e67"
"198","4c2c8b5b-bd58-4e6c-a21b-2a0d07ef0324","edf9e76c-40f4-4f19-a1fa-b00aa5eecee0"
"198","4e4f83d5-f9ff-4495-8cc9-54052357c3b8","f4c6e367-6c7a-4855-9da9-da4bd7ae53d5"
"198","5d18e7db-84d3-46c9-93d0-6916d3c63b47","f4e3e9be-1776-492d-9994-00ae94e89d7f"
"198","8751fe47-ada9-41d5-b8a4-475411b311e7","feb3a7d7-afed-4d2a-81e3-918dd3fd3aaa"
"198","7cbb4ce6-4b66-4cec-9f8e-a9dfdc8d96aa","7a367661-adde-468d-b142-d61d8f6cac70"
"198","70c4849f-a51f-4677-bd66-c6222bd8edce","9551c84b-3c39-4076-b541-af3e8782286e"
"198","6c95c58c-bccc-4e8e-8676-43da97b658cb","7a648d76-25c4-4cdb-a4c8-e58e52d33212"
"198","ad01a4ba-bb2e-48e8-aa8d-7ff5cf1cd40a","317b29ec-280b-42e7-9653-e77d75e4855d"
"198","dc5db59d-f512-4a16-b36a-a0879015d36e","4ad3ce07-6961-4fff-899f-aee40da5fb83"
"198","d5916574-ff3c-4eee-b919-bb82e4f0f6f4","4961b915-8db2-47e9-b326-0807df595888"
"198","de5a5e49-d1c4-4947-87d9-ad1ad9ff93a3","f6f9bf87-1343-4a19-afd0-a0e788c2485e"
"19cn","8385ebad-ccf5-48d7-86c3-9c8c6ae40466","26c6b48d-4785-42b4-b699-424af641774a"
"19cn","735dbd8e-affe-4f94-8a14-4a85d7972963","c6f36219-4aed-4c2c-b9e1-b1176abb028a"
"19cn","89e555c9-2edf-4e03-a76e-2f8b38f73f58","1771d020-56ee-484a-9521-e23753452cf3"
"19cn","ad20c29e-92cb-4b92-b976-b2345aba9c59","3c3f6432-0826-4ea7-a581-34327cbf0ce5"
"198","f484d28c-8909-4835-8c27-24f5b3624068","1eacf015-1caa-41fc-a1da-8250c2fa234b"
"19g9","4a28ce03-d46f-4ef6-8a91-55d16d5430d1","27e8b160-7098-48c7-9485-33a157a156fd"
"19g9","79273eb6-d487-4630-a221-1c1fccec1bc5","3269baa9-5b72-4dd6-ad2e-a53af4c575e9"
"19g9","9bbf89ab-5b78-41b8-94d2-7af3d87846e5","1a760906-98c1-4279-9330-5055551bc33d"
"19g9","aa8f03d4-c8d6-48d8-ab1e-ad44517b74e0","105f1a84-e461-43ae-b610-3a8aa62789c3"
"19g9","b6a0d142-7a4e-4889-8c20-f505c58f0366","68e2e560-7d15-44e0-b790-187b616b3ca3"
"19ga","7aed67c9-9e01-4a50-8830-980f29296252","c3ce2ccf-504e-4b4c-aac2-1217dbdcc2e4"
"19ga","7d6a56ee-e251-44bb-ad62-cd42b2fec05c","b0157201-7106-446d-bf7d-5efef766934f"
"19cn","a4faa2b3-e70f-4557-b1dd-122c30ada507","89f10196-3121-49fd-b569-ffa95d879b3f"
"19ga","198acc66-e06d-425f-b02f-29571fb30514","de236b05-d46d-4a3b-8601-9f2714d35199"
"19ga","9125fc46-f145-4488-9b16-dff3321f06ba","a13e90fd-7d9d-4ee6-a08d-d4623ff44e67"
"19ga","8a8361c7-de93-4d3e-826c-7d01ca442ae2","4f893047-490d-4d64-acc5-0f6686019ea7"
"19g9","e6c271c2-e3d5-4e0c-83ab-c821c751f5c4","dccd66ce-e8ec-4e9a-8530-5d101574ba03"
"19ga","d387d066-37fc-4642-a339-9b22e591b65c","4b0cc9d7-1c52-47ea-83bf-968534a66950"
"19gg","60849349-de16-42f4-afd3-df2c16b5367e","e0887c11-035e-4d4c-8603-ec15f464717e"
"19gg","88e93079-0455-432d-bb26-55d306233fb7","7c015f69-6cd5-4373-9894-93e174750203"
"19gg","ff6da5c4-baca-4f1a-8f4b-d4ade925791e","b5a4aa96-7bfe-4b0b-a7cb-1949cbec696e"
"19gv","90a393fa-29e0-46af-81ec-1ef19f7adfd2","ee4bf05c-d0e4-4ad5-b41e-8c090191ee5c"
"19gv","18d4ae8e-ea2d-44d3-a986-45cf127837c4","a5f4f078-61bf-44b6-bb27-34c4cce4f0a0"
"19hn","7d07e4bb-a6a2-481a-bffd-e9bd877b07fa","72db2ae7-e26b-4504-959d-938c74cddaac"
"19gv","2f543699-a9d4-4aa1-b662-e226f3d6b5ae","68e575f5-3deb-4eb5-b126-c2a55f3c236f"
"19hn","a76a2553-37bf-4311-b161-7643e22bb4e2","b74d6e6a-2359-4e91-a2eb-155c8a5e0d96"
"19hn","b6a0d142-7a4e-4889-8c20-f505c58f0366","68e2e560-7d15-44e0-b790-187b616b3ca3"
"19hn","c320cfb7-12ad-4734-aa81-5d36138c16b3","d622ab89-2ec0-4cab-849b-9a2c8469dedf"
"19hn","e22b3fb4-834f-484f-a4a0-9aefce23498d","7c35bcd5-46e5-4581-a552-2e44ef809175"
"19ia","c6ddf46d-3547-4d28-9739-b6a5e873e8e8","4c6c7d43-0d3b-43b3-b8cf-811d866cf237"
"19im","203530b1-0277-4e08-b0b3-aea0a9773508","bd9b9de6-5db5-46af-997c-737b69e7b3bf"
"19im","3f1992ef-65fa-4c8a-a97c-cd429e2011cd","95a1c689-1192-4ab6-be0f-6983d62ee1b9"
"19im","3dc5a3aa-d1ac-42f2-8127-2900cb19828b","adac6d79-8322-47ae-94ac-7e05566ae047"
"19im","503719e9-c145-406c-bc29-85f2c10befdb","7c52ca23-aee6-4c7c-882f-578c7c62db90"
"19im","5d440ba5-4200-4aa6-9b99-96a1e27a7b0c","f26f1fd6-c347-4b91-b7f2-5f067749ecb8"
"19im","571727e5-6647-4b2e-90c3-2f3dfef9f9b4","8be6f36a-4011-4834-8286-138cf2ddda05"
"19im","6bee0bda-f455-4429-af35-6bb2f1b4896f","f19cd6d9-0057-401c-8327-b0bce03cbb74"
"19im","7386c23e-6ada-434c-8641-e1deefcbb2e1","9c650073-a261-4f79-9da8-090b33a558d8"
"19im","7a0f14e9-b2ed-4294-a12d-c542a8c0fed3","f106bdee-defc-4eff-bd03-7ba7ea329ef2"
"19im","7b0f1924-5d3e-4385-9a2d-b8c5a1c0eee0","ff756f9e-5e35-4647-a2a7-c4772aa19c13"
"19im","889f1953-7ca4-4400-b932-7e1adfbf04bd","ecc6bb4e-c7a2-4fe0-84f3-192bd963e1d1"
"19im","e22b3fb4-834f-484f-a4a0-9aefce23498d","d66836c2-e6bc-4d9a-9a7d-24774c33f122"
"19im","b6a0d142-7a4e-4889-8c20-f505c58f0366","85d693d4-c23b-4851-a1f6-2eeb8452516a"
"19im","f541d48d-4ae8-4e8e-9856-31fe920426a2","aed96878-f966-4efe-8d89-410d57ccc4ed"
"19iv","006e6274-e94d-4be0-9fb2-48746bd81933","69a6ff3c-cb40-41ef-a10e-366c40ff7b61"
"19ir","eb4ccb79-cea2-4eda-8a47-52f619eca0a4","f7d80ae8-816f-4f5d-b8a3-4e3d48cdf802"
"19iv","47415c5c-82ca-4e8f-8b20-b02dfb5b55e7","d74c64be-ef4c-4d28-aaa8-3abe10539a8c"
"19iv","7102c784-b565-4d9c-93f1-85d33bcc9dfe","161cc96f-b24d-453e-b41b-9092ec2c0984"
"19ir","a76a2553-37bf-4311-b161-7643e22bb4e2","56cc72d9-85c7-4b25-a72d-839d87d2b097"
"19iv","984b6749-0105-4645-9478-5266bc5b2d3e","5b7cb3a0-a28b-4878-a614-14131b856bbb"
"19iv","a76a2553-37bf-4311-b161-7643e22bb4e2","b74d6e6a-2359-4e91-a2eb-155c8a5e0d96"
"19iv","9c65ed2b-1f21-4629-b3c7-da22656d7b9d","d603779f-7371-4cc7-af4a-454a432bdc73"
"19iv","ff04b95e-2824-40a0-b077-cc5e54b103dd","b5b94302-da36-42c6-bbb7-4c14ba549ad8"
"19iv","b19eccfc-3cf2-474d-b76c-91e90771f3f8","276a69c5-617c-42cc-a49f-4038d3e6c940"
"19iv","d3e2e150-fa04-4f17-97da-df97eb70675b","b0c7ae82-36ca-4899-ba6c-3dfb15b10b86"
"19iv","ec67fc03-b43c-4c36-887d-238fddeabbe0","0a98914e-819b-4fb4-9699-6c1e20e37e13"
"19iv","c320cfb7-12ad-4734-aa81-5d36138c16b3","07b7b366-47d9-485d-9a74-488d3aeb87ef"
"19iv","fc82f0b4-4b19-4fc7-b551-03410e7dc786","39bda860-3a71-45a7-af24-b2e5448078cc"
"19lk","11d2502e-d777-465a-bb2d-57952fed7d67","d0fcc3ae-0acd-4f85-9b3b-32107930b2d3"
"19lk","4e7bbe4d-c3e5-4cbc-bac4-6a81e4f81ee9","6e9bf7ce-f7d2-4a87-a630-dc69bbadf732"
"19lk","570adb9d-b59f-481c-b1a1-0e6b969b20d0","afd83d46-82d6-4e7d-b781-575567cf7733"
"19lk","66a97e5e-7138-4155-8158-a2848db6793c","948a0192-1e1f-4720-ae06-02ebbff7f16b"
"19lk","809822dc-5a47-477b-b43d-b67fc77b17e2","ab7ccf66-c8bd-4333-96a4-8494741263e7"
"19lk","aac8539f-9d1e-4735-af79-90bbf8db4675","79ab45ec-44f2-4751-ac2e-6936de19d2d5"
"19lk","b03c4f79-0b5d-4920-9670-b8a814b9528a","5fc3f405-c444-4086-9414-40f4ad9aa91b"
"19lk","c3246a70-c963-4e56-baf3-85c32ea3c69c","0b54de73-1718-43fb-96f3-1bb87ba39194"
"19mb","4c536b75-4519-429c-8479-bd190dd2c48d","ac0b1534-a74a-4284-8931-061c2cda3d02"
"19mb","9bbf89ab-5b78-41b8-94d2-7af3d87846e5","db3fae19-9901-45e5-9a5b-92a15b6209f7"
"19mb","ce828b5b-9442-4068-a8bd-8675f12d7271","da3df0b5-7cfd-4374-a8fc-0cfcd3d5284e"
"19mb","4fb7d0e6-e422-457a-8626-b49219744bc1","2952e13c-68ce-464c-b09e-dd638dd2b31f"
"19na","a76a2553-37bf-4311-b161-7643e22bb4e2","7f30b610-331b-4813-8570-d78cc0df9855"
"19na","c320cfb7-12ad-4734-aa81-5d36138c16b3","e4741a5b-4af3-4f2b-87d0-14244d072510"
"19o","4e626fb4-f84a-42d8-bfba-2a1066e5d1dc","83198d67-1fcd-445c-a92a-5ebddbf9507b"
"19o","0242844f-c103-4216-af5d-bddc41f1eec7","e4d9037d-ef03-44e5-83fe-3836fe9817fa"
"19o","4e626fb4-f84a-42d8-bfba-2a1066e5d1db","83198d67-1fcd-445c-a92a-5ebddbf9507a"
"19o","17a899e9-53b1-48b7-b373-3b7d03374b1d","0fffc13a-b7ef-4977-8b80-9f0dced9295a"
"19o","574e27ac-a1fe-414e-8b5b-ca6beafdb81d","b944c04b-febb-4092-8ac2-ce12f0a2d939"
"19o","90c11cfb-0ffe-478c-aee8-3144088d7329","e78d738a-c5f6-4060-afd9-74e7bfa153a4"
"19o","90c11cfb-0ffe-478c-aee8-3144088d7330","e78d738a-c5f6-4060-afd9-74e7bfa153a5"
"19o","76a3ecac-ab31-43e0-a85f-3118c4285409","e88257df-37e5-406a-8ca8-49f391d56f45"
"19o","4f4176bd-f4a1-40e8-bf2b-3a8743da2128","84887316-84b5-46a6-aa70-f543f34742e1"
"19o","f0d98b48-db7c-40fd-8886-137790ffe39d","c448135f-1b6e-4ce8-94c2-1e3816e48672"
"19qf","20e0cdf1-c283-4378-93e6-b31f1ba13713","66937da0-c33d-4d66-a51f-c55fd05ffae9"
"19qf","a76a2553-37bf-4311-b161-7643e22bb4e2","2f004d88-44ed-43ce-a3bf-df926a65c6a6"
"19qf","c320cfb7-12ad-4734-aa81-5d36138c16b3","1a6e3de0-aec1-41a5-a8da-ab5bbb79ae84"
"19qy","c81cbeb9-83cd-4e30-998f-bcd7f85d864c","cf01cc86-3af1-4b58-9754-584879a05c09"
"19r","b6a0d142-7a4e-4889-8c20-f505c58f0366","68e2e560-7d15-44e0-b790-187b616b3ca3"
"19r","7d6a56ee-e251-44bb-ad62-cd42b2fec05c","b0157201-7106-446d-bf7d-5efef766934f"
"19r","b5781a0f-9c50-43ae-a74e-52bf83929846","2aee0867-5d6b-41fd-8019-bdfd4d700071"
"19r","c320cfb7-12ad-4734-aa81-5d36138c16b3","beb27c04-5d95-454b-b4eb-584cf3db8758"
"19r","e22b3fb4-834f-484f-a4a0-9aefce23498d","7c35bcd5-46e5-4581-a552-2e44ef809175"
"19s","a76a2553-37bf-4311-b161-7643e22bb4e2","b74d6e6a-2359-4e91-a2eb-155c8a5e0d96"
"19s","c320cfb7-12ad-4734-aa81-5d36138c16b3","07b7b366-47d9-485d-9a74-488d3aeb87ef"
"19vo","a76a2553-37bf-4311-b161-7643e22bb4e2","d9745b39-de08-4530-94f7-fe2c94ea7d39"
"1a1y","3bb4c035-434a-4866-a7ce-86cfae655479","18cb86cc-86ce-45bb-9c75-3d068195a5f0"
"1a2h","a76a2553-37bf-4311-b161-7643e22bb4e2","c4b09184-1b63-48fa-82c5-a026da91e9cc"
"1a3","189f2aa2-c8f1-482e-9db1-b562cee61c26","3924687e-2ddd-429c-b8e1-b4eaaa87f4e0"
"1a3","18aa1337-1e15-4ce6-a08a-dfb3b7ca5cec","d05d56ee-8869-49a3-a828-703e6242b143"
"1a3","8883d7ed-eeae-405f-b30d-a0328eb9709f","37bea34e-1c40-4dc7-be55-55d637e40fb7"
"1a3","c320cfb7-12ad-4734-aa81-5d36138c16b3","07b7b366-47d9-485d-9a74-488d3aeb87ef"
"1a3","c037b2a8-9340-4fd6-8acd-a34741df1c49","100b436c-d437-49d4-89e0-3e94f86f6434"
"1a5y","2b555ea3-f795-45d3-8fa7-02261a0f1e2b","bd8b77d3-5865-4134-9014-141765fb0225"
"1a5y","68d61b8d-08e8-4039-a7f8-f3f871d9568c","b8d520f5-6c51-45bc-859d-797da163dd1c"
"1a5y","7b6bdc98-5a36-40c2-ba22-6bbbc8b447d9","88c710cb-cfa4-4696-a6fa-45de10c052c4"
"1a5y","a76a2553-37bf-4311-b161-7643e22bb4e2","7c90aa73-1118-4bbb-9641-d2e82e9858ae"
"1a5y","da1c300b-406b-4b72-9134-c67d716248d2","da1c300b-406b-4b72-9134-c67d716248d1"
"1a5y","f2d3965c-5c1c-41ae-9323-9fe2a24e462e","0b9382b0-4c4a-41e8-9aed-b6bfee9c808b"
"1a6v","54ac9217-65c6-4650-baa1-2b906c266d56","561b7fee-1144-450e-becb-69c2101e5009"
"1a6v","04ac9598-088b-421e-a224-8b7401e24d68","7aa09ecd-f200-4f62-b238-55782cb9cdbe"
"1a6v","cab7b2e9-e27d-4d0f-a97a-ff6cc1c7fa38","66cbcfb5-b831-4655-9ffb-ed1fdd2e3325"
"1a6v","76845551-11fa-4f3e-a5da-8b70793c940f","89d39c41-0c39-4403-8821-31bdb86bafa8"
"1a7i","b6a0d142-7a4e-4889-8c20-f505c58f0366","68e2e560-7d15-44e0-b790-187b616b3ca3"
"1a95","1016b9de-9047-468c-a2d7-98883e8d7457","ee14bbe8-d556-4ded-91e6-384ec9d13737"
"1a96","f5ae0f27-3304-41dd-856d-a6d67480f785","22bac63b-2ad1-4ce9-8d1c-b59ed323a4b0"
"1a9z","c608c2d2-c650-4d21-b22b-20107bf3c0e5","5b68956a-db9a-4475-bde3-a775cf8f1184"
"1aa2","198acc66-e06d-425f-b02f-29571fb30514","de236b05-d46d-4a3b-8601-9f2714d35199"
"1aa2","fb4a16c8-9d25-473d-b0b2-cce3d3d00c26","e233c7dd-29bf-451d-86a3-c318260a828c"
"1ab6","fa09ddf4-8714-4ab8-93fd-17ca54bc873a","e1d3e67e-0a1e-469f-88e5-f68513d1209c"
"1abp","19ad7b96-e8fa-418a-ab9c-95316af4dadf","787123d4-3c78-4021-8ef2-155547fec8db"
"1abp","0fe1b78b-b0e0-4061-9ad8-bc43f1ed49c4","2e855856-0f65-49d3-a12d-9eb64f689418"
"1abp","333d328a-2e1a-4962-8486-b97e801349b0","7edcc949-1107-475e-ad97-8007f5d8cb10"
"1abp","4fb7d0e6-e422-457a-8626-b49219744bc1","45488be1-5f3f-4bb4-8495-058d1fa4fa6d"
"1abp","5900133e-d0c9-4a69-a2ab-a2beb9e74a7a","41415b5f-c07f-4d67-82f7-b5ae2e1b70b0"
"1abp","5505259e-3971-4ea6-ab97-9b0aa79a5bd2","c6b51ac5-d0f4-4972-a654-3b7e3131997a"
"1abp","284cf712-fbf3-4871-93eb-96d386144fc0","220084c2-2569-45d7-807e-3fc65f39f74a"
"1abp","73bdb6a5-bf72-433d-93ae-e229108871bf","80c4b37c-becb-421d-b769-a53d0059238c"
"1abp","b6a0d142-7a4e-4889-8c20-f505c58f0366","605c74a2-1a77-4d04-a735-14d1f71de5e4"
"1abp","a76a2553-37bf-4311-b161-7643e22bb4e2","f2a1341b-3c5e-461f-b5ac-8489e6c7c441"
"1abp","b29f302a-c506-4838-bc83-447e0e72d014","4a4f1459-0595-4743-9715-83b01abcc0d0"
"1abp","c0f3cdc7-7238-49e6-bcaf-7fd9537d4e70","44e0f6d6-3d85-435f-a043-2a4d68ffa74c"
"1abp","f2f772c0-05a5-4bd4-81cf-3cf0407462e9","42f2ac70-f11c-4777-9794-dcdd15ee41c4"
"1abq","0fe1b78b-b0e0-4061-9ad8-bc43f1ed49c4","77cbc70b-2563-4fb7-8a89-15e06c8fc6b4"
"1abp","7a64bd5f-e336-4d6f-998f-ab1fed4a4feb","693c79d6-5f8e-4575-82ad-e0ffed4ed51d"
"1abp","e22b3fb4-834f-484f-a4a0-9aefce23498d","dc1b640e-e0ad-4470-a3cc-b26b95fb81b2"
"1abq","19ad7b96-e8fa-418a-ab9c-95316af4dadf","787123d4-3c78-4021-8ef2-155547fec8db"
"1abq","284cf712-fbf3-4871-93eb-96d386144fc0","0c7ca88a-3245-4708-8d95-2f766bfad992"
"1abq","333d328a-2e1a-4962-8486-b97e801349b0","bea27a22-9958-4263-a44a-168fcd181ebf"
"1abq","5900133e-d0c9-4a69-a2ab-a2beb9e74a7a","6df38af1-523d-4595-b94a-3bef6667ac42"
"1abq","4fb7d0e6-e422-457a-8626-b49219744bc1","45488be1-5f3f-4bb4-8495-058d1fa4fa6d"
"1abq","7a64bd5f-e336-4d6f-998f-ab1fed4a4feb","db994a35-0325-4707-b6cd-026c1ace7386"
"1abq","73bdb6a5-bf72-433d-93ae-e229108871bf","80c4b37c-becb-421d-b769-a53d0059238c"
"1abq","b29f302a-c506-4838-bc83-447e0e72d014","4a4f1459-0595-4743-9715-83b01abcc0d0"
"1abq","a76a2553-37bf-4311-b161-7643e22bb4e2","777e584b-e0af-49f6-95d4-ab8b2c987b48"
"1abq","c0f3cdc7-7238-49e6-bcaf-7fd9537d4e70","44e0f6d6-3d85-435f-a043-2a4d68ffa74c"
"1abq","b6a0d142-7a4e-4889-8c20-f505c58f0366","078503a8-1d42-4bb9-8038-5e7cbaf82d95"
"1abq","f2f772c0-05a5-4bd4-81cf-3cf0407462e9","d245d154-f771-4347-9c73-4d09a8885b9b"
"1abq","5505259e-3971-4ea6-ab97-9b0aa79a5bd2","c6b51ac5-d0f4-4972-a654-3b7e3131997a"
"1abq","e22b3fb4-834f-484f-a4a0-9aefce23498d","a25b0d61-5cb0-4db7-8e12-c39073b3ec03"
"1ad3","b6a0d142-7a4e-4889-8c20-f505c58f0366","0a185431-b900-4519-b407-2589fbdfeb8d"
"1ad3","e22b3fb4-834f-484f-a4a0-9aefce23498d","d25185b5-38e4-44c9-8f71-5ef626c95866"
"1ad3","a76a2553-37bf-4311-b161-7643e22bb4e2","1b76171d-79b4-4ed7-929a-8a5da1f24d94"
"1ae6","47644822-1b38-42f8-a9aa-7a6bc6cdfcf6","72b7170e-7fb4-4dfc-aeaf-923f0fb3b1a7"
"1ae7","44c0d1e0-e69d-4242-9773-a4c1ee79d3f1","6cad6ba6-f029-40bf-8614-8037d9c9262a"
"1ae6","d04f295e-c8f3-41de-b242-120b0cd48957","3068fb5d-89c1-49c8-b514-c6424f790641"
"1ae7","6fd5c49c-038a-463e-88fc-ca8b600600e3","ed9b0a92-4e8d-4b6c-a1db-2a2b1630252d"
"1ae7","8188e2e1-bd12-40dc-a7b8-f39b7075459e","bc2b4c6f-2179-45fa-81f5-36d9c0d6a04e"
"1ae7","62dcec43-1c6f-4051-820c-0a5c0cfb3294","8d7443b5-4be7-4aa6-906c-9c009130d1ac"
"1ae7","a452223a-a07a-41fd-bfa6-be931152919b","94ea036d-0193-4ba4-b97b-7a82536272b1"
"1ae7","b9164345-5eaf-4435-9e90-6aae8a6d5bfa","21b45b0b-0da5-41ef-863b-2607f82c3532"
"1ae7","b3664587-3309-422e-89ec-66893d7f4675","e000882a-ab9e-46ed-9cc2-b5b7a983ce4b"
"1ae7","e7b9ea3d-ab41-46e6-9adf-7cea10d9bada","1f1dd02a-f62c-44c3-a3ee-95ba1fd9a89e"
"1ae7","dd7923fc-de17-4591-b55e-2bde86a3f067","af7a9329-c0b9-4009-a1e1-b20514f138df"
"1ae7","c0ace34f-3e2f-4b80-abf1-f1d9d705b744","383820f5-c5ac-4f8b-9db9-34d45a396263"
"1ae7","ffbc3b1b-409b-4178-8aa5-7e29c874a4c4","b288fc1f-6830-4930-a408-e0197a899014"
"1aeo","9bbf89ab-5b78-41b8-94d2-7af3d87846e5","d3068f72-4184-4aae-9734-7a4220f8d670"
"1aeo","e22b3fb4-834f-484f-a4a0-9aefce23498d","14932016-dafb-4efa-a079-23142f72cc1c"
"1aeo","b6a0d142-7a4e-4889-8c20-f505c58f0366","943676a7-0598-436a-990c-af2ecd275abb"
"1ag","a76a2553-37bf-4311-b161-7643e22bb4e2","fbfa37c3-7fd9-4d79-8308-1a8abf1a9dad"
"1ag","c320cfb7-12ad-4734-aa81-5d36138c16b3","07b7b366-47d9-485d-9a74-488d3aeb87ef"
"1ag","b6a0d142-7a4e-4889-8c20-f505c58f0366","d28dc20f-b53d-4945-aa41-e578c6999e87"
"1ag","e22b3fb4-834f-484f-a4a0-9aefce23498d","60033475-6f25-4299-9755-934e0ba86c8d"
"1ag3","140dc8dd-78f2-481b-b617-3ff6e5a36f58","84ab2669-7cc8-4c95-b88c-8ae0ef7066e2"
"1ag3","464d3bdf-b1e2-43cd-8831-e9fe2fa8697e","7fb66d66-6d59-4d33-b7ab-cbce0c9a466f"
"1ag3","6aa3aa01-3723-479c-8b4f-8427de99e9e0","71b60e27-bf75-4117-947b-d31cad11b83e"
"1ag3","a76a2553-37bf-4311-b161-7643e22bb4e2","34f153d7-d0a4-44d4-9300-364ffc542561"
"1ag3","c81cbeb9-83cd-4e30-998f-bcd7f85d864c","cf01cc86-3af1-4b58-9754-584879a05c09"
"1ag3","c320cfb7-12ad-4734-aa81-5d36138c16b3","e8239ac6-5b25-4705-8b0e-cf3b0e7c4369"
"1agg","025d08a2-b1b2-49a4-9353-40a5060014c3","31e34897-63d6-4b75-9121-86d84d3cdbdb"
"1agg","2647a477-116a-4a36-992c-1db417259f8a","4dc7f30c-b3be-4827-bc54-48d06c8ec823"
"1agg","2675861e-3f80-418a-a44c-54a6e0b6a693","3e44a44a-3a7f-4431-8840-ea484f39aab7"
"1agg","407c29d0-3b8a-4eab-9c00-e2b4f29e396b","6c63be82-ffd3-4cfc-a9db-2ee560576102"
"1agg","6c0ebf06-1f0b-4603-8447-7b621e775a0a","c1527ed7-695f-4935-abfe-849987a60532"
"1agg","6d9f9d1e-197a-4a1e-9c84-70406dc295fd","7d46c154-38cb-4228-af62-df0fb4593978"
"1agx","ce828b5b-9442-4068-a8bd-8675f12d7271","5053e3fb-174f-4b71-9ca0-1c10a7af2734"
"1agx","4fb7d0e6-e422-457a-8626-b49219744bc1","f0c7f5aa-f8a1-4af4-8fff-fe01c259dacf"
"1agv","c4eed0db-0d82-496e-9d19-7dd1f788fa29","bbecfd6a-04d4-46fe-a897-92da9b9ef0c8"
"1agx","9bbf89ab-5b78-41b8-94d2-7af3d87846e5","9bbf89ab-5b78-41b8-94d2-7af3d87846e5"
"1agv","c320cfb7-12ad-4734-aa81-5d36138c16b3","047fbb23-7c21-4cef-af21-86f8cd18de64"
"1agv","a48ceb6d-9d55-4253-9621-07a65ff353c4","6541e83b-1648-4832-8cb3-00da56cd3547"
"1ai","033cd548-bdde-42ab-8b51-2d7bc8c81deb","7bd64634-d2a3-4e8c-9c4a-c98967cc9ab7"
"1ai","02899fd2-7d8c-4e8d-9977-14117f4c0607","fd8d652e-440c-4233-8af3-4612979e6043"
"1agx","48c8d3eb-19f4-440f-bed0-30ffa4ae7850","b592dd99-6198-4a4e-8204-85822172be8c"
"1ai","05abd17a-e834-40d5-a297-9290a56ad173","75fe87d0-a4f2-4f21-9a78-a933a3fb1751"
"1ai","040a8e5c-c795-4f84-9500-d688d6974d90","b16e7cff-cb3b-4391-b820-b516893df497"
"1ai","037b9f61-0c3c-42d6-8a63-8d6b1edaa14a","c35fa42a-cabb-4f4f-8fa7-a0aae3debafb"
"1ai","0ed52a3e-44e2-4e3e-a9ca-513079bc4185","86be0b17-dee9-4a81-bcea-bc7b7b8c5c9c"
"1ai","0c32dbd8-730a-4d04-9bcb-61d02b505e69","2e22b89f-3eb8-4f7d-91a2-b2a7c6dc25fc"
"1ai","160b295c-16dc-4388-b9ac-6668929e2a34","1e9e3743-77fa-423f-b20e-644c05728300"
"1ai","0e5d0902-3175-4a9c-8324-e4ba96bfdfee","70af8d5e-2105-4d77-b88a-a52c102166e6"
"1ai","0d0c4635-4e2e-49a3-a3cb-5da7816c5060","e59442e3-ef9e-4c68-9f18-1f3cc4fc800f"
"1ai","0c014a01-639b-4717-8832-419fb99e4ad1","62b96549-982c-45f0-8b7d-8914cd9b566c"
"1ai","10da17f7-fd0c-40d8-a0b3-8b55b264e515","95a86434-4190-4e3b-9d78-9e96a08fcfe1"
"1ai","189b6bf3-5436-427a-b115-4ed3236bc5d7","5f0cd439-a662-4d29-b94c-f031b399ed08"
"1ai","1ca58ce5-a80d-4dc6-8ea7-2f7b34f5751d","1ca58ce5-a80d-4dc6-8ea7-2f7b34f5751d"
"1ai","162ac927-56c4-4b9a-a63c-3b5bad1de06a","fbd62c8f-2ff0-4c98-b14a-07e365ca9355"
"1ai","1efdc2f7-1e4b-4a3a-919e-4896812217f9","37c1e0cb-a256-49b1-8aed-0cd4d23e0623"
"1ai","1f40ce8e-25e0-430b-85a5-bf3ff8d52cd9","06fc8996-200f-41b1-8345-68af430fd1a8"
"1ai","1f604696-62a1-4f81-a8f3-0283ca8a1e9c","584c867c-7c57-4882-a28c-4bcccf30011b"
"1ai","1fd8d1d4-6077-4590-8b8c-bfd70fc77036","b0f438d9-5db0-4d49-b2c6-403d80d59246"
"1ai","201ffafc-4c19-4798-bba4-717c63b78a88","f7ca34e7-e17b-4af2-bcb0-887e807a0560"
"1ai","208b21ff-71d4-4695-ac87-a32ad166d953","403e514b-5f91-4545-aab4-3434cb70fc2a"
"1ai","25261c01-2eed-4ad2-a9f7-cef8c8e25e6e","2de14089-fd34-4869-8657-49146eea7226"
"1ai","2737581a-e4fe-42c1-a590-fc19f158801e","efbc6a5c-c979-4be9-9e6e-8c46f1da59af"
"1ai","2b347359-6692-4cea-9c9f-79c3753571f9","431b45a0-2e0c-42dd-aa3f-3efdef4737c5"
"1ai","2e96ecc8-4659-45ef-8920-974d82476727","123bd7a5-14c1-4483-aee9-b6bd3d984968"
"1ai","2ee2b8b0-c9fc-462b-bcbd-eae05a55df0d","01c3f086-848b-4d3c-8d8c-685d8bd55688"
"1ai","3798aef1-8dc0-44ac-a377-9ebeffa49ca9","369b5103-dc7e-4a14-8eb5-206a8f671bb3"
"1ai","3581ce8a-e99d-4a19-9e50-ab38d4c1f33a","e3d86fbc-18eb-4332-bffc-1892238fed3e"
"1ai","386471ab-28af-4c8e-bb29-c202596b088a","8afed52c-cc95-4f60-968c-f25adc948ab1"
"1ai","31ad8052-59d7-4377-8502-869be03cd045","e3811fd2-b911-43b9-93b0-fe23388ed13a"
"1ai","3a304875-f39a-4664-acd0-bf8188ca9f55","d3b9fbb7-58a1-4b8d-b2ac-70bcbe0ec8b0"
"1ai","48e3c27d-baf1-49b3-8bcd-da7370e27917","007c5488-0aa7-4e3b-80e2-4bf15eeb61cb"
"1ai","41c10b8e-1a09-47a9-b414-97aebdd4b915","f5617628-46d6-4c0f-bb5b-6c2f4bb97b47"
"1ai","514a608c-d10e-4486-9e20-459e00b29f2a","53a7edb7-e4b7-498f-bb6a-8cfd7a3281ab"
"1ai","4e60251c-fc1b-43ec-8b3b-7b2cc406993b","be5c1c91-7c00-479e-b870-759aef0ed42b"
"1ai","6059a360-1517-4ea7-b619-da230e6fc02b","7f4881a2-029c-4dbf-94fb-749cfeea444e"
"1ai","4cb4e535-4886-4dbd-a1b1-c69ab3dc069a","ef34334e-8d39-4fd3-bf2f-f4a74d89dc43"
"1ai","5fe5739e-514e-4a33-b605-e0a550b2ca2b","91178c2c-aa69-4ba6-8690-d44019a163b1"
"1ai","63fbd61c-9d14-4bd0-be62-94ba3d99f566","5c591e28-6317-423c-a908-0a4079eeb60c"
"1ai","60d6d9c2-ad1c-4818-91e9-b1faf213cf53","8b653471-722c-4097-9369-1d515cc4632f"
"1ai","6525adda-e147-4bb5-aaac-5596f701260e","1be36b1d-8319-4c33-8759-cd6bdf2b32d9"
"1ai","65f75190-0290-4260-85f7-bade988a7e3b","ddaab6f8-ee78-4a49-8c2e-7f57fcfe54fb"
"1ai","66369ff6-4b2a-4bc4-9d75-d7ac854a3b0e","0eab0096-e0ac-4c52-8ce8-c5eec5ce3582"
"1ai","66ae1929-8b86-4876-bccc-1b8b9b68d14d","4fc83cd4-0c62-4d74-8d4e-25a758bfc0d4"
"1ai","6ac2e9f1-2066-4c91-a7a0-6e9e9f4f47e4","b1d51c42-0979-42f2-8c95-128d85273e41"
"1ai","6e9cac36-cf48-426c-8819-1c5395f146bb","f16e01d7-b3ab-4b9c-a7ff-a1e5a10ebcb0"
"1ai","72166a3e-a132-4e29-9932-2e5f27df54e3","46a4c19b-9809-4960-b8da-b739dbe86a37"
"1ai","7289ed83-ad1e-4ad6-91b6-472e6ce0b572","dd6a309d-bece-48f3-8bf1-0a6b48278be3"
"1ai","753e7b9d-12bb-47bf-aa03-dbed51c02bb8","13e7d9a1-8074-4a4e-8ce3-c2729b44097e"
"1ai","6ea39ea5-6a2d-4f5c-817c-d8ca782e4e24","0a33ef2b-9a8e-4c88-927b-d5985c2b2417"
"1ai","7534da77-2c3e-4b79-9f1c-6d5ae928d55a","40827395-4604-447d-a1e1-dad2ce979669"
"1ai","74a04821-2b94-4f1c-9d54-278433131228","0720d51f-14df-4614-9529-62ec45bbdd56"
"1ai","7c0918c0-7c26-4b8e-b141-6c848e994fc4","2fcd8f4d-ed94-4d64-b24f-4872f0b600b8"
"1ai","761fdc3a-d682-402e-9bdb-fb7dce2c68a8","23aa2d9c-d45e-48d4-9921-bb44a8adff12"
"1ai","7ed4fadb-8c02-42bc-a4d1-d7dde05cf1a7","7ad2692a-aff8-4b75-9c52-5b6b9123a308"
"1ai","80a2dbb0-911f-459a-84c8-15b078817521","31289953-ec4f-45e4-b333-8cfd6c069a16"
"1ai","78c4bedc-faf4-416a-8636-b5c99d36ee9e","7acfe244-ace6-45de-b64d-9c00a4032f71"
"1ai","83f443ef-66b2-4256-8f91-7b116a0d751b","4d3dead5-55ce-469c-a8e1-fcaa1df32d55"
"1ai","82533c45-44e9-4201-bc04-6b429d9ffcfd","608b1717-b6b5-4cdf-bac4-1bba9804c571"
"1ai","853b8f11-f80c-4824-8f7e-66b95cb05276","5cf8f71e-93af-4bf9-9444-a6f844464742"
"1ai","841aca58-7505-492d-a151-1bf6d02c3634","ca9209cd-c259-4972-9581-36f610bba772"
"1ai","81cdd2df-eabf-4e33-96c0-eb8ca4b60287","32836e23-06fc-4d44-9073-a0b7d4bc864e"
"1ai","83f4f5ec-b988-4869-9275-fc41f47b9c55","89db5403-4c08-45fc-990b-a243ac373cf8"
"1ai","854108d3-100c-42fb-9163-8aad8e8f98f7","9d43b24a-3368-4507-9617-0828804e0e2b"
"1ai","83b08588-90a0-4f9d-8677-45c358ac291f","013c0a99-f07e-4b02-93a2-92e93da6ea39"
"1ai","8c074a0d-5d0d-459e-855d-45b454a79cb5","2b39a4de-4a18-4cf5-9dc8-e9dfd5103a73"
"1ai","8c8b42ea-9e93-4f97-861e-96a2144717e1","8319d4cd-b3ca-4fcb-aac3-1506ddaf2ea7"
"1ai","8d21437f-1a6a-4c56-8017-67ea6beb3345","5e9813f9-9aa8-426b-a213-41d9ec95eea2"
"1ai","8dbf61c4-c919-4191-af26-aa693a58a62d","33d1ae55-2c4d-463c-b6c0-afcd8f9e1a8a"
"1ai","90fef41b-600e-4c7b-9607-4c7bc5437bc8","34256fdf-1446-4145-87d5-e2593ff135f5"
"1ai","8e60f03f-e28a-47bb-9c15-13b193cf5acb","638b8b2f-4fc4-4621-88b5-ff46664ccceb"
"1ai","93486814-c6d5-492f-a532-6d3715aa98cb","fcb03f9f-7b3a-4c12-a869-7e4e4ff05728"
"1ai","94d5a76c-d390-4ec9-a8af-a82782776884","8695beb3-37ad-4f10-a19c-9212f6dc00dc"
"1ai","9264c36b-b7fe-484c-9fdb-8d9333e1cf79","844c99fb-de76-4299-a399-a4dff6e0fc73"
"1ai","95384b34-8c4c-4a2a-98e0-035d42498561","56810f34-a0e0-4ff5-a206-4c830c802f87"
"1ai","99a4db30-dc0d-4b5f-93ec-16ca9e5ac655","1a0a51af-e2cd-4f78-9348-49ec601e47f9"
"1ai","988e2774-bf14-4032-b938-96f80f09febf","cb931a1c-3abd-45ca-ac5f-2a68a9949a4d"
"1ai","9bb30159-6f38-4cd0-b719-f73a16377a01","930c0b3e-d1c8-4585-a220-bc41aaaa5a11"
"1ai","9e043dc1-7f15-49bc-bc3b-b33034e23fab","77eb7738-0fe3-4204-ab90-5fb5dca5d22f"
"1ai","a3c0cd32-5527-40a6-9105-40c5cd66abe8","2f7cf4e5-3154-441b-8992-369d8881dfc0"
"1ai","a48d29b5-1356-4f76-a495-c79dc5ecaaca","11ca4374-62fa-43e7-9451-1212acb392d3"
"1ai","a7f40177-aa1a-423a-a9cc-3b502878a1f2","4c8058f7-0117-48ec-ba65-95cd1ab31ee3"
"1ai","9feb02c6-76ba-49d8-a74b-44692f0ad0ca","23cb6fbd-b131-48c2-be3f-8ba4025bd6f6"
"1ai","9f8cfca9-c799-4895-88d1-31e19796a308","b2a51852-00c7-4753-8f89-6711f8dad980"
"1ai","ae96c022-4ea5-4f88-a20f-62c4c90b1f21","168d489d-659d-491f-a201-e5086030fc9c"
"1ai","afc83e86-9920-410f-9cfd-1888c8ec94f2","e4d011d5-c279-4199-8cc1-05a0c71cbd51"
"1ai","b06fa760-b05f-4330-81bc-8b985f41c940","0074872c-c7df-4b4b-9f2b-95f82abe3777"
"1ai","b6a0d142-7a4e-4889-8c20-f505c58f0366","fd93dce4-5938-4b9f-bd13-05db3f006471"
"1ai","bb061bcb-3c65-48f9-b0ca-6e511e743676","604397fa-57a2-4456-8920-d8774070a4df"
"1ai","bc2d8ea0-24a7-4cb2-9298-f0fff107c2dd","b3d1f0a3-91e0-4f13-b0c4-8f4a5e5d3033"
"1ai","ba795d95-5832-4b1c-9675-e2cd8044d86a","20267dac-3a1d-4e50-bef0-ada33ea21b4c"
"1ai","ba7c2b47-701a-4c1e-ab38-2844bedb23d0","42dbc6af-1bfd-4948-943f-79b2f72e6850"
"1ai","bcca3128-ff93-4559-b1d9-6eb748cf2028","ca69e117-14b8-42bc-b1cc-440648f67ce3"
"1ai","be6d56c2-ffcd-4899-9ed8-f138f23f5fd5","5501bd2d-29ea-4f5d-bc97-3d4bae159b17"
"1ai","c89f0926-70c7-42f3-b3b3-bd3160bec02c","d2428e7a-25b8-4444-97f6-6bc21fdac50f"
"1ai","bc6af8d4-2392-494c-ab31-a86ab648e8a9","26398c99-3c40-48c7-b3e8-12e8948dfa0e"
"1ai","c9efd3c1-0331-495a-a521-d30152a8a502","e9f3bbe6-523b-48d8-a42e-589def62546a"
"1ai","cc5e27af-436e-4001-9082-043df6068317","39c60daf-5de7-4df5-8396-5da360b44949"
"1ai","cc60d3fb-ad1e-4e9c-95b9-9b753c4b88ff","287e02e6-0296-4282-8e11-c5fa9ab9ab8d"
"1ai","d11c32e8-91bd-400c-8c62-84a51d8e8859","83e0584f-e307-4f09-b48d-fa88c77f9dac"
"1ai","d414c0c0-acb2-42b3-8675-c5bb61ef37f1","0e07dfb9-a83d-4022-8fd8-bfead1b1dabd"
"1ai","d6af8eba-2173-41ef-a3c1-8d89ef1878be","e2840399-442e-4a0c-8b29-927baa5bcffd"
"1ai","d84ba318-7ba6-43ce-9482-3db87c12e688","e90e8bd6-ca2a-4c09-92c6-7032bf309b82"
"1ai","df08096b-1d40-4eae-a2c2-7e0a9adfdc9b","aac24587-30b4-4455-9066-b9acedbdbd80"
"1ai","da974a11-9236-46a4-9433-349287649560","e22b9414-6a8b-4309-9aa0-f8a92646631e"
"1ai","d971d49a-f726-4a65-8be0-84be0c276b74","8dfd9253-4a95-4e0b-a272-fec825f18997"
"1ai","e0a17450-9067-4de5-b1d4-fc5ff6176a36","09cfc2f5-6bf2-48da-954a-ad043b4bbce5"
"1ai","e1434f1b-00a2-4a13-a2c9-52230b9923a8","ab6e4c72-241a-45be-8064-c3a0989a20bc"
"1ai","e22b3fb4-834f-484f-a4a0-9aefce23498d","f330ecb3-cba3-4201-bc58-d69da46034ab"
"1ai","dccfb1e6-281d-4ceb-a974-a6bd0d8ca68f","2de502bf-6d7e-4a9c-9c71-3f9760802a66"
"1ai","e8f0a8cc-2c18-454e-b981-0b83200917a2","71d30be7-c63a-441a-b3d2-caf6026e495a"
"1ai","e672534d-6270-4261-87cf-47a535b55b46","78549d1a-732b-4fcc-9896-98759dc07b55"
"1ai","e25d3b45-3938-4333-b641-c43a0e105170","80fd669a-dc45-4c4a-a5c8-6b7538367d9a"
"1ai","e569625d-6f59-45f0-8b6d-c45a0d73e94d","d6b070af-da67-46d5-962d-3df6e70d7067"
"1ai","e878f2d0-bc71-454a-9001-11b50bc3c006","c6b052db-63b8-4df9-b379-19133dd342c3"
"1ai","e9b7b92f-797b-4f6f-aff7-12c1e749d46f","90b916be-ad5b-4a02-9a3c-8983dc581e53"
"1ai","ec7a2baa-9843-4ea0-9f20-ed0d97d92701","a23f5a82-93e6-4f08-8d91-44190149d582"
"1ai","ecd93368-11d3-4ade-8ad4-145a46732410","f5dd86d3-0335-4765-bc5d-b5c7f2fcf5a6"
"1ai","effab533-e177-43c6-972f-d80031f4d17f","5a28116a-f004-4d7d-9127-f98f26e00553"
"1ai","f01cf1df-fb16-4940-b327-a9e9ab3e77f7","7b3a1d01-1a40-45f5-bc71-afcad8adfc5b"
"1ai","f147eef4-6b5f-4678-85d0-522fa4e24a7b","45e39fb1-d9a9-49e9-90f5-f937b4b7ef7d"
"1ai","f607a831-5fa3-44d5-ad15-986743c834e1","d53afe7e-0e71-4713-8386-c9216905ba38"
"1ai","f5b7ee57-2255-4d6f-b733-5601e1499295","e93e1801-b334-481a-90f8-ef1ab067bfc7"
"1ai","f1538ff8-d767-4d4d-9129-d9a1b2557272","61cca930-6877-4b9a-922a-07b5e4c53070"
"1ai","f99c6ea1-f0fa-4db9-917d-81b20a81aabf","3f066868-40f9-4399-81ee-28e25e30e85d"
"1ai","fbbf97d0-81eb-41fe-b2df-683553483760","86149f56-a125-4f14-b148-8d7846442a0c"
"1ai","fbc74c0c-3975-4b06-92bf-13933d0ee324","6eb579b5-1ee4-4916-b3fa-cad2a7a84669"
"1ai","ff68ec10-b6c0-4066-8946-8dc79af3bfcd","f13ffbd6-8692-4754-88e2-f2cc7c7683d8"
"1ai","fd97888f-f1ce-4ca5-af7f-9fb9fc981a6f","9712b1f9-ec23-4645-b5b9-4b15637bdd47"
"1aj","037b9f61-0c3c-42d6-8a63-8d6b1edaa14a","c35fa42a-cabb-4f4f-8fa7-a0aae3debafb"
"1aj","033cd548-bdde-42ab-8b51-2d7bc8c81deb","7bd64634-d2a3-4e8c-9c4a-c98967cc9ab7"
"1aj","05abd17a-e834-40d5-a297-9290a56ad173","75fe87d0-a4f2-4f21-9a78-a933a3fb1751"
"1aj","040a8e5c-c795-4f84-9500-d688d6974d90","b16e7cff-cb3b-4391-b820-b516893df497"
"1aj","0c32dbd8-730a-4d04-9bcb-61d02b505e69","2e22b89f-3eb8-4f7d-91a2-b2a7c6dc25fc"
"1aj","0e5d0902-3175-4a9c-8324-e4ba96bfdfee","70af8d5e-2105-4d77-b88a-a52c102166e6"
"1aj","0d0c4635-4e2e-49a3-a3cb-5da7816c5060","e59442e3-ef9e-4c68-9f18-1f3cc4fc800f"
"1aj","02899fd2-7d8c-4e8d-9977-14117f4c0607","fd8d652e-440c-4233-8af3-4612979e6043"
"1aj","131fcb46-25ac-4cc9-943c-c27c3f2f053b","acf54fea-289b-466a-9126-88ccfd0c1596"
"1aj","160b295c-16dc-4388-b9ac-6668929e2a34","1e9e3743-77fa-423f-b20e-644c05728300"
"1aj","10ba9697-b76d-4fac-95c0-29bfa6da4217","57d58b4d-0a62-4e79-9f00-bddb0fb50cd0"
"1aj","162ac927-56c4-4b9a-a63c-3b5bad1de06a","fbd62c8f-2ff0-4c98-b14a-07e365ca9355"
"1aj","0ed52a3e-44e2-4e3e-a9ca-513079bc4185","1601940a-82a0-4921-bf79-511d6b01ddd1"
"1aj","10da17f7-fd0c-40d8-a0b3-8b55b264e515","95a86434-4190-4e3b-9d78-9e96a08fcfe1"
"1aj","19d1277d-752d-47b9-a36e-ec3c91b171c8","95ce9867-85c8-4a04-8816-c9986224c11a"
"1aj","189b6bf3-5436-427a-b115-4ed3236bc5d7","5f0cd439-a662-4d29-b94c-f031b399ed08"
"1aj","1f40ce8e-25e0-430b-85a5-bf3ff8d52cd9","06fc8996-200f-41b1-8345-68af430fd1a8"
"1aj","1ca58ce5-a80d-4dc6-8ea7-2f7b34f5751d","1ca58ce5-a80d-4dc6-8ea7-2f7b34f5751d"
"1aj","1efdc2f7-1e4b-4a3a-919e-4896812217f9","37c1e0cb-a256-49b1-8aed-0cd4d23e0623"
"1aj","208b21ff-71d4-4695-ac87-a32ad166d953","403e514b-5f91-4545-aab4-3434cb70fc2a"
"1aj","1fd8d1d4-6077-4590-8b8c-bfd70fc77036","b0f438d9-5db0-4d49-b2c6-403d80d59246"
"1aj","23d9f1e0-7a3c-41e0-a9cf-49011fd3eab5","cae254e8-7009-47b3-aecd-1fe3ef749f30"
"1aj","2737581a-e4fe-42c1-a590-fc19f158801e","f131b287-ba3e-4842-8627-0cc547734df1"
"1aj","278160eb-d960-4687-b107-bd8d9c2f9422","b126be66-0d28-42f4-ac65-bd93b07a47d1"
"1aj","25261c01-2eed-4ad2-a9f7-cef8c8e25e6e","2de14089-fd34-4869-8657-49146eea7226"
"1aj","201ffafc-4c19-4798-bba4-717c63b78a88","f7ca34e7-e17b-4af2-bcb0-887e807a0560"
"1aj","2a776ae9-263f-410e-bc97-f2d0a9bb2127","392f6d11-9e47-4c32-8ad6-f57b2fe153d1"
"1aj","293c2a78-242b-44a0-ba42-ac9e75929f4f","503914ac-dde2-432e-8fef-6226b9e5041e"
"1aj","2b347359-6692-4cea-9c9f-79c3753571f9","431b45a0-2e0c-42dd-aa3f-3efdef4737c5"
"1aj","2b5df22c-73a3-47b1-ae98-3acbee766ea7","90c1246f-f9c2-47b2-b77c-e25d259bd7f3"
"1aj","2ee2b8b0-c9fc-462b-bcbd-eae05a55df0d","01c3f086-848b-4d3c-8d8c-685d8bd55688"
"1aj","31ad8052-59d7-4377-8502-869be03cd045","53fbdeb2-3f8b-49b6-9724-9302c706ac62"
"1aj","3798aef1-8dc0-44ac-a377-9ebeffa49ca9","7b1c22c9-3404-420a-872b-dd667b09aa2a"
"1aj","386471ab-28af-4c8e-bb29-c202596b088a","8afed52c-cc95-4f60-968c-f25adc948ab1"
"1aj","3581ce8a-e99d-4a19-9e50-ab38d4c1f33a","e3d86fbc-18eb-4332-bffc-1892238fed3e"
"1aj","3a304875-f39a-4664-acd0-bf8188ca9f55","d3b9fbb7-58a1-4b8d-b2ac-70bcbe0ec8b0"
"1aj","3a4abc5e-7ba5-4446-8d55-be2d06dcaa21","a9c9b7d2-2e7d-407e-ad79-c1952fcceb7b"
"1aj","44500974-9dc1-4eca-a33c-d87e8e262df7","44500974-9dc1-4eca-a33c-d87e8e262df7"
"1aj","41c10b8e-1a09-47a9-b414-97aebdd4b915","56cd4160-58d1-4c69-a4e1-ae7fadfd1e99"
"1aj","3bc3fd2a-3ed2-4daf-a8d2-dbdb15169f2a","30bce967-f3b0-44fe-854c-a8d6936c2665"
"1aj","45de291e-785e-4cc3-9e43-0f5b7622103a","741e69cd-b9dc-4f86-8903-7342a8288ff3"
"1aj","4cb4e535-4886-4dbd-a1b1-c69ab3dc069a","d247c578-e340-4fdb-948e-c848f02d0b1d"
"1aj","4e60251c-fc1b-43ec-8b3b-7b2cc406993b","be5c1c91-7c00-479e-b870-759aef0ed42b"
"1aj","514a608c-d10e-4486-9e20-459e00b29f2a","472c70c5-d8d7-49b3-997c-31bf1bcb0889"
"1aj","5fe5739e-514e-4a33-b605-e0a550b2ca2b","91178c2c-aa69-4ba6-8690-d44019a163b1"
"1aj","63fbd61c-9d14-4bd0-be62-94ba3d99f566","5c591e28-6317-423c-a908-0a4079eeb60c"
"1aj","6525adda-e147-4bb5-aaac-5596f701260e","1be36b1d-8319-4c33-8759-cd6bdf2b32d9"
"1aj","65f75190-0290-4260-85f7-bade988a7e3b","ddaab6f8-ee78-4a49-8c2e-7f57fcfe54fb"
"1aj","5cc5587b-f25e-49dc-8ba7-246e4fbe7a9b","0fd04ed1-29e1-491b-a3ae-8ee3f5ae53fa"
"1aj","66369ff6-4b2a-4bc4-9d75-d7ac854a3b0e","0eab0096-e0ac-4c52-8ce8-c5eec5ce3582"
"1aj","66ae1929-8b86-4876-bccc-1b8b9b68d14d","b0d1aa7c-47c1-45b1-95c4-a9caea546771"
"1aj","6ac2e9f1-2066-4c91-a7a0-6e9e9f4f47e4","045628e7-f857-4af8-8035-1dcc8744e955"
"1aj","6d516b0f-c189-4070-afd1-18559ebe7823","9352a42a-6096-43a1-b0cd-58fd11ef4dca"
"1aj","6d877d38-b5bc-4685-afe3-62f2834b159e","b94867e7-d37e-4d0e-8eea-ad33db834a4b"
"1aj","72166a3e-a132-4e29-9932-2e5f27df54e3","e5b96f79-df48-4a0d-89ae-bb1b7dd27e97"
"1aj","6ea39ea5-6a2d-4f5c-817c-d8ca782e4e24","0a33ef2b-9a8e-4c88-927b-d5985c2b2417"
"1aj","74a04821-2b94-4f1c-9d54-278433131228","0720d51f-14df-4614-9529-62ec45bbdd56"
"1aj","7289ed83-ad1e-4ad6-91b6-472e6ce0b572","dd6a309d-bece-48f3-8bf1-0a6b48278be3"
"1aj","7534da77-2c3e-4b79-9f1c-6d5ae928d55a","40827395-4604-447d-a1e1-dad2ce979669"
"1aj","6e9cac36-cf48-426c-8819-1c5395f146bb","15060dd1-6f4d-4a50-ac02-6cede01dbb70"
"1aj","7331a38c-7a9b-440c-be46-2d6f2612d5d7","00ba45ff-1fbc-4cbc-b907-270ddeffaaa1"
"1aj","753e7b9d-12bb-47bf-aa03-dbed51c02bb8","13e7d9a1-8074-4a4e-8ce3-c2729b44097e"
"1aj","761fdc3a-d682-402e-9bdb-fb7dce2c68a8","23aa2d9c-d45e-48d4-9921-bb44a8adff12"
"1aj","78c4bedc-faf4-416a-8636-b5c99d36ee9e","a46e2b1c-8f9e-4de1-8b3c-bb43dcd7ccaf"
"1aj","7ed4fadb-8c02-42bc-a4d1-d7dde05cf1a7","7ad2692a-aff8-4b75-9c52-5b6b9123a308"
"1aj","7c0918c0-7c26-4b8e-b141-6c848e994fc4","2fcd8f4d-ed94-4d64-b24f-4872f0b600b8"
"1aj","80a2dbb0-911f-459a-84c8-15b078817521","31289953-ec4f-45e4-b333-8cfd6c069a16"
"1aj","80162586-2df3-4c18-83cc-9c451da2075d","43ab1643-b55e-4e01-9eed-2e3f7b220580"
"1aj","81cdd2df-eabf-4e33-96c0-eb8ca4b60287","6c4322c1-63a4-413b-a0ef-05bb295ed78e"
"1aj","82533c45-44e9-4201-bc04-6b429d9ffcfd","608b1717-b6b5-4cdf-bac4-1bba9804c571"
"1aj","83b08588-90a0-4f9d-8677-45c358ac291f","a14ca448-fba4-4656-807d-30019b2491fc"
"1aj","83f443ef-66b2-4256-8f91-7b116a0d751b","4d3dead5-55ce-469c-a8e1-fcaa1df32d55"
"1aj","853b8f11-f80c-4824-8f7e-66b95cb05276","5cf8f71e-93af-4bf9-9444-a6f844464742"
"1aj","854108d3-100c-42fb-9163-8aad8e8f98f7","9d43b24a-3368-4507-9617-0828804e0e2b"
"1aj","841aca58-7505-492d-a151-1bf6d02c3634","ca9209cd-c259-4972-9581-36f610bba772"
"1aj","83f4f5ec-b988-4869-9275-fc41f47b9c55","89db5403-4c08-45fc-990b-a243ac373cf8"
"1aj","8d21437f-1a6a-4c56-8017-67ea6beb3345","5e9813f9-9aa8-426b-a213-41d9ec95eea2"
"1aj","8c8b42ea-9e93-4f97-861e-96a2144717e1","8319d4cd-b3ca-4fcb-aac3-1506ddaf2ea7"
"1aj","8c074a0d-5d0d-459e-855d-45b454a79cb5","378627c6-bad5-491b-b8da-9b68e5c5a576"
"1aj","8e60f03f-e28a-47bb-9c15-13b193cf5acb","202bf906-0f54-43b7-862a-dc0dbe626305"
"1aj","90bc5b38-50bc-4e67-9926-b8338c4d6c73","64aa92b8-98eb-4845-bad4-63ab311fba99"
"1aj","91511732-8928-4efd-9231-e85705688b45","50689eee-82db-4cc9-9abd-daade9028a48"
"1aj","90fef41b-600e-4c7b-9607-4c7bc5437bc8","73ee492e-87b3-4870-af53-b083c4b2c62a"
"1aj","93486814-c6d5-492f-a532-6d3715aa98cb","fcb03f9f-7b3a-4c12-a869-7e4e4ff05728"
"1aj","9264c36b-b7fe-484c-9fdb-8d9333e1cf79","28208721-d7ad-4c3b-a5b2-bcd0618d12db"
"1aj","95384b34-8c4c-4a2a-98e0-035d42498561","56810f34-a0e0-4ff5-a206-4c830c802f87"
"1aj","94d5a76c-d390-4ec9-a8af-a82782776884","8695beb3-37ad-4f10-a19c-9212f6dc00dc"
"1aj","985dc91d-cbd1-473a-a156-49ede87523e0","608dc30e-0771-4ec1-9623-d131f96fa750"
"1aj","988e2774-bf14-4032-b938-96f80f09febf","cb931a1c-3abd-45ca-ac5f-2a68a9949a4d"
"1aj","99a4db30-dc0d-4b5f-93ec-16ca9e5ac655","e4455baa-2b1d-4eeb-8c0d-71a624057205"
"1aj","9a3eba34-b328-44b2-a1fb-48072edbcafb","ecd38d02-d658-45a8-b986-4ff536f2c3ac"
"1aj","9f8cfca9-c799-4895-88d1-31e19796a308","b2a51852-00c7-4753-8f89-6711f8dad980"
"1aj","9bb30159-6f38-4cd0-b719-f73a16377a01","930c0b3e-d1c8-4585-a220-bc41aaaa5a11"
"1aj","9e043dc1-7f15-49bc-bc3b-b33034e23fab","2b5e459d-a79c-4f76-b97e-b42112722392"
"1aj","a7f40177-aa1a-423a-a9cc-3b502878a1f2","33c31be5-c12e-4d99-bedb-f048c7fc12b8"
"1aj","a48d29b5-1356-4f76-a495-c79dc5ecaaca","8b5e9286-d4d2-4f5c-b0cc-e010097124db"
"1aj","9feb02c6-76ba-49d8-a74b-44692f0ad0ca","23cb6fbd-b131-48c2-be3f-8ba4025bd6f6"
"1aj","a3c0cd32-5527-40a6-9105-40c5cd66abe8","241bf592-371d-4d43-98a3-a76677e0e96e"
"1aj","ae96c022-4ea5-4f88-a20f-62c4c90b1f21","168d489d-659d-491f-a201-e5086030fc9c"
"1aj","afc83e86-9920-410f-9cfd-1888c8ec94f2","ba9410e6-b779-4477-8505-ada006b34bf4"
"1aj","b06fa760-b05f-4330-81bc-8b985f41c940","f9ae792d-2bb1-40d5-8482-17468a5aeff5"
"1aj","b6a0d142-7a4e-4889-8c20-f505c58f0366","377d9d76-2ba4-4f42-8248-21a4b3122ba1"
"1aj","bb061bcb-3c65-48f9-b0ca-6e511e743676","604397fa-57a2-4456-8920-d8774070a4df"
"1aj","bc6af8d4-2392-494c-ab31-a86ab648e8a9","26398c99-3c40-48c7-b3e8-12e8948dfa0e"
"1aj","ba7c2b47-701a-4c1e-ab38-2844bedb23d0","42dbc6af-1bfd-4948-943f-79b2f72e6850"
"1aj","bc2d8ea0-24a7-4cb2-9298-f0fff107c2dd","b3d1f0a3-91e0-4f13-b0c4-8f4a5e5d3033"
"1aj","bfd70198-321c-4555-be62-b765513e615f","6fc735ad-ca4f-4b27-ad5d-3d16114e860a"
"1aj","be6d56c2-ffcd-4899-9ed8-f138f23f5fd5","5501bd2d-29ea-4f5d-bc97-3d4bae159b17"
"1aj","bcca3128-ff93-4559-b1d9-6eb748cf2028","ca6b90a7-da54-4ac3-8a5d-bba8e56f02a8"
"1aj","ba795d95-5832-4b1c-9675-e2cd8044d86a","20267dac-3a1d-4e50-bef0-ada33ea21b4c"
"1aj","c5d362fd-623a-4aa8-86e1-7d05c18592d5","3d562c95-95d9-464e-9315-624cfc3bb99d"
"1aj","c9efd3c1-0331-495a-a521-d30152a8a502","e9f3bbe6-523b-48d8-a42e-589def62546a"
"1aj","c89f0926-70c7-42f3-b3b3-bd3160bec02c","d2428e7a-25b8-4444-97f6-6bc21fdac50f"
"1aj","cc60d3fb-ad1e-4e9c-95b9-9b753c4b88ff","287e02e6-0296-4282-8e11-c5fa9ab9ab8d"
"1aj","d11c32e8-91bd-400c-8c62-84a51d8e8859","4d0bd25d-40cd-4e1c-b347-ddf352b729c8"
"1aj","cc5e27af-436e-4001-9082-043df6068317","39c60daf-5de7-4df5-8396-5da360b44949"
"1aj","d6af8eba-2173-41ef-a3c1-8d89ef1878be","e2840399-442e-4a0c-8b29-927baa5bcffd"
"1aj","d414c0c0-acb2-42b3-8675-c5bb61ef37f1","0e07dfb9-a83d-4022-8fd8-bfead1b1dabd"
"1aj","d76671d7-b115-4527-888f-6dba79018ab3","cb71da21-8223-4e5c-ba6f-394de23e3ed4"
"1aj","da974a11-9236-46a4-9433-349287649560","e22b9414-6a8b-4309-9aa0-f8a92646631e"
"1aj","d84ba318-7ba6-43ce-9482-3db87c12e688","e90e8bd6-ca2a-4c09-92c6-7032bf309b82"
"1aj","d971d49a-f726-4a65-8be0-84be0c276b74","65669f30-6e74-4d1b-b0b1-f00b5c58e409"
"1aj","df08096b-1d40-4eae-a2c2-7e0a9adfdc9b","6a117148-5751-4e01-8eb6-cf250835edaf"
"1aj","ded8582d-0fdf-43a4-88ac-34a90def3c75","f987a7b0-6d1a-44a4-b9a0-76c6c2d2733e"
"1aj","e0696ff0-48e5-49c2-90ad-749d651352c0","981c6988-61c2-48a6-a860-753fc940effc"
"1aj","dccfb1e6-281d-4ceb-a974-a6bd0d8ca68f","bbf3e3f4-c82f-4d7e-a04c-8607ab14b806"
"1aj","e1434f1b-00a2-4a13-a2c9-52230b9923a8","d2730e65-8f16-42ef-86e0-fe5c8dd47c6b"
"1aj","e0a17450-9067-4de5-b1d4-fc5ff6176a36","09cfc2f5-6bf2-48da-954a-ad043b4bbce5"
"1aj","e22b3fb4-834f-484f-a4a0-9aefce23498d","88cb20d8-94cf-4ce8-9008-1bce21d2a3d1"
"1aj","e25d3b45-3938-4333-b641-c43a0e105170","80fd669a-dc45-4c4a-a5c8-6b7538367d9a"
"1aj","e569625d-6f59-45f0-8b6d-c45a0d73e94d","d6b070af-da67-46d5-962d-3df6e70d7067"
"1aj","e878f2d0-bc71-454a-9001-11b50bc3c006","08851683-b170-4214-9f0e-ae50bf8a144a"
"1aj","e9b7b92f-797b-4f6f-aff7-12c1e749d46f","90b916be-ad5b-4a02-9a3c-8983dc581e53"
"1aj","ec7a2baa-9843-4ea0-9f20-ed0d97d92701","a23f5a82-93e6-4f08-8d91-44190149d582"
"1aj","e8f0a8cc-2c18-454e-b981-0b83200917a2","71d30be7-c63a-441a-b3d2-caf6026e495a"
"1aj","e672534d-6270-4261-87cf-47a535b55b46","79477172-b4cc-4c57-bcd9-4b7c8c3e585a"
"1aj","effab533-e177-43c6-972f-d80031f4d17f","5a28116a-f004-4d7d-9127-f98f26e00553"
"1aj","ecd93368-11d3-4ade-8ad4-145a46732410","f5dd86d3-0335-4765-bc5d-b5c7f2fcf5a6"
"1aj","eb24a349-649a-4be8-9be1-ce6921b74bf1","06ed03bc-b46c-4fb2-bd1d-2ea95f79bf99"
"1aj","ee54aee1-c357-4a5b-96c7-af8046049f63","5bbd2c09-e292-4b6d-a6e9-54c511e9496c"
"1aj","f5b7ee57-2255-4d6f-b733-5601e1499295","e93e1801-b334-481a-90f8-ef1ab067bfc7"
"1aj","f487224b-08ca-4f58-a428-3b2c3254918d","ce72bc8b-66da-434c-bb65-8bcfa08285bf"
"1aj","f1538ff8-d767-4d4d-9129-d9a1b2557272","61cca930-6877-4b9a-922a-07b5e4c53070"
"1aj","fa851ec2-9fc9-48a7-a87b-ac3ca102fb2c","5e5691ec-9000-4841-9c05-be9d61874494"
"1aj","f147eef4-6b5f-4678-85d0-522fa4e24a7b","45e39fb1-d9a9-49e9-90f5-f937b4b7ef7d"
"1aj","fbbf97d0-81eb-41fe-b2df-683553483760","86149f56-a125-4f14-b148-8d7846442a0c"
"1aj","f99c6ea1-f0fa-4db9-917d-81b20a81aabf","3f066868-40f9-4399-81ee-28e25e30e85d"
"1aj","f607a831-5fa3-44d5-ad15-986743c834e1","d53afe7e-0e71-4713-8386-c9216905ba38"
"1aj","fbc74c0c-3975-4b06-92bf-13933d0ee324","6eb579b5-1ee4-4916-b3fa-cad2a7a84669"
"1ajj","26437400-d424-45f3-ad3d-3670716044aa","145de762-e470-4836-a6e2-4d19c0eb24fa"
"1ajj","6fd5c49c-038a-463e-88fc-ca8b600600e3","ed9b0a92-4e8d-4b6c-a1db-2a2b1630252d"
"1aj","fd97888f-f1ce-4ca5-af7f-9fb9fc981a6f","9712b1f9-ec23-4645-b5b9-4b15637bdd47"
"1ajj","a452223a-a07a-41fd-bfa6-be931152919b","94ea036d-0193-4ba4-b97b-7a82536272b1"
"1ajj","b3664587-3309-422e-89ec-66893d7f4675","e000882a-ab9e-46ed-9cc2-b5b7a983ce4b"
"1aj","ff68ec10-b6c0-4066-8946-8dc79af3bfcd","f13ffbd6-8692-4754-88e2-f2cc7c7683d8"
"1ajj","e7b9ea3d-ab41-46e6-9adf-7cea10d9bada","1f1dd02a-f62c-44c3-a3ee-95ba1fd9a89e"
"1ajj","8188e2e1-bd12-40dc-a7b8-f39b7075459e","bc2b4c6f-2179-45fa-81f5-36d9c0d6a04e"
"1ajj","ffbc3b1b-409b-4178-8aa5-7e29c874a4c4","b288fc1f-6830-4930-a408-e0197a899014"
"1ajj","b9164345-5eaf-4435-9e90-6aae8a6d5bfa","21b45b0b-0da5-41ef-863b-2607f82c3532"
"1ajj","b65f1456-a915-4990-af7d-a9635a3721dd","d249cabe-1cb4-46b0-a889-04a4e8541937"
"1ajj","b4f5a38a-66a7-4574-a748-d5ff3b4746be","6753303f-9045-4014-8292-5644b9e70da0"
"1ak9","0eb8c20c-2013-465a-853a-e072e0ff73ea","10367298-2b30-4500-b672-4887b773bb77"
"1akr","773e2e10-c056-483a-aea4-7c08f7f9a7eb","44772f20-2a89-427e-a739-7fddd81ae078"
"1akr","ce828b5b-9442-4068-a8bd-8675f12d7271","c4e48f56-90de-47cb-8095-b2a5f9c7b77b"
"1ams","2ab22601-24d3-4e02-a302-3fd4db37e4a6","23f5b485-72fe-467f-bf07-7939414b7cf0"
"1ams","0a40192c-572e-461c-a5ce-2cec6051617d","cb231795-f3ce-4a80-a64b-56c41eacf58b"
"1ams","41651233-0198-4c54-b826-fab939200548","b1729804-7f46-49bd-b8b6-1108bbed5543"
"1akr","b7fb6d3f-1f53-4d5e-af99-f592992146c9","695b6cdb-b60d-42ae-b105-17c3027027c2"
"1am4","6ffa6029-bb9c-4cc2-ae09-08dbc1615f07","629a976f-d7f4-4980-899f-070bbf0221a1"
"1ams","64e6be46-b337-40f3-a483-b8e7e7ea7af9","66bd89c4-08fb-418f-9408-9fced56f67ec"
"1ams","46f02a96-505a-4a0c-8741-84d5ddf13288","212169df-e0d0-403f-ad3e-5d2720d6e33d"
"1amt","17a899e9-53b1-48b7-b373-3b7d03374b1d","788b7818-58f5-4ac9-9c53-e02ae4e054d2"
"1amt","31d55423-68fa-4c3c-94fd-0293893a816b","a50e5d31-4d1a-4420-a9c1-3b1325fce562"
"1ams","eb2615b7-6838-4c9b-939e-e6ebc42dd866","a7df4447-86b5-4525-820d-fc413b64bd65"
"1amt","6965e3dd-f9c6-44d3-a836-a9e89a0ed418","5798d2c1-ffac-4c89-aeae-f53eec8ba629"
"1amt","45c37fce-1977-4dcd-82e1-3a39211b0cb0","c8c5b2af-f7bb-4afd-b2f4-c6be2537ded9"
"1amt","bce6e017-27e9-4154-8c6d-e47185784bae","ec595e96-8e5c-4af5-9b84-465b58c48066"
"1amt","d6cffcc6-e39c-4fce-a22e-0eb8ff39129d","39e561fb-1416-45df-a47a-edcf4b244dbc"
"1amt","d9b5cc81-c0c1-4b56-a51d-f687557c46dc","1610ced2-1859-4f47-b75e-f9d9423459ff"
"1apk","c81cbeb9-83cd-4e30-998f-bcd7f85d864c","cf01cc86-3af1-4b58-9754-584879a05c09"
"1arf","8b0c4345-5995-4fc8-9e9a-13f50ed5f9f3","0ade4889-5e99-4932-b4fb-fc0e134be2a2"
"1ath","a76a2553-37bf-4311-b161-7643e22bb4e2","c99cf629-e1e2-4bfd-b90b-b83e8d17e599"
"1ath","c320cfb7-12ad-4734-aa81-5d36138c16b3","a9306863-549c-4f6a-a4fa-282fb6ea851e"
"1atx","a76a2553-37bf-4311-b161-7643e22bb4e2","f1fd46ab-601e-4de5-9bc0-8d82938491b7"
"1atx","c320cfb7-12ad-4734-aa81-5d36138c16b3","7539e778-038b-4d25-bf08-f993c5f2b05c"
"1atz","4fb7d0e6-e422-457a-8626-b49219744bc1","5bfce029-6d75-499a-9bf0-f63e9576d773"
"1au1","490b4e38-44aa-417c-90cf-fbbc36b3bd0b","c2a1b6d0-b9c4-47d3-8436-3e62b313ab7b"
"1atz","ce828b5b-9442-4068-a8bd-8675f12d7271","3648ca7e-06a0-466e-b4b7-bf0855b030fe"
"1au1","d22ab313-df7e-4440-90ac-4df46f8c3a58","5fd43166-69c8-47b6-acac-bb221c18ac65"
"1auu","c320cfb7-12ad-4734-aa81-5d36138c16b3","0ba7c966-27d2-44de-81b5-c111811d145d"
"1auu","a76a2553-37bf-4311-b161-7643e22bb4e2","fa1cd47a-e973-47cd-8226-1ccd69fd687a"
"1auy","c576209d-f69f-46e7-9e4e-346d2b6861e7","1e6163b5-43f0-4795-9b74-98e999e07660"
"1auy","ce069f18-1355-4272-9aa0-ea5867520918","ebbc9707-087b-4198-a46a-3b54611bd7e4"
"1b00","35d25456-2210-4e31-892a-671eb01f0ffb","f56876fd-8e68-43e3-bf82-71b5cceeba04"
"1b00","7e94808b-f833-4017-9eeb-754ac59f891e","97d52ec9-92e3-48b1-8044-32ca4fc5e2aa"
"1b00","c320cfb7-12ad-4734-aa81-5d36138c16b3","44e627fd-75f5-41c0-b74a-50638beaa49a"
"1b00","a76a2553-37bf-4311-b161-7643e22bb4e2","99a13260-0360-4ddc-823f-f7f4a0fa94ac"
"1b00","f4885d1c-c0cb-4d25-a222-0d6ba2f9ccc0","78a7cd34-bbdc-49d1-b34e-58725675fe50"
"1b00","e22b3fb4-834f-484f-a4a0-9aefce23498d","7c35bcd5-46e5-4581-a552-2e44ef809175"
"1b2a","c06fb5fa-8d02-45ef-9f3c-37f217bfb0a4","3a137645-849a-4810-a222-52794dbcd1a9"
"1b2a","a8049e51-4bf1-4f58-b855-76d7b42a0c46","6073c685-8c8c-4202-84c5-74b8ec101b60"
"1b2a","a76a2553-37bf-4311-b161-7643e22bb4e2","51110b46-a7b6-425a-a1bb-e0f2475adf44"
"1b2a","c320cfb7-12ad-4734-aa81-5d36138c16b3","07b7b366-47d9-485d-9a74-488d3aeb87ef"
"1b2a","1720a7eb-c0ee-418d-abc9-63fc81a4bf02","a0ff6b7b-ad23-41f8-aa34-daa8d09aee4c"
"1b2a","cef9aaf0-e97f-4840-abd4-6175d469f16a","b3bc2928-2dfb-4581-aa84-2f7303bc30c2"
"1b2a","cac098e2-7ab8-443c-a1cb-ab7d3edc6e78","5051474c-e319-4fbd-91a3-9d203084514b"
"1b3v","235af56c-c4f4-4a91-8248-c8c739f65d07","0c0ee97f-74d7-4c7a-8f64-748f2869eb86"
"1b3v","2399dae0-4879-4d1e-a952-f94fea66bf65","d0c334a9-13b4-47aa-af33-b606ab255ee7"
"1b3v","dfc53a0b-6d95-41f2-b86d-274f55d8b44a","2cf8f441-75c2-4283-ad0f-e8aec691baa7"
"1b3v","289e3173-1e51-4ebf-90ae-f58b8d34c37e","d20fbea5-b78d-4378-a944-9c3dcbc7821f"
"1b3v","9aa5baf6-bfd5-4645-b468-546aa1c38031","4bfc81cc-6d5a-499e-9bee-80abc8803851"
"1b3v","6de4759b-272d-466e-9cb9-839b575ac900","d40224ee-900e-4db5-96e7-e1dd73d66ea4"
"1b3v","2e69e80c-e95e-450e-b49e-f81f23e0fc80","3118026a-c25f-4f2f-bde7-d68f6596a392"
"1b3v","ffa0de74-68d1-4e62-b5ba-c85f730331ca","3cb52099-10db-4e6a-92a9-156c222e0800"
"1b3w","235af56c-c4f4-4a91-8248-c8c739f65d07","0c0ee97f-74d7-4c7a-8f64-748f2869eb86"
"1b3w","2399dae0-4879-4d1e-a952-f94fea66bf65","d0c334a9-13b4-47aa-af33-b606ab255ee7"
"1b3w","289e3173-1e51-4ebf-90ae-f58b8d34c37e","d20fbea5-b78d-4378-a944-9c3dcbc7821f"
"1b3w","2e69e80c-e95e-450e-b49e-f81f23e0fc80","3118026a-c25f-4f2f-bde7-d68f6596a392"
"1b3w","9aa5baf6-bfd5-4645-b468-546aa1c38031","4bfc81cc-6d5a-499e-9bee-80abc8803851"
"1b3w","6de4759b-272d-466e-9cb9-839b575ac900","d40224ee-900e-4db5-96e7-e1dd73d66ea4"
"1b3w","dfc53a0b-6d95-41f2-b86d-274f55d8b44a","2cf8f441-75c2-4283-ad0f-e8aec691baa7"
"1b3w","ffa0de74-68d1-4e62-b5ba-c85f730331ca","3cb52099-10db-4e6a-92a9-156c222e0800"
"1b6a","bca96f7a-2b4c-452f-8188-edad2e567439","ca963b47-735d-4a6a-99ea-b159511b083f"
"1b99","9d4780eb-2632-455b-848c-9e9ac21ae141","134c0b94-f189-46c1-9ffe-e3491f57aae9"
"1b80","2581583e-b776-43ac-a54f-5a71e0ef2da8","a83e9cc0-b6e9-4e3b-949b-f2f99585c142"
"1bf3","b6a0d142-7a4e-4889-8c20-f505c58f0366","68e2e560-7d15-44e0-b790-187b616b3ca3"
"1bf3","e22b3fb4-834f-484f-a4a0-9aefce23498d","7c35bcd5-46e5-4581-a552-2e44ef809175"
"1bfc","58085150-8ee3-40bf-902a-8bb1e3e20feb","5d7191eb-190f-416b-a0a7-0c5f28a16cd9"
"1bfc","239a68ac-7137-4f58-a81a-497017fd704e","6a212d54-adb0-46f4-9c1a-cde4871850b7"
"1bff","86b794d1-32ec-4ee2-8c10-2ea919087c5b","0345c73b-59e9-4e31-9ccd-dd1ec891a7b9"
"1bff","56a2461e-f5b1-4579-a8fa-2e0ae15ac7e1","9203f5bb-17c6-414a-9552-b4b15b8f4aa1"
"1bff","36d75b33-930f-40a5-8e0e-392223604077","12c2e30f-859e-42d0-8dc8-92a1ca2ee3f3"
"1bff","89553d7a-6fd2-47d6-8c02-81bbfaa2580b","46a56a3b-6d6a-4cd4-b293-1f8f0f85efc2"
"1bfi","a76a2553-37bf-4311-b161-7643e22bb4e2","bd6f9fc9-4b45-46b6-8ee1-4378dbcf7cff"
"1bio","0ac55fec-4796-4bcb-a6e9-32c9a1d21c0c","ad44530f-e999-4cfd-bbe5-be14783a7812"
"1bio","3d9ff553-be18-427c-af39-441e34501b1c","908de4e3-0474-4d47-9ad8-999898c3baf8"
"1bio","a76a2553-37bf-4311-b161-7643e22bb4e2","b74d6e6a-2359-4e91-a2eb-155c8a5e0d96"
"1bio","bcaf0cb3-a52b-4b31-b98e-08837738d65e","659bb760-4aa5-4213-a032-752b01a508ec"
"1bio","c9d5635f-b9aa-47af-9dcb-62046f496f1b","ffcb63b6-a453-4c64-b0b2-2ea2f6b42e59"
"1bio","c320cfb7-12ad-4734-aa81-5d36138c16b3","07b7b366-47d9-485d-9a74-488d3aeb87ef"
"1bio","fda5621f-e392-4da2-a955-20c239ef82fd","9b95f8f7-c192-45f8-ab59-d7a14386d1ca"
"1bl","b435f99d-604f-448a-9bb8-c2b45b6a9137","1ba05d4a-c3bd-414b-a6e9-5143f12f9c25"
"1bmb","4c536b75-4519-429c-8479-bd190dd2c48d","ac0b1534-a74a-4284-8931-061c2cda3d02"
"1bmb","9bbf89ab-5b78-41b8-94d2-7af3d87846e5","db3fae19-9901-45e5-9a5b-92a15b6209f7"
"1bmb","4fb7d0e6-e422-457a-8626-b49219744bc1","2952e13c-68ce-464c-b09e-dd638dd2b31f"
"1bmb","ce828b5b-9442-4068-a8bd-8675f12d7271","da3df0b5-7cfd-4374-a8fc-0cfcd3d5284e"
"1bow","a76a2553-37bf-4311-b161-7643e22bb4e2","b74d6e6a-2359-4e91-a2eb-155c8a5e0d96"
"1bp1","1de4a51d-98f1-4b0b-9965-bd17496ba836","9d75d0f1-eb13-46d3-86c7-2763b449001e"
"1bp1","14d95d44-a74f-4110-8a89-b3869bf68668","da1c0af7-b76a-42de-8ed3-3ca259d805a0"
"1bp1","24288b92-2e05-40b6-a104-75ebc729a177","1d132c7e-1885-4452-87eb-5752e7d48d33"
"1bqe","006e6274-e94d-4be0-9fb2-48746bd81933","69a6ff3c-cb40-41ef-a10e-366c40ff7b61"
"1bqe","7102c784-b565-4d9c-93f1-85d33bcc9dfe","161cc96f-b24d-453e-b41b-9092ec2c0984"
"1bqe","47415c5c-82ca-4e8f-8b20-b02dfb5b55e7","22aafad3-dd28-48f7-a111-64b90ecdb5f3"
"1bqe","3f437620-486f-42dc-b900-72bf72e5a517","46832419-84f4-4090-a03c-39501d167481"
"1bqe","ff04b95e-2824-40a0-b077-cc5e54b103dd","b5b94302-da36-42c6-bbb7-4c14ba549ad8"
"1bqe","9c65ed2b-1f21-4629-b3c7-da22656d7b9d","07607a0b-1294-4bda-903e-8e177d3886e8"
"1bqf","01d5d178-cfe4-4db6-b6d8-37bd966fa0da","6475873d-ccc2-4304-ad12-4c4d9b7ab47c"
"1bqe","d3e2e150-fa04-4f17-97da-df97eb70675b","7376d455-ad7a-443f-8c45-f66e7f042ac8"
"1bqe","984b6749-0105-4645-9478-5266bc5b2d3e","5b7cb3a0-a28b-4878-a614-14131b856bbb"
"1bqf","0483ed2a-2904-4562-b579-456892c417af","a3de5678-76f0-42c2-985b-9274b529446d"
"1bqf","36d2c612-b030-4986-b1e4-5697e92c67d1","c9e3e256-ebde-446f-b7ed-2aa8f08167b9"
"1bqf","6c3e7f25-bbdd-4534-9888-7abbf8c483d3","aa0d44de-3a3d-4f76-9394-fd05b375df23"
"1bqf","734be632-b5eb-4ae5-880b-c60390591e67","8fe4db28-8f23-470a-9568-5790f2524a9a"
"1bqf","772bea8a-62b6-4423-ad3c-a1fc8b2a422d","c3df7cfc-9bbd-4e1b-b527-50f1d84883e7"
"1bqf","7cfe3609-0ad4-48df-be85-aa72fd916f74","8b5ceffb-fcc4-4325-a771-9f5a8b465309"
"1bqf","7ed06dd4-ccfa-423b-aaa0-3bff01a18088","9186e15e-dd75-4b22-b989-12ecd930be58"
"1bqf","84e5934d-317a-4203-929c-5045540f6a62","f0f74430-7f1e-4932-b451-f19d9a95da4e"
"1bqf","872bd0e2-26da-4fa2-b739-405ebba6801d","f697a055-97e6-4725-82cf-9aa99f8459c9"
"1bqf","97fea357-520f-475b-b888-f64df328bdce","c4414dda-b3e3-40a8-8cc5-f1e1c3fd65fc"
"1bqf","98971cda-aa36-472f-b1df-f7e7abdc7b53","e0b9af7c-be8e-41b3-909b-ceebf6e70a4c"
"1bqf","9b28e016-81f6-4c19-9792-ba28b40549b7","70d20483-0398-42ea-a115-f9d4204ba87c"
"1bqf","a6887ec4-315e-47c4-aaad-ec61e8f8125b","953e111e-69b5-4511-977a-35acecd3265a"
"1bqf","adf2263c-68f6-4672-a330-fe824e239616","83d85e6e-4c63-491c-9cd8-2df19a0a6066"
"1bqf","b3c52576-da60-484d-8c39-547a8781c2da","157f1980-823e-4519-8723-d29b29f7dd78"
"1bqf","ba5532b7-0245-49e0-aeca-5bfacfe3c8f8","2b326241-e333-4e02-a6d6-395d612b04df"
"1bqf","b6a0d142-7a4e-4889-8c20-f505c58f0366","d9a17de6-ff21-466c-81f8-22a326a96d87"
"1bqf","b8719f0b-f9cd-4a87-96fd-c634baa52ab4","61f0bd9d-8a4e-4df7-bd54-26decdf9dc6d"
"1bqf","d5cebd50-e279-48f5-869e-2bca9df9a3ba","dc548454-b4cd-4aeb-ad6e-f2188ccd9ef9"
"1bqf","d9252a1e-2d1e-4aa5-a46f-c675e2f15f09","106709a2-b4d4-474f-a74e-ec7acc3bf6cf"
"1bqf","ed6ce373-1c89-4eba-abe1-197a26ddc573","e91de984-87a5-49a6-b86d-f15f53b899df"
"1bqf","fb6512a2-953b-4585-aa76-f4fb1ca24215","2209f12f-0559-499b-818d-944160fcdc2b"
"1brk","14d95d44-a74f-4110-8a89-b3869bf68668","da1c0af7-b76a-42de-8ed3-3ca259d805a0"
"1brk","3ccd6a42-12ee-4e1f-8619-6b3a3184f1fb","e4059724-8cb8-4cdb-8327-806ef413d58e"
"1brl","09321396-7d6a-42a2-a629-30283f446176","9b10bcc2-885f-42e4-ac43-3cb7ee8f28e4"
"1brk","97fed2a3-8314-4efd-af39-7576095a5ff1","39161f2d-3c78-4e5a-b84e-3d07633be9a1"
"1brk","a4cc4c22-c01e-4f65-ad49-e4771fbc2774","5e855317-72c9-49c8-b49b-9ed431665f6f"
"1brk","952b3a61-ae66-48be-90e3-0d828cf7bc30","257d1253-24c4-43fd-93a7-044cc453f669"
"1brl","3513e67d-8273-42f6-85b0-725ec743e2a0","9aea9883-6863-4018-ba86-de9562fd9014"
"1brl","f4ab22b1-016d-424e-b010-b7e1b27e2d73","c9fc247d-faa6-4c37-9aec-85e1836c7191"
"1bt","64262555-f415-44ae-9ca8-2e922a49ddf1","e7a1c61b-b1bf-4b9d-912d-d3580359fa21"
"1bt","b6a0d142-7a4e-4889-8c20-f505c58f0366","8975a6d8-6187-4a21-a26f-647d2864c10a"
"1bt","f660a5d4-898f-4aa3-8087-b23d42707c85","4e0474e4-9e51-45a6-9af1-be4a529ad8b9"
"1bt","db5635a6-f528-437e-9957-6a1cd57dd63f","5b884d63-d2e1-40c5-8dc3-1cbb1417c2f6"
"1bt","c320cfb7-12ad-4734-aa81-5d36138c16b3","07b7b366-47d9-485d-9a74-488d3aeb87ef"
"1bt","cb077c4a-82cf-4c65-9841-25958e7b236b","692e70b9-7988-491f-8681-22bef4ca45a6"
"1bx4","a76a2553-37bf-4311-b161-7643e22bb4e2","0e331ce5-458d-4a4a-a8a2-c399f90122b5"
"1bx4","7aed67c9-9e01-4a50-8830-980f29296252","c3ce2ccf-504e-4b4c-aac2-1217dbdcc2e4"
"1bx4","c320cfb7-12ad-4734-aa81-5d36138c16b3","07b7b366-47d9-485d-9a74-488d3aeb87ef"
"1c5i","d81e1c76-8b44-4b16-9b81-bf2f511523b6","7a8d4a19-44d4-45c1-8785-df19b940a376"
"1c5","7d07e4bb-a6a2-481a-bffd-e9bd877b07fa","d2fbce84-921a-4048-bf87-784053944692"
"1c5","c320cfb7-12ad-4734-aa81-5d36138c16b3","2c614a7f-2b96-4066-b6a0-b4fdf2878256"
"1c5","a76a2553-37bf-4311-b161-7643e22bb4e2","4d9035f3-d308-4946-b67b-a65c257e0171"
"1cav","338e17f0-e3d2-474d-9b7b-480b3123be9e","96c4f7e1-09aa-42a3-9b11-dafeb8c7a7c4"
"1cav","c48e33b2-834c-45f0-96e0-11cfe6c7e847","270e524a-0985-43de-9a9c-20846fa6f384"
"1cb7","9bbf89ab-5b78-41b8-94d2-7af3d87846e5","db3fae19-9901-45e5-9a5b-92a15b6209f7"
"1cb7","4fb7d0e6-e422-457a-8626-b49219744bc1","45488be1-5f3f-4bb4-8495-058d1fa4fa6d"
"1cb9","4fb7d0e6-e422-457a-8626-b49219744bc1","45488be1-5f3f-4bb4-8495-058d1fa4fa6d"
"1cb7","ce828b5b-9442-4068-a8bd-8675f12d7271","c4e48f56-90de-47cb-8095-b2a5f9c7b77b"
"1cb9","ce828b5b-9442-4068-a8bd-8675f12d7271","c4e48f56-90de-47cb-8095-b2a5f9c7b77b"
"1cb9","9bbf89ab-5b78-41b8-94d2-7af3d87846e5","db3fae19-9901-45e5-9a5b-92a15b6209f7"
"1ccx","4553c9b4-f328-4241-a621-9be3f862ea32","809226d7-e499-4fb1-943d-9c2ad1778875"
"1cdx","64262555-f415-44ae-9ca8-2e922a49ddf1","918cb90e-a2b5-42b4-b1c8-57ef1d91e307"
"1cdx","8b634ed8-2d84-401c-92e3-f67e734112f8","e367acd1-bf21-4e1c-8f89-a5d4453b80dd"
"1clr","a76a2553-37bf-4311-b161-7643e22bb4e2","b2d9d481-4b12-405c-b201-268107e40d9e"
"1clx","e22b3fb4-834f-484f-a4a0-9aefce23498d","6ed51e45-2ee3-4e26-b241-3a5d8f957c9a"
"1clx","c320cfb7-12ad-4734-aa81-5d36138c16b3","cad98b92-fb84-4d34-8c57-13a288aa26ae"
"1cn1","1c50d5c3-6da6-4517-a5e4-450158b21903","a4d3da07-0b79-4316-8704-b059f53c7f24"
"1cn1","96e3c414-c0c3-4974-aa49-46dd1ef529ef","46794d71-a04c-4662-bce2-c2db8c523286"
"1cn1","b6a0d142-7a4e-4889-8c20-f505c58f0366","a1151c55-7483-4932-af75-120c7a1b21b1"
"1cn1","e22b3fb4-834f-484f-a4a0-9aefce23498d","ef9ccd0c-b826-4847-8b6f-69d1befd965d"
"1cpy","2c3818cf-2ff1-4f48-bf7e-5dd9d06c8a08","db3d5c37-ff88-40e5-b381-30fd9e3873c8"
"1cpy","89e555c9-2edf-4e03-a76e-2f8b38f73f58","1771d020-56ee-484a-9521-e23753452cf3"
"1cpy","735dbd8e-affe-4f94-8a14-4a85d7972963","c6f36219-4aed-4c2c-b9e1-b1176abb028a"
"1cpy","a4faa2b3-e70f-4557-b1dd-122c30ada507","89f10196-3121-49fd-b569-ffa95d879b3f"
"1cpy","ad20c29e-92cb-4b92-b976-b2345aba9c59","3c3f6432-0826-4ea7-a581-34327cbf0ce5"
"1cs1","2cfdf1b6-bcdc-472c-b7ad-04764f1bae20","37abf754-3a6b-455c-8992-feff4b7eec76"
"1cs1","3c5d38c2-d1d5-46de-baa6-19eb93f37bf8","b4410c59-6a3e-4ae9-aa82-c6a8acf6d7c1"
"1cs1","12e948bb-a919-4232-a6e3-ceebba50c075","e505d3b2-1d80-4295-9d6b-89b45627ff63"
"1cs1","52dc0c14-0abb-431f-a6ba-83583075ea56","fc1c019a-3203-46e8-a961-d4e241e2231b"
"1cs1","4ed41602-63ef-4e68-b90d-daa2f6c42587","fb45a21f-ea3f-48a9-9e2d-efc796b31f6e"
"1cs1","68ae4d49-996d-49af-95b9-d876dd2f6c1d","116995a8-691a-4d15-90a4-c5713cdc0c31"
"1cs1","6eed2ca6-56c4-475b-b687-ec77bfc475c7","b99bf18a-05ce-477c-aded-7170351e54d4"
"1cs1","b6a0d142-7a4e-4889-8c20-f505c58f0366","68e2e560-7d15-44e0-b790-187b616b3ca3"
"1cs1","c212e6f1-66a1-4082-acb7-a3d90f6f3314","a65c2b48-0f6b-46c1-9545-4f0fa711de20"
"1cs1","7bfb9c00-eef8-4556-ad25-07b806812af0","742de73b-d577-4516-abe8-45d8fa442c26"
"1cs1","b334e804-a553-4fae-b887-34076781705b","28a78d0b-8c6e-4066-b683-60b8ff59db60"
"1cs1","e22b3fb4-834f-484f-a4a0-9aefce23498d","7c35bcd5-46e5-4581-a552-2e44ef809175"
"1cs1","d323f7e2-77b2-5193-bdc8-b4e91f3425e5","b76d3c59-1f7c-57d2-a656-5f1fb822ef31"
"1csg","9bbf89ab-5b78-41b8-94d2-7af3d87846e5","db3fae19-9901-45e5-9a5b-92a15b6209f7"
"1csh","ce828b5b-9442-4068-a8bd-8675f12d7271","3ca94ee3-0839-467f-b181-4257ec0a4cbc"
"1csg","ce828b5b-9442-4068-a8bd-8675f12d7271","c4e48f56-90de-47cb-8095-b2a5f9c7b77b"
"1csg","4fb7d0e6-e422-457a-8626-b49219744bc1","45488be1-5f3f-4bb4-8495-058d1fa4fa6d"
"1cs1","f35c9821-2531-43cb-8a9d-39aab92ba388","2554ac82-2ecc-4be9-a6c0-a0edcbdc94fd"
"1csh","4fb7d0e6-e422-457a-8626-b49219744bc1","a6f81a3d-9883-4e77-a2ae-fcf8e1936d49"
"1ctj","a76a2553-37bf-4311-b161-7643e22bb4e2","a3d346b6-aad7-4d91-933d-96ff828635ae"
"1cyk","72cb038c-7bbd-4da1-96ad-21253e8d58a1","245abaab-e9d6-4f36-a8b3-ba52a8af64c8"
"1ctj","c320cfb7-12ad-4734-aa81-5d36138c16b3","c3d9292e-38a1-4b53-a9bb-5a5f161143ba"
"1ctj","b6a0d142-7a4e-4889-8c20-f505c58f0366","b3a04559-faac-4b50-b9a9-7c5d6b7c61c2"
"1d0","e22b3fb4-834f-484f-a4a0-9aefce23498d","7c35bcd5-46e5-4581-a552-2e44ef809175"
"1d18","5f1bbcba-23c7-4391-b8af-ada2c8820a49","0f7e6efd-f8cf-49a5-b2e1-dbf4b0dedb94"
"1d18","629c95e9-c37b-4041-a432-f62309a5263a","6a39868e-0ed2-4809-8f54-196bcd34e39e"
"1d18","6b68f323-aff0-45b3-8e8c-9a2b769b708f","0766f179-f7e5-4f4a-80a9-6710d13f18e0"
"1d18","7aec10b8-78b1-42f3-94f9-5cffb694cf32","47fd1d57-6e88-45a3-ad2f-7032cc93b7c8"
"1d18","8c8431d5-0d63-4a88-8db5-cf1c80f4ef26","5eb24554-9d14-44cc-a950-785a2c173aec"
"1d18","b070eecd-85b8-4a42-9e99-aaa27a840a4b","24c937c1-257c-4690-830d-d51b0e7a54eb"
"1d18","c320cfb7-12ad-4734-aa81-5d36138c16b3","07b7b366-47d9-485d-9a74-488d3aeb87ef"
"1d18","ceb49c5f-f5f5-475d-b30c-b1ffbfa3f1d4","fd02bf1c-1675-4217-a238-62fc0fe16f4c"
"1d18","d9bf72d4-ba75-4259-a62a-b5d6412adac0","1cba4efe-182f-4084-baff-f7d31f332f7d"
"1d18","fbf522df-afea-48ea-8833-becfc33c42b9","0a90283a-4ef9-4ddf-a88c-929fa7dd9a68"
"1d4p","3163d08f-a6c3-41a8-bb85-4f0c6304ebb7","9aa689f6-0910-4c4c-94c8-44711c4a90f5"
"1d6","090f243d-7fba-4604-887f-f8e9acd3f6e3","09ced2a6-2de3-420e-9f94-ea1369c0dd08"
"1d6","0c993007-76ed-4365-917a-8cb3acc4f8b0","4fd40b18-70d4-4d3d-8afc-21b944df301f"
"1d6","19e68d2d-452c-4db3-a9e1-9bb521b4a081","8c3a3703-2aa3-4887-88de-f91aa8223092"
"1d6","1c80fc5f-7f51-46d4-a54f-a5eea9acb225","84f28d5a-b60f-4267-b123-55df34d5fe72"
"1d6","1d291bf7-4a63-4e04-b3cc-3eec46c346d2","efc43031-f633-4f94-956f-2c742f4117b2"
"1d6","2737581a-e4fe-42c1-a590-fc19f158801e","aa9226da-2b25-40b0-96fb-3528c07d42b8"
"1d6","40492a29-56bc-451c-8cb6-304bbfbdcae5","ea80d401-76e8-4ec0-86fb-e58b0e969dec"
"1d6","4c66a017-befc-48b5-8ae9-e0fbb9e6be0f","09bac4e1-8863-4b0f-ba0c-095c75f48118"
"1d6","4d7bf271-1229-4490-b425-f175aacfee14","1f17df76-97b9-414c-abb0-a4b15ba7d184"
"1d6","5cc5587b-f25e-49dc-8ba7-246e4fbe7a9b","0fd04ed1-29e1-491b-a3ae-8ee3f5ae53fa"
"1d6","6b4e0c8a-2f4d-4a3e-9b7d-1c5e8f0a2d6b","9d3a7c1e-5b6f-4e2a-8c0d-3f7a9b1e4c5d"
"1d6","6de4759b-272d-466e-9cb9-839b575ac900","d40224ee-900e-4db5-96e7-e1dd73d66ea4"
"1d6","7d55542a-ccde-4893-b0a8-6c8889c08b73","60ad607d-a96c-4ee1-b570-3b250113ae2b"
"1d6","85bdc944-ded8-4868-a98a-2f69b4631f48","c117ecc8-288e-419f-baad-fe6a80424137"
"1d6","8ee042c9-4ed8-4a5c-82f9-d754cd433934","47f10a6a-be2d-4aed-921b-34143cafc93b"
"1d6","90268639-72f1-46df-ad5c-ce45ee7fc705","133a5cb1-d5ac-4bc4-8dc5-bdd4d3088229"
"1d6","949af78b-7cf3-4019-a5dd-cd1e4fb5eb77","e4995e0e-4908-458d-9450-17bcef95fa9b"
"1d6","afd816ea-3f11-4b13-b315-d4fd057bc9d3","fdbefec9-96a2-4113-94cd-ffd41e90ff3e"
"1d6","b4417e1a-78d3-4a10-8274-e7bc0b8f1211","8c628bcd-1ff0-4064-8ef7-00e127136f1d"
"1d6","b6d7357d-b555-44ec-8117-f90fe8337d0a","ddd6cc2f-f080-40be-b182-48324d75dce2"
"1d6","b6a0d142-7a4e-4889-8c20-f505c58f0366","e55389f9-c067-4d68-a478-e72340f890e3"
"1d6","bc355d23-88d5-4ce5-9b13-8d66fe0d6188","82ae287a-4172-422f-9a72-276f9ca19085"
"1d6","d3a6d511-c1b1-4d52-bd25-73846a09a099","dbde6a6f-1161-402e-9fd8-cd47b66aeee6"
"1d6","db1f4e30-56a9-49b1-8a0a-ca14a4cf1bea","48c8b999-d09e-43f1-b17d-f58df431de86"
"1d6","f8a41c93-7e62-4b15-9d37-2e0f5a8c1b46","d3c85b72-1f49-4e83-a620-8b5e7c0d2f91"
"1d6c","c320cfb7-12ad-4734-aa81-5d36138c16b3","07b7b366-47d9-485d-9a74-488d3aeb87ef"
"1d6c","a76a2553-37bf-4311-b161-7643e22bb4e2","51110b46-a7b6-425a-a1bb-e0f2475adf44"
"1d7m","a76a2553-37bf-4311-b161-7643e22bb4e2","bee82348-b18a-4520-850a-6b0a177e3bef"
"1d76","20787ea4-c110-4fac-b177-e134a2d1bc2f","65842524-fc7c-4c7d-bc9d-fce0f7b471a9"
"1d7m","7aec10b8-78b1-42f3-94f9-5cffb694cf32","4f968c56-c51c-402c-bdd3-05e4b160a033"
"1d7m","b6a0d142-7a4e-4889-8c20-f505c58f0366","3fd6644e-83d2-4b28-946c-b62046fdda6a"
"1d7m","e22b3fb4-834f-484f-a4a0-9aefce23498d","9a8b42a7-b405-45ac-b41b-d1114c413f67"
"1df","c320cfb7-12ad-4734-aa81-5d36138c16b3","07b7b366-47d9-485d-9a74-488d3aeb87ef"
"1df","a76a2553-37bf-4311-b161-7643e22bb4e2","b74d6e6a-2359-4e91-a2eb-155c8a5e0d96"
"1dfb","b5aa2678-7a1e-452b-be98-bdb5213187cc","d120cd23-5b2d-4593-81e0-cf1fe8ba931c"
"1dfb","a2891b6b-42b6-42ef-919b-7ccc37467388","b920d33c-02e6-430d-846b-223200c87f9d"
"1dff","4fb7d0e6-e422-457a-8626-b49219744bc1","5384e288-688e-49ec-90e3-71f2d7d3aa97"
"1dfi","16608d91-2226-4fd9-a408-fd66732299a6","9645c43c-0b3c-4465-9a90-a50e576cfe6a"
"1dff","ce828b5b-9442-4068-a8bd-8675f12d7271","ce113bd7-a389-43d8-92dc-acaff62e7d5e"
"1dhj","b6a0d142-7a4e-4889-8c20-f505c58f0366","65054825-c7ad-4e87-97a6-8a5eb975c643"
"1dfs","afdc1b48-ec07-4434-b9c6-90d53f2b8e78","8f196df4-16f4-4671-9467-6ee005bc971d"
"1dhj","e22b3fb4-834f-484f-a4a0-9aefce23498d","0d208130-a9d0-4f8b-bef4-90c56eebe3b3"
"1dhn","2ffa1916-2f98-4fd6-b8f4-93ab23da73bd","67ab1323-047b-4f85-a936-196b7ab01ddb"
"1dhn","3c3519b3-1d37-474e-8a93-860ff164a8b1","458738e8-801e-42e9-a937-90777f6144b1"
"1dhn","7d6a56ee-e251-44bb-ad62-cd42b2fec05c","03171761-ac2f-49d8-bd36-2872ba1ecfcd"
"1dhn","46549262-d515-4467-93dc-54a1189c0185","a63b48f7-c558-4007-a5cf-9ebb00d9ea35"
"1dhn","51650cac-da6c-4885-bccf-2d1b392a9bbf","964b2214-c352-427c-b93d-49f4415e376a"
"1dhn","5e0ea639-8c04-444d-891d-abd166498435","9e817013-29c6-43d4-b4e9-d4b4f4655832"
"1dhn","64262555-f415-44ae-9ca8-2e922a49ddf1","e7a1c61b-b1bf-4b9d-912d-d3580359fa21"
"1dhn","6264694a-b22d-4bb5-866e-cca9a92d2d7d","68458ee3-5cb7-488f-abee-3da6ae015259"
"1dhn","7026f5c7-95fc-4ef9-8f13-d494c04f5d79","121db048-c4a3-4e46-bb91-fe7c1a029564"
"1dhn","7f4cfab8-bb1f-4131-9a9e-f9e0abfca5cb","b2645feb-d7fd-48f1-bd34-60cdb4cffea4"
"1dhn","82ab1eee-d1e9-42bf-934a-527f1d3ce066","6ca4518c-5c00-4409-808e-1b2c821675c0"
"1dhn","866b74ee-ed92-4f02-b89e-89def5a23892","dd5a4428-1119-4e80-abd4-7f209fc796ed"
"1dhn","91ce52fa-abec-4257-8209-d129b85c60d6","67f0c551-aebf-438a-9238-ef05174dc122"
"1dhn","94bac6ab-2510-4817-890a-82d375b7768e","49eec4e9-6cfc-4019-bf36-783118d7dd70"
"1dhn","a76a2553-37bf-4311-b161-7643e22bb4e2","b74d6e6a-2359-4e91-a2eb-155c8a5e0d96"
"1dhn","a8e75bb0-5be5-47e0-9f5e-3acd9279f108","98ff9d48-798a-47f4-ac89-7cd60d8f2233"
"1dhn","b4ec6115-2f3a-4c1b-abc2-6d1f3d9e9087","4cb49215-42b5-4164-a871-67e0657509cc"
"1dhn","dc575c76-ab13-4fc7-8cd5-3d6894cca40d","2a3cfe5c-128b-4439-b9e7-d154d90304bc"
"1di8","31cce20c-a435-4479-aa0c-c35cc4f6c7ad","e6d616eb-5b8d-418e-8f10-d6c70c6b2a2c"
"1di8","72356ebf-b7f7-4d68-b316-20abc8e3d746","30ecbdb8-3bc1-4162-b98b-f2ef00d24f72"
"1di8","9164af85-ab31-4256-828a-b7658cf757a3","235af0ae-2ef0-42a9-be85-a4bcc7bcbcc2"
"1di8","c320cfb7-12ad-4734-aa81-5d36138c16b3","b2d3599d-1a91-4802-aae0-6c8a3befd1b9"
"1di8","b6a0d142-7a4e-4889-8c20-f505c58f0366","37d23f68-ca96-4d60-9f0d-ae0d32b78e84"
"1dkf","a76a2553-37bf-4311-b161-7643e22bb4e2","b74d6e6a-2359-4e91-a2eb-155c8a5e0d96"
"1dl5","57274df6-0684-4264-b328-c2af6791d9f7","3545832c-bd5b-4893-989a-56789465cc20"
"1dl5","e22b3fb4-834f-484f-a4a0-9aefce23498d","7c35bcd5-46e5-4581-a552-2e44ef809175"
"1dl5","b6a0d142-7a4e-4889-8c20-f505c58f0366","68e2e560-7d15-44e0-b790-187b616b3ca3"
"1drw","1496bede-d646-4602-a06d-8b380448dd02","988f7155-9abd-41e6-9781-cf40d8e9f787"
"1dtd","2737581a-e4fe-42c1-a590-fc19f158801e","aa9226da-2b25-40b0-96fb-3528c07d42b8"
"1drw","af81685d-e1e9-453c-ae2f-4782875665a5","595069f2-d10a-4875-a636-e33426ef66ce"
"1dtd","2b4b5cb4-631d-4f2c-a565-e11e83e8e137","9f6129e6-3b1e-44da-8c97-181e80944484"
"1dtd","35d25456-2210-4e31-892a-671eb01f0ffb","2d857594-f058-4717-aee0-edd55ccef853"
"1dtd","7e94808b-f833-4017-9eeb-754ac59f891e","f2e7dca8-fc05-43a3-9e3e-5cbca5b0b714"
"1dtd","f4885d1c-c0cb-4d25-a222-0d6ba2f9ccc0","849c5574-5e16-4491-9cf2-011a3dfd73c4"
"1dtd","e2934f7b-ba19-4bd1-970b-225cc2d93226","c5e93df9-ccbf-4bfe-bf9f-1cec967def97"
"1dts","078783a3-7129-4996-ba6f-8f5848194531","bc9b8621-0bd3-462e-9a4c-c14947451bc1"
"1dts","b6aab77a-41d9-4284-9211-2bba2e538c9c","c769afc5-4a43-43c8-a22b-dfc59a233b9d"
"1dts","c320cfb7-12ad-4734-aa81-5d36138c16b3","07b7b366-47d9-485d-9a74-488d3aeb87ef"
"1dts","b6a0d142-7a4e-4889-8c20-f505c58f0366","68e2e560-7d15-44e0-b790-187b616b3ca3"
"1dts","c58e9122-3bf2-41ad-826a-cadc9a4ce8de","8436110d-537c-435f-90ef-23b821762b16"
"1dts","f51362b8-a17d-4084-9b4b-677ee48f1f84","b8cdef17-0be8-40ab-ab65-5397a5833595"
"1dwl","c320cfb7-12ad-4734-aa81-5d36138c16b3","07b7b366-47d9-485d-9a74-488d3aeb87ef"
"1dwl","cf1a88b7-a877-4ca2-8b7a-23fbbbca83ac","26ad2c66-2d4d-4dae-90e3-da28f37b8165"
"1dwl","c6891b57-7a95-42b6-a624-c01748faf02a","7ed55ddc-07e9-4aa4-b74c-836c9bcb83a1"
"1e09","348829ed-a9b2-482f-9a03-15858ac8cbdd","2dd88fde-51d4-4d61-a85d-d6fef86cbd1a"
"1e09","af81685d-e1e9-453c-ae2f-4782875665a5","595069f2-d10a-4875-a636-e33426ef66ce"
"1e0a","0aa41acb-c367-4655-8e1c-5050c42c3906","1b427919-232d-4772-af2c-9a6c2f7eec91"
"1e0a","348829ed-a9b2-482f-9a03-15858ac8cbdd","2dd88fde-51d4-4d61-a85d-d6fef86cbd1a"
"1e0a","63598f51-eb20-493f-b638-50cd018f01e7","8393b383-d71a-4b9e-bea7-e7e42d6cff95"
"1e0a","af81685d-e1e9-453c-ae2f-4782875665a5","595069f2-d10a-4875-a636-e33426ef66ce"
"1e0a","f24fcc53-9753-4478-ad0f-3a8293fca2a3","b749604f-3e9b-4dc8-a8c4-ea633e9af2c9"
"1e0b","1515d956-19a3-4d7f-8179-e583f285eab9","9aef4cac-f252-4aec-a39b-3cf439ba1e39"
"1e0b","2ab22601-24d3-4e02-a302-3fd4db37e4a6","23f5b485-72fe-467f-bf07-7939414b7cf0"
"1e0b","41651233-0198-4c54-b826-fab939200548","b1729804-7f46-49bd-b8b6-1108bbed5543"
"1e0b","5951f676-f875-4a7d-bffb-d702110a1ca9","dab24d8f-e6c1-4a2b-83fb-2cd8ddc5b59e"
"1e0b","c059bd26-9733-4154-9ff1-d04c530c589e","a080a077-775f-4956-95bf-45fa24f06277"
"1e0b","da59dbda-5988-4372-ab09-83737a712310","795a2343-a3c5-4381-8711-eb13bb8f763f"
"1e0c","1515d956-19a3-4d7f-8179-e583f285eab9","9aef4cac-f252-4aec-a39b-3cf439ba1e39"
"1e0c","2ab22601-24d3-4e02-a302-3fd4db37e4a6","23f5b485-72fe-467f-bf07-7939414b7cf0"
"1e0c","41651233-0198-4c54-b826-fab939200548","b1729804-7f46-49bd-b8b6-1108bbed5543"
"1e0c","5951f676-f875-4a7d-bffb-d702110a1ca9","dab24d8f-e6c1-4a2b-83fb-2cd8ddc5b59e"
"1e0c","c059bd26-9733-4154-9ff1-d04c530c589e","a080a077-775f-4956-95bf-45fa24f06277"
"1e0c","da59dbda-5988-4372-ab09-83737a712310","795a2343-a3c5-4381-8711-eb13bb8f763f"
"1e0s","2ad6cde1-69c7-43f1-adf3-84f6d7f0b30e","2ad983b5-12d2-4bfa-862d-bb14d5dda12b"
"1e0s","1b768f62-1902-4d05-a760-0a64ad55b093","50bf2a34-ee92-4c77-a00b-9b542c4456ff"
"1e0s","0201a4cd-f5a8-42f4-946a-41594da46333","d72c58c1-8560-483a-945e-a5868cdcdf68"
"1e0s","44defeae-78a5-4b63-abef-6bc10a61cb7a","264c0ab0-b49b-49b3-b4bc-ad48e2c5dc47"
"1e0s","afb6aafc-ee0e-4568-9e7d-5b3775c540c5","1772022a-2c50-44fe-ac1f-cfcf11c13b58"
"1e0s","920473da-ffad-4932-a235-fcdbec58da3e","24a00fdd-7456-4623-b106-7b1b346502f9"
"1e0s","b36fe5ff-fa57-4ffa-a6ed-f512dea3dad2","ec39c3e5-3c58-49f9-97b9-8c049f22ad2c"
"1e0s","dc87cead-54d8-4332-8bcf-b666c147a837","fdf0b399-e6a9-4509-bdf8-f006fb680258"
"1e47","b6a0d142-7a4e-4889-8c20-f505c58f0366","bb41345b-6775-4f83-b4e2-66e9de337a3b"
"1e47","a76a2553-37bf-4311-b161-7643e22bb4e2","ae035ab9-8e0a-48af-b4af-2fb35560eae2"
"1e47","7aec10b8-78b1-42f3-94f9-5cffb694cf32","ba51d3a9-38cb-4c9c-a8c8-274e08b5d1f7"
"1e47","e22b3fb4-834f-484f-a4a0-9aefce23498d","3b99e365-b4ec-4f84-97ed-02d6d2ab7690"
"1e6p","c81cbeb9-83cd-4e30-998f-bcd7f85d864c","cf01cc86-3af1-4b58-9754-584879a05c09"
"1e6w","43d27e0c-5966-426a-99db-a4638029f63b","7c9ea114-1a12-4685-9b43-317e39e57562"
"1e6w","9bbf89ab-5b78-41b8-94d2-7af3d87846e5","3d3ce53d-0d82-4c25-af91-3f1909ef70f6"
"1e6w","b6a0d142-7a4e-4889-8c20-f505c58f0366","77fd1cdc-f87b-401d-a998-a7afd77990e9"
"1e6w","df760f76-f7bb-41a3-ad2c-c57765d7d92b","3e147621-2ccc-4dde-a154-aca65a44194d"
"1e6w","e22b3fb4-834f-484f-a4a0-9aefce23498d","e0476c59-1232-46f5-a457-43bb3c11f9ec"
"1e6w","e51b57d4-d258-424b-a82e-9ee308004245","551dab2a-4651-4403-9d76-d10fec7a6d2d"
"1e6x","3d9c4fb5-241e-45e3-a949-8916765d9170","8f4d721b-ff2f-459e-865f-0c22af8bffa3"
"1e6x","2efcc9c2-3a3e-441a-8ea0-802b3b8c01e2","ec98b963-3c8d-44b5-8880-e910f28c2dbf"
"1e6x","13d2cbde-44e3-4e02-9695-4862440cb2f9","e23bd0ba-ee03-4b4a-9b5a-7c9835435168"
"1e6x","117b973e-acc0-4b6d-83d2-22a8a38be253","7761666e-0786-4188-806c-de582b865cd2"
"1e6x","4cb34f1f-7657-4b0c-8e80-bf79881f2bb2","b5933730-5a41-4f2a-b431-44306a33893e"
"1e6x","4fb7d0e6-e422-457a-8626-b49219744bc1","45488be1-5f3f-4bb4-8495-058d1fa4fa6d"
"1e6x","5bdbdf59-6210-4900-aecf-ed75295c28ad","758f32e7-48c2-4080-81d2-e512b3fafc7d"
"1e6x","d1a92de0-c9a0-4fb7-bbca-948653a30556","17ff5688-9ae8-49ce-bd69-4b6be39de583"
"1e6x","ce828b5b-9442-4068-a8bd-8675f12d7271","c4e48f56-90de-47cb-8095-b2a5f9c7b77b"
"1e6z","117b973e-acc0-4b6d-83d2-22a8a38be253","7761666e-0786-4188-806c-de582b865cd2"
"1e6z","13d2cbde-44e3-4e02-9695-4862440cb2f9","e23bd0ba-ee03-4b4a-9b5a-7c9835435168"
"1e6z","3d9c4fb5-241e-45e3-a949-8916765d9170","8f4d721b-ff2f-459e-865f-0c22af8bffa3"
"1e6z","2efcc9c2-3a3e-441a-8ea0-802b3b8c01e2","ec98b963-3c8d-44b5-8880-e910f28c2dbf"
"1e6z","4cb34f1f-7657-4b0c-8e80-bf79881f2bb2","b5933730-5a41-4f2a-b431-44306a33893e"
"1e6z","4fb7d0e6-e422-457a-8626-b49219744bc1","45488be1-5f3f-4bb4-8495-058d1fa4fa6d"
"1e6z","5bdbdf59-6210-4900-aecf-ed75295c28ad","758f32e7-48c2-4080-81d2-e512b3fafc7d"
"1e6z","ba89b29e-d116-4796-b541-ce920ccf330b","432f37d6-5eb1-4c95-9dae-37c98cb29a97"
"1e6z","ce828b5b-9442-4068-a8bd-8675f12d7271","c4e48f56-90de-47cb-8095-b2a5f9c7b77b"
"1e71","1eecbdb3-96a7-4b3c-ab1a-9283d2748141","c45e7841-6153-4f98-83c9-0d28992af081"
"1e6z","d1a92de0-c9a0-4fb7-bbca-948653a30556","17ff5688-9ae8-49ce-bd69-4b6be39de583"
"1e71","629b5dd0-86c0-4638-b06d-3d2a2ad213c4","78459a1b-8769-445c-b955-59988f523b5f"
"1e71","8ebade6b-6691-4c66-b79f-8fe1c090610b","ae0264fe-940a-4ea2-968c-be1765816f12"
"1e71","73d4b99c-836b-4e7e-a0ff-e386edfa4477","0016c759-f855-48b8-9e11-05cba87e7dd4"
"1e71","9fb6b223-3ddb-4bed-91ea-0c834a0337e1","9743a485-bfda-4b92-b09b-2b3a00ffec97"
"1e71","e22b3fb4-834f-484f-a4a0-9aefce23498d","7c35bcd5-46e5-4581-a552-2e44ef809175"
"1e71","b6a0d142-7a4e-4889-8c20-f505c58f0366","68e2e560-7d15-44e0-b790-187b616b3ca3"
"1e7o","1c967377-96ff-4f0b-bbe7-310b23e6731d","d6ac19ca-215e-4475-88c1-fb4c7eef0ea3"
"1e71","fa44ca14-366c-4d3a-a08d-64e281c45a42","4b4a66b2-7746-4648-a7d5-62dd8359efa9"
"1e7o","419f24e0-2d35-40ca-9d3d-d24ef33bb939","797554f2-2fbe-4b78-8121-a9d1e1a181f0"
"1e7o","a76a2553-37bf-4311-b161-7643e22bb4e2","b74d6e6a-2359-4e91-a2eb-155c8a5e0d96"
"1e7o","c320cfb7-12ad-4734-aa81-5d36138c16b3","07b7b366-47d9-485d-9a74-488d3aeb87ef"
"1e7o","be2c92b8-aa76-48bd-a38f-cb114cce2e0e","3c5521b4-3d01-46ec-81be-ef27c61587e0"
"1e7o","b6a0d142-7a4e-4889-8c20-f505c58f0366","3c8cc6cd-b33a-4bcd-95ab-434d6f9b0f7e"
"1e7o","e22b3fb4-834f-484f-a4a0-9aefce23498d","c9f34e92-cd12-4df0-82d7-8f381da4ee1f"
"1ee8","b6a0d142-7a4e-4889-8c20-f505c58f0366","68e2e560-7d15-44e0-b790-187b616b3ca3"
"1ee9","a6de4b3d-f111-46f2-9bad-2a8462024261","436aa735-e443-4234-b1f7-dbeb2b1510c9"
"1ee9","88a3bee0-f8bc-4349-9e23-bd8e21e5fbe1","60799981-5e26-43ec-9c15-a9bd76a9b9a1"
"1egg","e22b3fb4-834f-484f-a4a0-9aefce23498d","3ecd1769-13b7-40fd-827a-47051b619c87"
"1egg","b6a0d142-7a4e-4889-8c20-f505c58f0366","8e1e42a2-e576-430e-97ec-01d0f6a42564"
"1ell","15648404-0e6e-4a85-abde-6140d11477bc","94fdc289-90c4-4659-93b7-60281ced7bf7"
"1ell","67c1ccbf-193a-4476-88b7-66b266d64175","46c34257-633c-4881-aa2f-b439cbe5a96d"
"1ell","97fed2a3-8314-4efd-af39-7576095a5ff1","39161f2d-3c78-4e5a-b84e-3d07633be9a1"
"1ell","b50c11cf-4f82-4754-9c21-a2349daf0a9f","b745540b-744d-46fd-9b35-9dd1403caafc"
"1evi","5e92b057-f623-4e42-ac07-9de2183e5fba","1fddef68-447e-4e7c-88ed-4c2423270824"
"1erv","3dc5a3aa-d1ac-42f2-8127-2900cb19828b","adac6d79-8322-47ae-94ac-7e05566ae047"
"1evi","c6f0d952-9be2-48b2-bca5-6b1781508e89","c401a439-ec44-46af-8603-effa287b8182"
"1evs","e0ccad66-8101-4c85-a0d9-e1ad6795d3ac","2f2c70ef-d961-4ea9-8589-2e1457418abc"
"1f34","c81cbeb9-83cd-4e30-998f-bcd7f85d864c","cf01cc86-3af1-4b58-9754-584879a05c09"
"1f4g","18afa746-dd01-46bb-baac-22acb1157a55","fb488cd6-2b10-499c-96e7-84209eb0684d"
"1f4g","c320cfb7-12ad-4734-aa81-5d36138c16b3","07b7b366-47d9-485d-9a74-488d3aeb87ef"
"1f50","012bdf96-39bc-4cd8-86b8-49e6dedb7224","83c164a6-4f6c-4a08-85fb-d200cedd698b"
"1f50","02ee1ea6-5ae0-4199-806c-1b1db7d2dfbd","e5dd88e3-5c72-493e-8a19-9eeae8363827"
"1f50","09547b3f-cc50-4eb3-8f77-31e264347173","f025f018-433a-453b-9c30-01226d9a7400"
"1f50","11517bed-d600-4ede-b364-184f5094c7cd","48babdfc-96ef-47bd-8cb3-c352a8b7d85d"
"1f50","107cc218-91dd-4561-8b91-aad64c1a3d79","b4a317df-2211-4c0e-9c90-a1f75ef5acfc"
"1f50","128560fc-eea0-4f50-95fc-e9e7bee913b2","af749859-bc7f-4c68-996f-489442ddc6fd"
"1f50","1ff2d0a3-51ed-4f2c-ac9d-afcc8e7b819f","9d532f1f-771c-464d-b617-a3b72a0d051f"
"1f50","2082de34-8d61-4f14-98f0-ab12449849ce","0492c6e2-562b-4000-8b6b-f7ab437b0315"
"1f50","2291947b-f3cb-4753-8e60-8a5f81ac399f","55d9c066-e6bc-4152-9ed3-33ced56dd0ff"
"1f50","130d779b-b5ea-442c-8565-dbf1c2b3a942","300d3eda-8f43-4bec-bbd1-cdd85267ac1e"
"1f50","2c49476e-0454-4c49-99d0-d7b5e778fa25","4488a606-83ce-40d0-bbc1-aa43b528ff67"
"1f50","2632701a-c88b-45f8-9361-e6a76f0ff5e3","26eac3cd-7878-448a-ad35-07cab27371c5"
"1f50","34f6411d-a42c-4a26-9eb1-d7ee9a612824","ec6831ee-8ed2-4e8f-a51f-aec9e5950206"
"1f50","24416f1b-05bd-44ef-9180-63961ff372c7","d7701e6b-5bc8-4191-af31-8d5f9d9e2a2b"
"1f50","30b5d5e9-4233-47c0-850c-63f2c3d22177","b701bb4e-1163-48a4-baea-dd01409a611b"
"1f50","39fa1f33-41ad-4913-b2af-3c37ebb0ce9d","159f56da-c059-4ad2-8ade-610699265fcb"
"1f50","3805db6f-58c7-4877-8618-48fca2c33cc5","0ec724bc-8573-4232-9f64-e822a4651e0d"
"1f50","4b599d56-adfe-4cfe-9b22-9952a3aac5a2","c77446ed-2ed7-4ad6-bc76-44c851638adc"
"1f50","45e14a87-9474-4108-bd77-dc646dae83f8","86a6fcb1-4f70-4acb-b576-5974bf71fbd3"
"1f50","4f28aae7-91b6-4bd7-9a6f-2a3b8e8d4640","ccad3fd4-5acc-4662-a1b5-ecd5619d89d4"
"1f50","51f1dfee-c37b-43b9-8217-ac5ebf82344e","32ade085-f697-4b46-a6ff-637c907063fe"
"1f50","660ff4b6-e83e-4c9b-9e29-da7ab04bb42c","00839a43-d9af-401c-8dd1-ce4f7ef5ef62"
"1f50","5ee291c8-b823-4a6c-b8aa-6411b8079731","f3f4773f-d07b-4a65-9537-3c33b0da2247"
"1f50","4144d5ea-47a6-4f64-a8a8-f0e0500baf60","db9c0d37-29e3-4f16-b565-83ad3f3f6aa1"
"1f50","54684afb-498f-4b14-90a2-b319a500b97e","33ee8788-e471-467c-aa91-1ff80d92c5c4"
"1f50","6f90ec91-7cc3-4c03-bdf9-c04706cec9ff","ee8b45c3-7e71-4534-90e7-4e5c4e6ff6c4"
"1f50","66acd8c0-17e3-4534-8a6c-a54fca25b5a4","fc440f5b-0db1-4e21-be0b-ff512f3d105c"
"1f50","751f43c6-3fe0-4bcb-86f3-351516302ff5","fcb576d2-5ca2-48c3-bd8d-d766c32d9dd2"
"1f50","7307a831-fd1e-422e-9efb-7c955d26ee19","e68507b7-ee36-4deb-b387-45247f49e1e4"
"1f50","7252a97f-f325-45e3-8e64-9c3da837f911","21191415-5758-41db-a2ec-93f075102b66"
"1f50","794a80c2-a968-43ae-9a95-badc0c9671df","34983787-ec3f-47b7-b964-c39e2cd4d525"
"1f50","810ae997-3975-404b-8552-65771e8ab112","b71031e5-29ec-4d81-ba6c-fa6d5d1ccfce"
"1f50","8817e91a-81b4-47b0-8042-b1216957d115","f1a4f0c6-a3fc-4987-9aac-87651852975c"
"1f50","7dc64d80-4613-41f3-8068-954dcf6c9647","3cd6c819-f24b-496e-87e1-2fcab27f5314"
"1f50","775d54b3-a093-4899-a20c-2a2ae9af9675","9c0d1a7d-6f60-41de-ade1-d53bc040eda8"
"1f50","82ac380e-3d5a-489a-a5b9-2448e00daea2","658f5a1a-8063-4fca-9632-c0c3ffc1db88"
"1f50","9054b63b-035a-4859-ae63-f1b97954538e","555ae688-d4f0-49fa-86a4-515943ccf95c"
"1f50","9277689e-c346-4236-907f-73cd0e2ecc2d","4114e060-362f-4be1-bdf9-65f9aabcebfd"
"1f50","a76a2553-37bf-4311-b161-7643e22bb4e2","b74d6e6a-2359-4e91-a2eb-155c8a5e0d96"
"1f50","a2aec979-25d2-4fdf-8f26-686ac044fc54","f0491088-4a70-49dc-bbdb-c4d66eacf743"
"1f50","aac2231c-3060-42a5-8091-d5eb488dfcf8","a2d2756f-61c7-4a2e-aa83-11c654825622"
"1f50","abf9e5bb-f3ea-42c3-9dca-d5aae88c372d","c548ad84-d19b-4105-bd90-9e7c8dcbcf0e"
"1f50","a0c82934-7346-4a01-a989-df185e07dc5b","1280223b-bf0f-490d-8c3d-3711ce55e15b"
"1f50","ae62a80a-6182-4ad6-b249-9ea3c003b14e","9cc8ff22-34b1-40a2-8963-025414b27903"
"1f50","b05112f8-ff06-4c13-b109-8065f2a3d0a9","c68e75de-e92d-485d-8030-4804b8164a36"
"1f50","b597c827-171e-4040-a8b6-a14e22145e51","a8bef92e-0592-46c5-81bb-cfddf26aae79"
"1f50","c77a200c-c58f-4bf8-8b39-7d72121b21c0","887db974-3143-4148-9e79-95f45a0d288a"
"1f50","c6cb9ad5-5056-406b-82e4-a9bf924612d3","7718d02b-8aa1-44c9-aa6f-4859555fbb93"
"1f50","d3904844-44e7-47a1-a5ac-04b6a21830c4","f7451c96-c741-49d0-a439-d452a3cc4ab5"
"1f50","c2161191-ee07-4deb-9622-229c29c45f94","90b95fb3-9358-4573-b79f-7e21695ce94e"
"1f50","c4be41ed-cff9-4af7-9df2-d0cc2359c3f5","fc0b45d1-48fb-407b-ac04-21d10cbe4330"
"1f50","de8302ed-e9d4-4f5a-8b01-a9d1f075516a","b13824a2-8c85-4e6f-8265-aff431e2df7c"
"1f50","d4974c83-245a-4b14-b0d5-dc8126fa79c0","8e105f28-4d77-4c39-939f-07e17e0b48ec"
"1f50","e3a9dda5-002c-4ad4-ba20-4a0601d26930","9c3871cc-e5f3-4d00-9278-18df965bc815"
"1f50","da4bc39d-ce56-454f-b0bf-4ca0c11f8ed5","6a11f46d-35d3-4154-8161-ee093c740854"
"1f50","df7916a8-3d30-4457-90a8-3b04eb020ce2","b9f7c92b-fe23-4a44-8b1d-d0e6bedd2bab"
"1f50","e65ce851-95f7-4d5f-9469-e4fd06b441ae","7048a1b5-7e89-4a7a-9c72-5955da6ea196"
"1f50","ec8394fa-a8d9-434f-9374-9f5879b676f4","6d6698b9-77fc-4105-a66a-b2bde435fee0"
"1f50","ea3cb81d-02fa-43e9-937f-453049347aba","99183d20-576d-4c9f-9703-4ae6a62daed2"
"1f50","e6e8b7c2-fd7c-4bf5-b21f-4603b7579ff6","f3d32e53-04e8-4518-8b62-7c224e354d27"
"1f50","ef1637fd-c051-4d87-82d4-90a66cb54212","d4aef12d-22f6-456d-9a2b-17dbaf7ea036"
"1f50","f7348d33-b9d9-4c30-bd2e-b7d285ff6aa8","bdacf520-15ea-47cd-8f9e-cd74cc09d5e1"
"1f50","f328cb93-9a9f-47da-bf87-5466c5b3ea42","faa5da99-6192-494c-ab61-84130c99f877"
"1f50","f2ca44eb-4efd-4b89-875e-8d0e2abe748c","6a5406d9-4acb-41e6-b681-af80dcc05067"
"1f50","e8c576df-99f6-41ec-9af5-53320f561b9c","9b5dfd3b-a863-4217-980d-f20424f8c074"
"1f50","f8baefe6-414f-44fd-b227-72a6cbef2bf5","3dee3719-7f3d-40cc-9066-a718f5a07950"
"1f50","fcb54436-6d15-4bcd-b477-70045ce1450e","33cc0b96-29dc-42bb-b960-8074740fe47b"
"1f50","fd9a2e18-bfc6-47c6-a330-7ac9582100f2","3b3acd95-8f2a-4c9e-8c28-d60dedf990a0"
"1f50","fe368d94-e18f-43ce-9db1-e165eb555441","232ff58d-e7df-49fd-ba09-a657c73bd715"
"1f58","b9357f5b-56c2-4c71-b151-f948557d63c1","1003d474-64a0-41b9-9036-c8b51ae07704"
"1f58","f1a7ab15-6107-472a-8900-9163c3380186","88ba3fc2-7e09-4005-998c-e51ee5dbd944"
"1f59","3ff5759d-88cb-4cb5-be39-872d5b056caf","47912225-5374-4ab2-89cb-eff411896acf"
"1f59","9dcaeece-2e18-4888-a529-cb3cfb26fa7a","4686d617-adf4-4b6e-9d98-5a65782cfb96"
"1f7k","81389241-7155-48bf-9664-70e4cbb37e0b","318d4d35-56a4-4161-9824-ec1e20a23d3c"
"1f8q","64262555-f415-44ae-9ca8-2e922a49ddf1","e7a1c61b-b1bf-4b9d-912d-d3580359fa21"
"1f8s","01d5d178-cfe4-4db6-b6d8-37bd966fa0da","6475873d-ccc2-4304-ad12-4c4d9b7ab47c"
"1f8s","0483ed2a-2904-4562-b579-456892c417af","a3de5678-76f0-42c2-985b-9274b529446d"
"1f8s","4c4dd80a-f9c0-40bc-bfef-7fc73a2d05ef","5702d4eb-3522-4b1d-b042-3c13cf897e86"
"1f8s","7a9effb2-8855-45bd-9ef5-47c9eaa21fc1","b14cd7c5-10e2-43d5-b1db-68848df942bc"
"1f8s","7ed06dd4-ccfa-423b-aaa0-3bff01a18088","9186e15e-dd75-4b22-b989-12ecd930be58"
"1f8s","34542b40-2b8b-4f8e-82ee-94cb532ce3d8","1e058601-fd5f-41e9-b23b-bf7ad5a02c62"
"1f8s","c320cfb7-12ad-4734-aa81-5d36138c16b3","07b7b366-47d9-485d-9a74-488d3aeb87ef"
"1f8s","a6887ec4-315e-47c4-aaad-ec61e8f8125b","953e111e-69b5-4511-977a-35acecd3265a"
"1f8s","d9252a1e-2d1e-4aa5-a46f-c675e2f15f09","106709a2-b4d4-474f-a74e-ec7acc3bf6cf"
"1f9j","b5aa2678-7a1e-452b-be98-bdb5213187cc","d120cd23-5b2d-4593-81e0-cf1fe8ba931c"
"1f9k","1b95e3f3-1a1c-4114-b9a5-383ff7863ac3","097290fc-5ffa-48c0-9dc5-3df3fe3234ca"
"1f9k","e309b272-d288-4147-b219-51658dfa9935","afe36844-9559-4338-8b0c-030b1ce9e35f"
"1faj","643eb810-d584-4ecc-a74f-7cf4d942eb86","3ccbacc8-a273-4b75-a0eb-91e820abb518"
"1f9k","bc2dc382-a2ec-48c3-aa23-c82db5c4d31e","a1712816-3029-4458-b600-bef17f47b391"
"1fan","6011e546-a65b-44bc-8a15-f380d857dde9","5faa7022-48aa-4d30-9083-a334a0c1df40"
"1fan","9d4780eb-2632-455b-848c-9e9ac21ae141","134c0b94-f189-46c1-9ffe-e3491f57aae9"
"1fan","a76a2553-37bf-4311-b161-7643e22bb4e2","b74d6e6a-2359-4e91-a2eb-155c8a5e0d96"
"1fan","b6a0d142-7a4e-4889-8c20-f505c58f0366","68e2e560-7d15-44e0-b790-187b616b3ca3"
"1fan","c320cfb7-12ad-4734-aa81-5d36138c16b3","07b7b366-47d9-485d-9a74-488d3aeb87ef"
"1fan","cfed4ef9-cbf3-4d7c-a613-76e35ef20eef","8ed34316-0d66-46c1-9fde-52ffe45be42d"
"1fan","d323febc-9e95-4aac-aac3-8779c509beca","404d388d-9ae5-46f9-b2ba-36799effd017"
"1fan","d9bf72d4-ba75-4259-a62a-b5d6412adac0","1cba4efe-182f-4084-baff-f7d31f332f7d"
"1fbz","b6a0d142-7a4e-4889-8c20-f505c58f0366","68e2e560-7d15-44e0-b790-187b616b3ca3"
"1fbz","e22b3fb4-834f-484f-a4a0-9aefce23498d","7c35bcd5-46e5-4581-a552-2e44ef809175"
"1fd","0242844f-c103-4216-af5d-bddc41f1eec7","e4d9037d-ef03-44e5-83fe-3836fe9817fa"
"1fd","4e626fb4-f84a-42d8-bfba-2a1066e5d1db","83198d67-1fcd-445c-a92a-5ebddbf9507a"
"1fd","4f4176bd-f4a1-40e8-bf2b-3a8743da2128","84887316-84b5-46a6-aa70-f543f34742e1"
"1fd","90c11cfb-0ffe-478c-aee8-3144088d7329","e78d738a-c5f6-4060-afd9-74e7bfa153a4"
"1fd","4e626fb4-f84a-42d8-bfba-2a1066e5d1dc","83198d67-1fcd-445c-a92a-5ebddbf9507b"
"1fd","90c11cfb-0ffe-478c-aee8-3144088d7330","e78d738a-c5f6-4060-afd9-74e7bfa153a5"
"1fdv","d68d827c-803e-4ba2-99b4-a8c2c0c3eb46","983fc288-fa24-4f23-8cca-a4ba008d6fbf"
"1ff4","a76a2553-37bf-4311-b161-7643e22bb4e2","b74d6e6a-2359-4e91-a2eb-155c8a5e0d96"
"1fg7","1ab72148-fe76-42dd-a67a-59f0a9cb0480","5a06f212-5bc7-401c-af7d-d20f690da47f"
"1ff4","c320cfb7-12ad-4734-aa81-5d36138c16b3","07b7b366-47d9-485d-9a74-488d3aeb87ef"
"1fg7","7e343747-1c88-4a8f-8a49-6b49dd352e82","6031db50-7a36-489f-8ad6-77f6dd068eab"
"1fg7","6ffa6029-bb9c-4cc2-ae09-08dbc1615f07","629a976f-d7f4-4980-899f-070bbf0221a1"
"1fg7","7d6a56ee-e251-44bb-ad62-cd42b2fec05c","b0157201-7106-446d-bf7d-5efef766934f"
"1fg7","a8c8407f-68d4-4223-b004-70f8602605a0","fd55d2b7-e91f-4919-9a69-430996c33c7f"
"1fg7","a76a2553-37bf-4311-b161-7643e22bb4e2","51110b46-a7b6-425a-a1bb-e0f2475adf44"
"1fg7","886352b4-d0c5-4b2f-89f4-c42a7cb76dca","afb61d06-bfe5-4c92-aa9e-c02e5ae25375"
"1fg7","b6a0d142-7a4e-4889-8c20-f505c58f0366","68e2e560-7d15-44e0-b790-187b616b3ca3"
"1fg7","ac4f84a9-0d5c-4fb4-b380-2f4694b3c39d","b0ca0e7b-48a4-4d10-aed6-767d8a25a25f"
"1fg7","c9809d57-9354-428d-92f3-7a7f6e05a513","b4436fe2-34e3-4361-b887-0cd56bef8b2d"
"1fg7","d1c00ddb-b4d2-42e7-99c0-4c61a7aa9331","fc68076e-4bd1-4ca7-b41f-dcd8f864ced5"
"1fg7","f9180fea-c2a6-4279-baae-193fbdedde7f","0a35b239-c988-4cc2-8920-719ecf87fb3d"
"1fg7","f74cf8c4-20e4-45e2-8b2d-42b40fd4aff1","a85e9c78-2406-4873-933c-712f04bc9468"
"1fgy","c212e6f1-66a1-4082-acb7-a3d90f6f3314","a954793b-4dd4-4ab6-88df-a0f9d00493eb"
"1fi7","0d3cd8f7-79cf-4315-95d0-37a95439387b","c71bc774-7dae-469f-91e6-8038b38679e1"
"1fi7","0d51e059-db9d-4239-941c-b4420c42e635","d13e31ba-cb8e-414d-838d-ab4a3b8aa5c1"
"1fi7","dfa9bc3b-8311-485e-ad8c-ca96fd3fb0ee","ed9cdad0-0e81-4a7d-9dc5-6572f81dc4a2"
"1fi7","b90376a3-e43d-4b11-943e-7b5bff2e6c2d","95eba1a5-b640-4a30-b5e0-44eef6395f33"
"1fi7","f3b9fd4e-b5b7-413c-9f2c-30e4a65eec04","94edefb9-389f-4d33-bcfa-63deba1c00f8"
"1fju","fe0d8e2f-1519-41ff-a7b6-f7ce3f0bb84d","af5864cd-bc81-4006-ade0-3d5aa29fd351"
"1fju","ffa0de74-68d1-4e62-b5ba-c85f730331ca","3cb52099-10db-4e6a-92a9-156c222e0800"
"1fk8","3c5d38c2-d1d5-46de-baa6-19eb93f37bf8","b4410c59-6a3e-4ae9-aa82-c6a8acf6d7c1"
"1fk8","a76a2553-37bf-4311-b161-7643e22bb4e2","b74d6e6a-2359-4e91-a2eb-155c8a5e0d96"
"1fll","c320cfb7-12ad-4734-aa81-5d36138c16b3","07b7b366-47d9-485d-9a74-488d3aeb87ef"
"1fll","b6a0d142-7a4e-4889-8c20-f505c58f0366","68e2e560-7d15-44e0-b790-187b616b3ca3"
"1fll","a76a2553-37bf-4311-b161-7643e22bb4e2","b74d6e6a-2359-4e91-a2eb-155c8a5e0d96"
"1fln","0466b687-1d18-48dd-b64d-f5bac0b478c5","441d6504-c949-4965-845b-80faef069d19"
"1fll","e22b3fb4-834f-484f-a4a0-9aefce23498d","7c35bcd5-46e5-4581-a552-2e44ef809175"
"1fln","3eb5bda0-4d85-4250-be03-a008e77fe1bc","edbf573e-5351-4f55-a481-fc0ff9865fea"
"1fln","0605c9bb-8778-4ae6-bd02-ba91a94b20bf","d004c5ed-f2d6-4765-85d4-ace2fcd616c4"
"1fln","2a39cb91-d864-4cbb-9550-094254178558","63c76ff6-6879-4229-9664-f65eef0d7698"
"1fln","4ef3ccc3-26ff-48b3-9d9f-5c3bb9716b40","acbfdb3f-a269-4c9e-8a70-99e45b5d3b2a"
"1fln","71f85ba4-c13c-4a29-9488-cb10f8975419","efc61d65-8d3b-47b9-ab5c-f3f378f44e0c"
"1fln","b84fe701-e631-4f05-9efc-5e25ce9a65b0","110821c6-fcd7-43fc-bbe7-421a6b056b9c"
"1fln","a1d125cf-3458-48d0-b25e-3400ad83faba","7a87d15d-c00c-44dd-a495-badfe7b6d483"
"1fln","6df7070d-1667-4162-a7f4-0afe3056f2d5","4866d5c0-f13a-4add-b06c-5227db79ed7b"
"1fln","e6cf3754-1ca3-42cb-b6af-61389eb402ec","8225edea-5c28-4c0e-ad73-c22dddb0087d"
"1fln","ff04b95e-2824-40a0-b077-cc5e54b103dd","b5b94302-da36-42c6-bbb7-4c14ba549ad8"
"1flt","ce828b5b-9442-4068-a8bd-8675f12d7271","c4e48f56-90de-47cb-8095-b2a5f9c7b77b"
"1flt","9bbf89ab-5b78-41b8-94d2-7af3d87846e5","db3fae19-9901-45e5-9a5b-92a15b6209f7"
"1flt","4fb7d0e6-e422-457a-8626-b49219744bc1","45488be1-5f3f-4bb4-8495-058d1fa4fa6d"
"1fmd","b6a0d142-7a4e-4889-8c20-f505c58f0366","68e2e560-7d15-44e0-b790-187b616b3ca3"
"1fmd","e22b3fb4-834f-484f-a4a0-9aefce23498d","7c35bcd5-46e5-4581-a552-2e44ef809175"
"1fn7","58cd5931-9a69-4c75-87f4-46507ee1dcf4","0501d112-99a2-4b11-98c6-5296616155eb"
"1fne","8037f3d2-bb97-40b2-9628-59c66296e6cc","83efeaba-c2ae-4e69-9f23-6c8bacc72f2b"
"1fne","64262555-f415-44ae-9ca8-2e922a49ddf1","e7a1c61b-b1bf-4b9d-912d-d3580359fa21"
"1fne","e22b3fb4-834f-484f-a4a0-9aefce23498d","7c35bcd5-46e5-4581-a552-2e44ef809175"
"1fne","b6a0d142-7a4e-4889-8c20-f505c58f0366","68e2e560-7d15-44e0-b790-187b616b3ca3"
"1fqj","3c5d38c2-d1d5-46de-baa6-19eb93f37bf8","b4410c59-6a3e-4ae9-aa82-c6a8acf6d7c1"
"1fqj","b6a0d142-7a4e-4889-8c20-f505c58f0366","68e2e560-7d15-44e0-b790-187b616b3ca3"
"1fqj","c212e6f1-66a1-4082-acb7-a3d90f6f3314","a954793b-4dd4-4ab6-88df-a0f9d00493eb"
"1fsg","71c9a514-3aeb-42d8-8b64-99cfeda7d7ea","63e845c3-1816-4750-855e-e5bf31b052aa"
"1fqj","e22b3fb4-834f-484f-a4a0-9aefce23498d","7c35bcd5-46e5-4581-a552-2e44ef809175"
"1fsg","deafb0b5-6a60-453b-bb96-b4f445b90c1f","b3a8c023-5ff1-4ba6-965f-b4574b9692f6"
"1fso","c320cfb7-12ad-4734-aa81-5d36138c16b3","07b7b366-47d9-485d-9a74-488d3aeb87ef"
"1fso","a76a2553-37bf-4311-b161-7643e22bb4e2","51110b46-a7b6-425a-a1bb-e0f2475adf44"
"1fv0","36d75b33-930f-40a5-8e0e-392223604077","12c2e30f-859e-42d0-8dc8-92a1ca2ee3f3"
"1fz2","a76a2553-37bf-4311-b161-7643e22bb4e2","b74d6e6a-2359-4e91-a2eb-155c8a5e0d96"
"1fz2","c320cfb7-12ad-4734-aa81-5d36138c16b3","07b7b366-47d9-485d-9a74-488d3aeb87ef"
"1fz6","3dc5a3aa-d1ac-42f2-8127-2900cb19828b","adac6d79-8322-47ae-94ac-7e05566ae047"
"1fzw","288831b2-607e-4862-b513-c07727262655","a5add581-5b87-4529-890c-646854c24d73"
"1g42","26ee138c-2e29-4577-b769-6266a6bfe66d","cd309e6c-a176-4fd1-8365-5331ad5ef09f"
"1g6b","b6a0d142-7a4e-4889-8c20-f505c58f0366","68e2e560-7d15-44e0-b790-187b616b3ca3"
"1g42","ef6e8823-38b9-47ae-ad66-3c648d2ea5f5","339a2f31-903d-4fb2-a609-6ecf86d47b2c"
"1g6v","e22b3fb4-834f-484f-a4a0-9aefce23498d","7c35bcd5-46e5-4581-a552-2e44ef809175"
"1g87","035cc9e9-1d6f-4ac5-8402-ac4d4893d5a2","9ee927e0-239b-479b-a741-681407301130"
"1g87","61d4444c-041e-4e19-91a7-9bc64cab7b6e","63ce165d-48e5-47a3-bda7-31e6b2ba1e68"
"1g87","734be632-b5eb-4ae5-880b-c60390591e67","8fe4db28-8f23-470a-9568-5790f2524a9a"
"1ga9","47ff6b45-e193-46c1-ac86-505a2e44332c","3b88bd62-2cd5-4aaa-8353-401fa399980f"
"1ga9","6e8ffd01-dbb8-43eb-b3b5-bedf961449da","458b8aa0-c4c0-4c08-9af0-b2d82532e753"
"1ga9","a76a2553-37bf-4311-b161-7643e22bb4e2","b74d6e6a-2359-4e91-a2eb-155c8a5e0d96"
"1ga9","58cd5931-9a69-4c75-87f4-46507ee1dcf4","0501d112-99a2-4b11-98c6-5296616155eb"
"1ga9","b92aafa3-1a10-4cf6-a418-3a621e35be22","f1b409bb-a3c1-4b84-b8de-df67ecea4d54"
"1ga9","c320cfb7-12ad-4734-aa81-5d36138c16b3","07b7b366-47d9-485d-9a74-488d3aeb87ef"
"1gby","579968f8-8be6-4e95-a6fd-c52a0d8d7f67","5245e0e8-99b8-44a1-92da-bab0d30bc460"
"1gc6","e22b3fb4-834f-484f-a4a0-9aefce23498d","7c35bcd5-46e5-4581-a552-2e44ef809175"
"1gc6","b6a0d142-7a4e-4889-8c20-f505c58f0366","68e2e560-7d15-44e0-b790-187b616b3ca3"
"1gfq","3dc5a3aa-d1ac-42f2-8127-2900cb19828b","adac6d79-8322-47ae-94ac-7e05566ae047"
"1ge","c320cfb7-12ad-4734-aa81-5d36138c16b3","a0ad9ec7-46aa-4a7e-bb59-d23543bd1a26"
"1gfq","b6a0d142-7a4e-4889-8c20-f505c58f0366","68e2e560-7d15-44e0-b790-187b616b3ca3"
"1gfq","e22b3fb4-834f-484f-a4a0-9aefce23498d","7c35bcd5-46e5-4581-a552-2e44ef809175"
"1ggs","c58e9122-3bf2-41ad-826a-cadc9a4ce8de","8436110d-537c-435f-90ef-23b821762b16"
"1gkj","a76a2553-37bf-4311-b161-7643e22bb4e2","b74d6e6a-2359-4e91-a2eb-155c8a5e0d96"
"1gmp","0baced74-1b79-47b9-a67f-f314ed7582e5","50a73ec6-705f-44c7-a1b4-f7c3e4f3a795"
"1gmp","1c09f1fc-326d-4201-9e4d-9d8fd27fa60a","d069dc34-b6a8-4a69-a166-a11605c9b155"
"1gmp","03e89a36-115c-4ada-afe8-e253c94471fb","98a2aea9-d577-481a-8011-c629ce93b884"
"1gmp","133fdb49-ae49-4033-bc45-ba669bc14d97","cb51c488-28af-49af-a3d0-cf8d73371bc7"
"1gmp","6e6b831e-b700-4f06-ba30-6d7333792186","f1303d97-1d63-4295-be41-ff2dd966c40f"
"1gmp","3582ef4e-86a2-4af5-af9a-3ded34cae72a","53c9298d-2bc3-4d51-9a2a-98c6e990ea40"
"1gmp","6ad131b7-04bb-4520-85a1-f513239e7925","75966b28-4a0b-4df4-bd01-6129d8eb49cb"
"1gmp","31f3d543-85b0-414b-a986-1cafbe965ad4","7e137f96-524a-463f-8db2-47e03cd99b9c"
"1gmp","63fc8857-d8f7-4e98-b5f4-98fe978d2360","95c1834d-4d86-4847-983b-e7e25665cdf9"
"1gmp","24fdeaf3-ae48-4c15-ae46-b3b326df4f64","072cfd93-3e0d-4102-ad1f-b3b932f4ff32"
"1gmp","88a80ccc-e27e-4933-8743-9210ef583cdf","7d4226df-cb53-4140-8795-3dea0f473047"
"1gmp","9bf4ba9d-e309-411c-9141-c9cdcf5ba839","a52c5fa7-b35a-4b01-a5bf-4c678d14a252"
"1gmp","7ae722d7-ca95-467b-847c-484a2799b88c","1aaf411b-9900-4fe6-9856-d3d8bf49e5e4"
"1gmp","9936beb3-a487-486e-867c-eff11ac2eab3","eacfeb10-3075-42ba-b8fb-188b366fed61"
"1gmp","743f1c87-f14f-4edc-bbe0-d0f15d116a81","8e5ad247-98fe-406b-ba59-3896f8eb7065"
"1gmp","8e1729d0-6ed4-4a5e-9e9d-1cdcf8842b32","a4574b3e-4038-47e2-8250-2d12ed2eed25"
"1gmp","b9c7fb1d-7f4b-4ef1-b689-18a0983d9610","1eb47054-7bee-48d3-81d4-36b142d3af06"
"1gmp","c3362078-73de-4c17-aa4c-a7798be424cd","ee8417c0-9de2-46cf-84e9-a0cf6d4bff91"
"1gmp","c8d2786e-f6c0-4d52-b730-0e61132ebcec","e085820d-991f-4e28-bdab-2ad2a7fbf483"
"1gmp","c9dfe060-0be1-46f5-85ee-69d047793cd3","72378703-e077-46c8-839a-72f81e176327"
"1gmp","f7cdde0c-372d-4f79-bbd0-881e2aa86409","3c208b7c-9a34-4b04-8b89-a3661196c60c"
"1gmp","e6018804-a831-48e2-94fc-1718911c8d69","4ec06507-d301-4746-91eb-22880369d9cd"
"1gmp","f098d80c-8a33-4fb9-ae6d-954bdeb33865","4f59a476-0529-4dca-abfd-471bdb449aa8"
"1gmp","d242f0db-8c56-4793-9e4b-3699d97979ab","06bdd2e3-0697-4998-8f17-02886f1bb703"
"1gmp","f7b67c40-6fec-48d4-ae40-ecb1e09a376c","aa3412d0-86ad-41a7-bec5-3ff58ea60490"
"1gmp","ef998330-fd52-41b3-9281-2f4052eea462","a2ad104d-8af1-4426-9d75-e4dc8c39e087"
"1gmt","a76a2553-37bf-4311-b161-7643e22bb4e2","b74d6e6a-2359-4e91-a2eb-155c8a5e0d96"
"1gmt","b6a0d142-7a4e-4889-8c20-f505c58f0366","68e2e560-7d15-44e0-b790-187b616b3ca3"
"1gn6","03b0eee9-02e4-414b-85fc-a957ec72d0a1","1be7bb95-ebed-4a26-904f-69abdcd928c8"
"1gmt","e22b3fb4-834f-484f-a4a0-9aefce23498d","7c35bcd5-46e5-4581-a552-2e44ef809175"
"1gn6","42673e2a-5b08-4061-ba9c-334b4ae3bf0e","5f8e9ee9-4286-447c-884d-9ae4e570df60"
"1gn6","64262555-f415-44ae-9ca8-2e922a49ddf1","e7a1c61b-b1bf-4b9d-912d-d3580359fa21"
"1gn6","64276eed-3455-45c8-88f1-c2066cbb37b6","9da8f68a-8433-4cf4-837a-021cdb761c0d"
"1gn6","a12a564f-62f3-498b-8b32-6c9810f06f63","eb063f52-a660-44bc-80f4-02782f1c0ad2"
"1gn6","a8e6b0ed-e4e8-4a00-890b-38947b905746","6a2b2d5e-fabc-483e-886b-155a8800f896"
"1gn6","c320cfb7-12ad-4734-aa81-5d36138c16b3","07b7b366-47d9-485d-9a74-488d3aeb87ef"
"1gn6","c5cb150a-d83b-4be4-97ea-8d1ef8583a51","817bfde4-d398-4ecd-b1e6-835fedc1d969"
"1gn6","b6a0d142-7a4e-4889-8c20-f505c58f0366","68e2e560-7d15-44e0-b790-187b616b3ca3"
"1gn6","ad7077c3-30e1-4d5c-9da8-8f5c0ebb9fb5","9c550b8b-e704-407e-8071-f27f0779d8eb"
"1go","2585703d-4cea-4000-a38b-ddf6359f1e04","2dd4e256-f7bb-4c84-9ace-2cea51a22bd7"
"1go","0c32dbd8-730a-4d04-9bcb-61d02b505e69","5b15792a-d508-4aad-84d1-0b6feedf9934"
"1go","10da17f7-fd0c-40d8-a0b3-8b55b264e515","ce1d5388-a79d-4aea-9771-1571bb7daa20"
"1go","211367b5-eebc-46d2-bded-50e7e1baf5f8","5838d912-0bb7-4ef0-be52-298b7420c00d"
"1go","3fe53a26-7e1f-4580-9198-79c3086ec1ca","ad4f02a5-a373-44a6-bb09-d6bd185b2939"
"1go","62b6cb76-5c53-43c2-87a7-1834f99351d2","7b371ac9-17c0-4c8d-b5d2-c18d8d697a0a"
"1go","41c10b8e-1a09-47a9-b414-97aebdd4b915","88400f8f-6a60-436d-8560-cdff87d521fb"
"1go","7e6c96ff-2fed-488f-9eab-7d080904bd05","6bed7c36-bac0-4658-ab25-e37c1ee62060"
"1go","8511f59f-5686-490c-822e-d7eaea249a6f","cf9fdb19-203b-4bbd-b105-97e8c164ac10"
"1go","a76a2553-37bf-4311-b161-7643e22bb4e2","51110b46-a7b6-425a-a1bb-e0f2475adf44"
"1go","aeef879b-6ba1-426c-9bac-7f4cc6437b2f","abd6af49-6a72-483c-a609-92c4e659d06a"
"1go","bf6ceb57-2161-44df-bde2-f3590ecb5771","96f20003-e84e-46f9-a243-7f98e93dbf9a"
"1go","bc6af8d4-2392-494c-ab31-a86ab648e8a9","196d8974-8210-4c0a-aa79-15a85c401ac2"
"1go","c62c8106-f04f-4617-9c32-113c4d678a7c","947b080b-992e-4bf4-974a-91302af81f99"
"1go","e5bd00e8-e333-4d41-b7ce-687bade6e379","bbf5e2cc-fa9a-496f-b9f6-870893197d13"
"1go","fc023759-55dd-4905-aed1-88060efe3960","09603f08-655f-438f-92d5-2809ccd9e163"
"1go","fcfd1f6e-b54f-4ced-b1c4-84f5020a449b","383c40ab-595b-473e-8a24-a100ee921381"
"1gt4","a36eebed-5a0e-48ef-b95b-07890d94f6ef","ef770b13-7c24-420a-adaf-8d7e6d3daf7f"
"1gt4","12c2fe2e-5e69-462a-bc60-fe6009e193a1","3ad3d8e2-2e09-4131-aaee-20f140dff9ea"
"1go","d6d0145a-0087-4a15-ba41-2d183e8b00eb","7945c45e-2da2-4435-a501-c62ce1b53be7"
"1gr0","c320cfb7-12ad-4734-aa81-5d36138c16b3","07b7b366-47d9-485d-9a74-488d3aeb87ef"
"1gyh","3dc5a3aa-d1ac-42f2-8127-2900cb19828b","adac6d79-8322-47ae-94ac-7e05566ae047"
"1gyh","a471bac9-95c7-41fa-97b9-30f4cac2445a","b2d7511a-e469-4a35-8fda-8f7a1affdb0a"
"1gyh","b904e7f4-0904-454d-8695-64f486034abe","ecb486be-75d4-4b7c-8e36-ed49e125c046"
"1gyh","e22b3fb4-834f-484f-a4a0-9aefce23498d","7c35bcd5-46e5-4581-a552-2e44ef809175"
"1gyk","c81cbeb9-83cd-4e30-998f-bcd7f85d864c","cf01cc86-3af1-4b58-9754-584879a05c09"
"1gyh","b6a0d142-7a4e-4889-8c20-f505c58f0366","68e2e560-7d15-44e0-b790-187b616b3ca3"
"1h05","5be0bfb2-a2f7-43a9-922a-e8c554df3f72","5ecf1dad-3b1b-4c00-a4a0-322c856302ab"
"1h05","64dbc6e5-2da8-4b2c-9b6e-0c63ce075586","b22d640f-2ff5-4016-a052-706d9082d706"
"1h05","5622624f-5213-4fa0-a0ee-3d23dd5cbbb6","9f840676-50d0-4378-b0d5-7538863b17d8"
"1h05","32d14f78-6ed7-4014-b720-b3c99f7aeff4","4aaaabf8-2464-4110-9eb2-d6c2bcc0eb20"
"1h05","ad7077c3-30e1-4d5c-9da8-8f5c0ebb9fb5","9c550b8b-e704-407e-8071-f27f0779d8eb"
"1h05","a838cc65-55ba-45d2-a0af-3da706df5095","375d0aaa-2dbf-4651-8838-00ce5c9c7ed3"
"1h05","b89a0a9f-bf81-41ed-ad61-4ff28e9de4a5","245fd904-008e-4ea4-a553-5e707133d6b9"
"1h05","cc5738c4-663a-494e-8418-ae7cec9da170","f83d8880-71ef-4b6c-b96d-6634e9f224c6"
"1h05","c320cfb7-12ad-4734-aa81-5d36138c16b3","07b7b366-47d9-485d-9a74-488d3aeb87ef"
"1h05","dd0c8b49-b9a9-4779-870e-7a9437bac792","07827780-189e-4851-a069-d84018aec8e0"
"1h05","ebf7a958-58c5-402b-93a1-ea519eba4ad4","7a640539-c050-4d79-8a14-92066e470c39"
"1h05","f02a51ec-4b1e-430d-81f4-38898f0ed93c","541620f1-495c-4284-8196-8bf658d3c05b"
"1h0u","c212e6f1-66a1-4082-acb7-a3d90f6f3314","a954793b-4dd4-4ab6-88df-a0f9d00493eb"
"1h27","034a3303-0570-485f-881e-ce053dec677d","2c8d29b4-02a6-4762-8bdc-e6870f6b1d6e"
"1h27","16815c0a-e701-4e05-9171-b5ace01c9f0f","02bb6158-97e1-46b9-aea4-8a09362ec599"
"1h27","6fbce0d8-f4e1-4ec0-9635-de3bff6cc102","8bfc68d5-a81c-415b-a43e-780f8af90e91"
"1h27","5a7e8911-a93f-492b-9f5a-9ef0abd2cf6a","19cdc58e-ef52-47b9-a59d-cf2ce6aeebc5"
"1h27","64e6be46-b337-40f3-a483-b8e7e7ea7af9","66bd89c4-08fb-418f-9408-9fced56f67ec"
"1h27","90cddb9e-eada-47d1-a101-cbec7a694c64","8cb1166c-fcfd-45c6-badf-42ed3b89f9a6"
"1h27","7d07e4bb-a6a2-481a-bffd-e9bd877b07fa","606bd937-3048-47f1-9ad1-27b2c8e6ccbf"
"1h27","c320cfb7-12ad-4734-aa81-5d36138c16b3","07b7b366-47d9-485d-9a74-488d3aeb87ef"
"1h27","ca47cdc0-650a-4750-be80-18cfa2ac2336","2a83088e-641d-46ea-95f6-02ec613e7a04"
"1h27","cc989acc-5a77-4a51-80ef-a45ec2e8a198","eaabf673-d68c-40d1-a7e8-fb4469f0cbfe"
"1h27","eb521484-3e06-473a-86b4-15875b706d6c","25cf7d13-3dce-4168-97a0-52c36ba56e65"
"1h27","fcdca7df-9ba8-4d6b-ac1f-7222a268964a","441ff6c6-99e9-4b45-9ae1-01f0b376c3e0"
"1h27","d5f7714b-9aa3-4c72-8e96-fac48bd532eb","9faaed6f-a420-4115-8d14-33c9dac15076"
"1h4m","a76a2553-37bf-4311-b161-7643e22bb4e2","b74d6e6a-2359-4e91-a2eb-155c8a5e0d96"
"1h4m","db847f1e-afe8-421e-9274-c4edf9ffa392","6b9c1481-718a-4048-b6c3-379274c4b894"
"1h5l","a76a2553-37bf-4311-b161-7643e22bb4e2","7a747c32-d18f-4421-a07e-a10d2e83013b"
"1h5l","7d07e4bb-a6a2-481a-bffd-e9bd877b07fa","0604745a-44f9-4989-b3a8-937385b9ae35"
"1h5l","c320cfb7-12ad-4734-aa81-5d36138c16b3","a913fb96-4372-496a-9ee7-105652da31bc"
"1h5w","701c7d67-2073-4424-8394-f04599d28af3","f179c6df-b883-4529-b5a5-eb893bdebef2"
"1h6m","e22b3fb4-834f-484f-a4a0-9aefce23498d","7c35bcd5-46e5-4581-a552-2e44ef809175"
"1h6m","a76a2553-37bf-4311-b161-7643e22bb4e2","b74d6e6a-2359-4e91-a2eb-155c8a5e0d96"
"1h6m","b6a0d142-7a4e-4889-8c20-f505c58f0366","68e2e560-7d15-44e0-b790-187b616b3ca3"
"1h98","91697194-c4af-41f8-b9a5-31d921438275","b8c8a981-ed5f-4cff-86a6-58ebbf026a58"
"1h98","f3f3b25f-d94c-459f-80d7-8ffaeb69aead","62a0c4ad-85ca-44f9-9311-df5ca2830238"
"1h9a","f3f3b25f-d94c-459f-80d7-8ffaeb69aead","62a0c4ad-85ca-44f9-9311-df5ca2830238"
"1h9a","91697194-c4af-41f8-b9a5-31d921438275","b8c8a981-ed5f-4cff-86a6-58ebbf026a58"
"1h9n","bcc7533f-8345-4226-85e3-aba611fd66e6","78e99a22-a69a-4584-94f6-82e23b726ebd"
"1ha","10acc9eb-1470-4096-99bd-58a70e08560c","7384c3cf-5e98-4f2d-9a80-da620368bde1"
"1ha","1a95ae9b-1391-452b-a8f4-3ce04fce5f64","6e122123-c995-4d13-9014-18f33d4120b7"
"1ha","3a9169bd-b535-451c-b270-edcf2f571f4e","68f63d38-cbe4-4540-975d-d5bcdcfa1e67"
"1ha","266ee157-b5f8-4475-8159-8fcda5a6c77a","2afa9d08-4d72-44a3-9319-18b709201404"
"1ha","3598d375-999f-4999-b52b-a364e5dea7a9","bc5b9841-4379-4d16-a5d8-7c7bd6505518"
"1ha","4c2c8b5b-bd58-4e6c-a21b-2a0d07ef0324","edf9e76c-40f4-4f19-a1fa-b00aa5eecee0"
"1ha","6c95c58c-bccc-4e8e-8676-43da97b658cb","7a648d76-25c4-4cdb-a4c8-e58e52d33212"
"1ha","70c4849f-a51f-4677-bd66-c6222bd8edce","9551c84b-3c39-4076-b541-af3e8782286e"
"1ha","4e4f83d5-f9ff-4495-8cc9-54052357c3b8","f4c6e367-6c7a-4855-9da9-da4bd7ae53d5"
"1ha","5d18e7db-84d3-46c9-93d0-6916d3c63b47","f4e3e9be-1776-492d-9994-00ae94e89d7f"
"1ha","8751fe47-ada9-41d5-b8a4-475411b311e7","feb3a7d7-afed-4d2a-81e3-918dd3fd3aaa"
"1ha","d5916574-ff3c-4eee-b919-bb82e4f0f6f4","4961b915-8db2-47e9-b326-0807df595888"
"1ha","8e08690c-802f-449b-9c40-d92fe74235ec","f8930c31-12b8-4fe0-9482-30b5723c1bc6"
"1ha","ad01a4ba-bb2e-48e8-aa8d-7ff5cf1cd40a","317b29ec-280b-42e7-9653-e77d75e4855d"
"1ha","de5a5e49-d1c4-4947-87d9-ad1ad9ff93a3","f6f9bf87-1343-4a19-afd0-a0e788c2485e"
"1ha","e437553c-e702-4a6a-905a-afceedb66efb","6d8d7053-d630-4d1a-8cd3-14036136c2eb"
"1ha","f484d28c-8909-4835-8c27-24f5b3624068","1eacf015-1caa-41fc-a1da-8250c2fa234b"
"1hbq","c81cbeb9-83cd-4e30-998f-bcd7f85d864c","cf01cc86-3af1-4b58-9754-584879a05c09"
"1hd","c320cfb7-12ad-4734-aa81-5d36138c16b3","43bb83a5-edaf-480d-a058-7c69487662a1"
"1hda","b6a0d142-7a4e-4889-8c20-f505c58f0366","68e2e560-7d15-44e0-b790-187b616b3ca3"
"1hda","772e95a0-33cb-43df-a246-58cfbf4f3cdf","7b58fe58-f8b0-4da1-9b1d-1340b1b6a7f1"
"1hda","e22b3fb4-834f-484f-a4a0-9aefce23498d","7c35bcd5-46e5-4581-a552-2e44ef809175"
"1hg5","9e79c4dd-819a-459e-a8c1-b3a511d5d1f1","5cf4bf6b-6305-4a71-8cca-e3421a081785"
"1hg5","d57c499f-305b-4c3a-a18b-3ab094d47b2c","3a2a7b4f-de0f-4914-9edc-db20e88cb40d"
"1hhm","c81cbeb9-83cd-4e30-998f-bcd7f85d864c","cf01cc86-3af1-4b58-9754-584879a05c09"
"1hjc","b6a0d142-7a4e-4889-8c20-f505c58f0366","68e2e560-7d15-44e0-b790-187b616b3ca3"
"1hjc","e22b3fb4-834f-484f-a4a0-9aefce23498d","7c35bcd5-46e5-4581-a552-2e44ef809175"
"1hla","b6a0d142-7a4e-4889-8c20-f505c58f0366","68e2e560-7d15-44e0-b790-187b616b3ca3"
"1hla","c320cfb7-12ad-4734-aa81-5d36138c16b3","07b7b366-47d9-485d-9a74-488d3aeb87ef"
"1hla","ebf24903-b8ba-4356-95be-1d270cd1aad3","89d0672b-0f23-4c18-b046-7065c0490fb2"
"1hla","e22b3fb4-834f-484f-a4a0-9aefce23498d","7c35bcd5-46e5-4581-a552-2e44ef809175"
"1hlb","4fb7d0e6-e422-457a-8626-b49219744bc1","45488be1-5f3f-4bb4-8495-058d1fa4fa6d"
"1hlb","ce828b5b-9442-4068-a8bd-8675f12d7271","c4e48f56-90de-47cb-8095-b2a5f9c7b77b"
"1hlb","9bbf89ab-5b78-41b8-94d2-7af3d87846e5","db3fae19-9901-45e5-9a5b-92a15b6209f7"
"1hlc","9bbf89ab-5b78-41b8-94d2-7af3d87846e5","db3fae19-9901-45e5-9a5b-92a15b6209f7"
"1hlc","4fb7d0e6-e422-457a-8626-b49219744bc1","45488be1-5f3f-4bb4-8495-058d1fa4fa6d"
"1hlc","ce828b5b-9442-4068-a8bd-8675f12d7271","c4e48f56-90de-47cb-8095-b2a5f9c7b77b"
"1hnn","b6a0d142-7a4e-4889-8c20-f505c58f0366","68e2e560-7d15-44e0-b790-187b616b3ca3"
"1hov","194b52d5-b4e6-428a-b5fc-1a6b37fe3863","c1dbb44f-d2b5-483b-9e92-d88808729cca"
"1hov","6e2a8bf2-d931-4c98-8051-67f83837368e","a8352934-a6aa-4fc4-bfe5-75fa21b7901d"
"1hov","284c1496-aa1f-4601-a15d-8f8f09482096","7ffa2f48-84e2-41b3-91ed-ec2cd46d23c7"
"1hov","b6a0d142-7a4e-4889-8c20-f505c58f0366","68e2e560-7d15-44e0-b790-187b616b3ca3"
"1hov","e22b3fb4-834f-484f-a4a0-9aefce23498d","7c35bcd5-46e5-4581-a552-2e44ef809175"
"1hqx","c320cfb7-12ad-4734-aa81-5d36138c16b3","07b7b366-47d9-485d-9a74-488d3aeb87ef"
"1hr3","b6a0d142-7a4e-4889-8c20-f505c58f0366","59080029-9f06-4f0e-8300-9f6777f41eb8"
"1hr3","e22b3fb4-834f-484f-a4a0-9aefce23498d","be5f311d-1378-4f57-91bb-0887fc17238b"
"1hr3","a76a2553-37bf-4311-b161-7643e22bb4e2","51110b46-a7b6-425a-a1bb-e0f2475adf44"
"1hr3","c320cfb7-12ad-4734-aa81-5d36138c16b3","07b7b366-47d9-485d-9a74-488d3aeb87ef"
"1hsd","742e0604-2dd1-4b14-b814-7cbdc5e293dc","a11d10d7-4c08-4e6e-83b9-f7c0aa9714e6"
"1hsd","9ebfa95e-83af-4e00-8688-dec384147ece","04ec7968-52fb-4f5d-9b47-76471023a56c"
"1hsd","ec629321-9568-47d4-9f84-4a22466be4b1","c583cbdc-fec5-41a7-9339-9cc0afb34cc9"
"1hsd","9bd99a8f-42aa-4a7e-a717-3d5cc4d3e900","dcd35b79-3d03-4d80-8802-bdec3cad57db"
"1hsd","bc511acd-f598-4022-a546-5f625a9727d7","76097660-fd5f-45e4-b9c4-0a1c54b8df44"
"1hxx","a76a2553-37bf-4311-b161-7643e22bb4e2","a59a5e62-94f8-4d7d-aa82-2a91e4bcb8b1"
"1hxx","c320cfb7-12ad-4734-aa81-5d36138c16b3","13d30bf5-620e-4103-8319-66c6e004d2fd"
"1i48","c81cbeb9-83cd-4e30-998f-bcd7f85d864c","cf01cc86-3af1-4b58-9754-584879a05c09"
"1i00","a76a2553-37bf-4311-b161-7643e22bb4e2","b74d6e6a-2359-4e91-a2eb-155c8a5e0d96"
"1i09","9bbf89ab-5b78-41b8-94d2-7af3d87846e5","3d3ce53d-0d82-4c25-af91-3f1909ef70f6"
"1i60","b6a0d142-7a4e-4889-8c20-f505c58f0366","68e2e560-7d15-44e0-b790-187b616b3ca3"
"1i77","4fb7d0e6-e422-457a-8626-b49219744bc1","45488be1-5f3f-4bb4-8495-058d1fa4fa6d"
"1i77","9bbf89ab-5b78-41b8-94d2-7af3d87846e5","db3fae19-9901-45e5-9a5b-92a15b6209f7"
"1i77","ce828b5b-9442-4068-a8bd-8675f12d7271","c4e48f56-90de-47cb-8095-b2a5f9c7b77b"
"1ib4","c576209d-f69f-46e7-9e4e-346d2b6861e7","1e6163b5-43f0-4795-9b74-98e999e07660"
"1ibk","13d2cbde-44e3-4e02-9695-4862440cb2f9","e23bd0ba-ee03-4b4a-9b5a-7c9835435168"
"1ibk","6557bdc0-8f3f-4d72-89e1-1a12039628e0","3be9762d-f8e1-4b1c-9564-6aff0164bf60"
"1ibk","7cc4772d-4c87-47d2-add8-830c4622627c","6f006743-bd2f-4d91-b681-f7eed05666f4"
"1ibk","e1a93c81-c111-4e32-9239-6500961a88dd","a0550f82-6ae1-41ad-b8da-fd83a25aa5d6"
"1id8","3dc5a3aa-d1ac-42f2-8127-2900cb19828b","adac6d79-8322-47ae-94ac-7e05566ae047"
"1igy","09f57f07-5b84-41ee-bdd5-91d85984cfd2","9d17579d-c97e-4447-a110-0c53f22db023"
"1ih","a76a2553-37bf-4311-b161-7643e22bb4e2","b74d6e6a-2359-4e91-a2eb-155c8a5e0d96"
"1ii1","0fe8314c-f82d-4809-aa8b-38df0b145f8a","3f544fe7-0e66-4fb3-b297-b36cdc25af8f"
"1ii1","1a6a0432-b714-4710-8629-611997400321","f81579f9-1322-4b87-8825-7d785044b588"
"1ii1","1a10d077-a8a4-49f6-9c23-0181bde60c34","5588d47e-9f14-49d8-abaf-911a3a4cb434"
"1ii1","1d1f31b4-641b-4114-885b-0b39ae3baa00","7b65ff1f-211d-4476-9c48-a212883ada9b"
"1ii1","1b060b7d-a06a-46db-803b-7205cf9648b4","239d26f7-a7ca-4088-b601-ad1d97dbeefc"
"1ii1","32d14f78-6ed7-4014-b720-b3c99f7aeff4","4aaaabf8-2464-4110-9eb2-d6c2bcc0eb20"
"1ii1","5622624f-5213-4fa0-a0ee-3d23dd5cbbb6","9f840676-50d0-4378-b0d5-7538863b17d8"
"1ii1","64262555-f415-44ae-9ca8-2e922a49ddf1","e7a1c61b-b1bf-4b9d-912d-d3580359fa21"
"1ii1","67d41222-96ca-4788-acb1-fcd1ce8f82b8","d8c1bcc2-54b1-40d4-826f-24b0b304ff1b"
"1ii1","64dbc6e5-2da8-4b2c-9b6e-0c63ce075586","b22d640f-2ff5-4016-a052-706d9082d706"
"1ii1","5be0bfb2-a2f7-43a9-922a-e8c554df3f72","5ecf1dad-3b1b-4c00-a4a0-322c856302ab"
"1ii1","69d0cfdc-bd47-46c2-8171-e55928e7ce48","760b5040-14fd-4649-89ff-79810721a7c7"
"1ii1","82658767-1e1b-4425-b3bd-045e0c895014","3f212d87-e810-49bb-8bee-52ab99de10a6"
"1ii1","769d9ed1-837c-4d71-b255-9bd17438e5a8","b819da54-3108-4865-b91d-c9b49fd7253c"
"1ii1","81e40668-fc40-4ebe-9848-cfc347665410","f74980c3-7a0d-417b-8b07-5383b438a266"
"1ii1","a12a564f-62f3-498b-8b32-6c9810f06f63","eb063f52-a660-44bc-80f4-02782f1c0ad2"
"1ii1","a66dc0f3-45ce-4e14-be2c-b9ad9038831d","150b1387-694b-4778-9284-cda985dfa7dd"
"1ii1","a838cc65-55ba-45d2-a0af-3da706df5095","375d0aaa-2dbf-4651-8838-00ce5c9c7ed3"
"1ii1","b57fab0b-271f-491f-907a-611c4b38d796","cdbc83c6-0c34-48a1-82eb-93db739c0e5f"
"1ii1","ad7077c3-30e1-4d5c-9da8-8f5c0ebb9fb5","9c550b8b-e704-407e-8071-f27f0779d8eb"
"1ii1","c320cfb7-12ad-4734-aa81-5d36138c16b3","07b7b366-47d9-485d-9a74-488d3aeb87ef"
"1ii1","c42f6018-3213-4c70-8282-1f9aea307c83","51fe9c86-1209-435b-b299-0c7f53826b32"
"1ii1","c50fe90e-26f9-4688-8df9-9608a24d8e20","30b6fc0c-7a3e-4ea7-aca7-282feb967812"
"1ii1","dd0c8b49-b9a9-4779-870e-7a9437bac792","07827780-189e-4851-a069-d84018aec8e0"
"1ii1","c622bb89-68f0-4a1d-87f7-61e7fdcca0b1","4151a1ae-a68d-4fc3-8777-778aac86820f"
"1ii1","cc5738c4-663a-494e-8418-ae7cec9da170","f83d8880-71ef-4b6c-b96d-6634e9f224c6"
"1ii1","ebf7a958-58c5-402b-93a1-ea519eba4ad4","7a640539-c050-4d79-8a14-92066e470c39"
"1ii1","f02a51ec-4b1e-430d-81f4-38898f0ed93c","541620f1-495c-4284-8196-8bf658d3c05b"
"1ii1","f1f95871-c3e5-4bf4-ba2a-d780e3b40f28","87906ccb-b1fd-4d1f-8192-79e8fab6cf02"
"1ii1","f1172357-29fa-4e9c-867b-0f618d457638","b84ee259-44f9-478c-a54e-cd772d300d38"
"1iiw","7274e354-bdf7-4340-8189-5747d0eb7492","5b82adb4-95ab-4cd1-91fe-c76c5438e82b"
"1iiw","335104f7-30ed-4bea-9278-432a3da71ca4","1f633ad4-ea61-44c6-8a46-1098f66ebbb7"
"1iiw","d53721b9-0af4-4a6f-99e7-64cba7179c9c","861fe786-0b1a-4166-b061-e7be19508861"
"1iiy","b6a0d142-7a4e-4889-8c20-f505c58f0366","68e2e560-7d15-44e0-b790-187b616b3ca3"
"1iiy","e22b3fb4-834f-484f-a4a0-9aefce23498d","7c35bcd5-46e5-4581-a552-2e44ef809175"
"1iiz","01d5d178-cfe4-4db6-b6d8-37bd966fa0da","6475873d-ccc2-4304-ad12-4c4d9b7ab47c"
"1iiz","0483ed2a-2904-4562-b579-456892c417af","a3de5678-76f0-42c2-985b-9274b529446d"
"1iiz","2da33598-5415-4164-bbbd-c514aa8876cb","da49bbcf-d54d-4573-9171-5e013f5bbadf"
"1iiz","4c4dd80a-f9c0-40bc-bfef-7fc73a2d05ef","5702d4eb-3522-4b1d-b042-3c13cf897e86"
"1iiz","1f074a14-fd60-4451-bf8c-23501a126b40","032f9bb6-9536-49e7-99ad-adcf1a6326e4"
"1iiz","34542b40-2b8b-4f8e-82ee-94cb532ce3d8","1e058601-fd5f-41e9-b23b-bf7ad5a02c62"
"1iiz","52dc0c14-0abb-431f-a6ba-83583075ea56","fc1c019a-3203-46e8-a961-d4e241e2231b"
"1iiz","68ae4d49-996d-49af-95b9-d876dd2f6c1d","116995a8-691a-4d15-90a4-c5713cdc0c31"
"1iiz","6eed2ca6-56c4-475b-b687-ec77bfc475c7","b99bf18a-05ce-477c-aded-7170351e54d4"
"1iiz","7a9effb2-8855-45bd-9ef5-47c9eaa21fc1","b14cd7c5-10e2-43d5-b1db-68848df942bc"
"1iiz","7bfb9c00-eef8-4556-ad25-07b806812af0","742de73b-d577-4516-abe8-45d8fa442c26"
"1iiz","6d257e54-584c-4634-8e82-07e016f12c91","fd911ab3-af5f-4b13-9cca-7f3beb4a7937"
"1iiz","7ed06dd4-ccfa-423b-aaa0-3bff01a18088","9186e15e-dd75-4b22-b989-12ecd930be58"
"1iiz","b6a0d142-7a4e-4889-8c20-f505c58f0366","1657df87-5de9-4a60-bd43-c42cdaa1d2d7"
"1iiz","a6887ec4-315e-47c4-aaad-ec61e8f8125b","953e111e-69b5-4511-977a-35acecd3265a"
"1iiz","c212e6f1-66a1-4082-acb7-a3d90f6f3314","a954793b-4dd4-4ab6-88df-a0f9d00493eb"
"1iiz","e2ce9c9d-0df1-4f11-a11c-d0c75e884b3c","08f70b00-f37b-4ed8-9ba7-7e1c88be880c"
"1iiz","d9252a1e-2d1e-4aa5-a46f-c675e2f15f09","106709a2-b4d4-474f-a74e-ec7acc3bf6cf"
"1ij9","26b52dd6-8916-4b0c-b0c8-a9be2c724aa5","ba427242-bd75-4824-9f2f-5fbef3aa3f4d"
"1ij9","6c9e420c-25b9-4853-922e-c58c676f86a9","bf93ef03-dbf1-4567-9382-8529b230b061"
"1ij9","7386c23e-6ada-434c-8641-e1deefcbb2e1","9c650073-a261-4f79-9da8-090b33a558d8"
"1ij9","4bf9d3a8-7b12-4e54-a9e7-54516bbb6a58","bdf22001-fd47-42f8-a81e-972d5c431efd"
"1ij9","44756359-bed2-4b6b-ae7b-a007472e7bd6","68e4e32d-64f5-40ea-9785-db00d83f9be3"
"1ij9","8a04d209-ab32-4ba5-8db9-7dbdbe8d8caa","dc1f506a-55c5-4308-a411-ff64f98553c2"
"1ij9","507abf17-c877-4499-a4e4-cb92945088f2","133d32d9-1807-4621-961a-706aa8038ecb"
"1ij9","85f72546-cb21-4962-903f-51b7dc361e6c","1b048878-e29b-4375-818e-d02b0f07125a"
"1ij9","8a56b6cf-e0c0-4e1d-8c80-a49597bbf393","226061ff-6fcf-485c-8320-1a2de918b06e"
"1ij9","a4f67eb7-2761-44ac-9ed2-763914d564ca","aee1e6e1-3d6b-42de-9d3e-c9536522ddc9"
"1ij9","9698db17-ff6b-48fe-9acb-5c78c106cfb5","905112c8-6f12-4d86-84da-364579f72376"
"1ij9","c320cfb7-12ad-4734-aa81-5d36138c16b3","07b7b366-47d9-485d-9a74-488d3aeb87ef"
"1ij9","d04c38aa-1685-4065-97cf-d3a08104808a","65416fde-4fd8-4f98-89f6-8be67a77c9e0"
"1ij9","ffc28129-edd0-443d-bd91-357c6e4cb33f","76797924-2e4a-4219-9f30-cf6b2a4a5d5e"
"1ik","21e3df60-7f57-4295-8bf8-faae9f96a942","246c39c5-7b92-4215-b8ef-a5ec4ef22cd1"
"1ij9","fa66093e-5697-4aad-8338-68a049a0e342","9df903eb-7972-4468-8ee3-59b47a90602d"
"1ing","1dcd8415-2b2e-4ca2-8e4f-84bb69a13c51","a59bcab6-0af8-4e2d-b149-a1809fc82be1"
"1iob","4ffe91bd-2841-4356-87bc-92c98be1c89f","01a24ca7-2823-4097-8381-b18fbe68d3a6"
"1iob","931abe1a-a2db-4744-ab3c-6ad1b68c95ec","28362d0f-26a4-47b7-a8e0-0235c2016017"
"1iob","869f7588-a2fd-46c7-a746-5fe807957825","9dfd4606-6a5e-4f0e-9cc1-f1087fd8d454"
"1iob","9b44af23-3170-4da0-8097-d60780c2c759","f0d5cc06-5f3f-42a6-88d8-bcb8bfba2e21"
"1iob","a76a2553-37bf-4311-b161-7643e22bb4e2","b74d6e6a-2359-4e91-a2eb-155c8a5e0d96"
"1iob","d57c499f-305b-4c3a-a18b-3ab094d47b2c","3a2a7b4f-de0f-4914-9edc-db20e88cb40d"
"1ioh","2b978284-ad3a-455c-9f51-dff20a6bba73","b5b11b50-0508-4861-8a0e-77724fb25de9"
"1ip9","a76a2553-37bf-4311-b161-7643e22bb4e2","b74d6e6a-2359-4e91-a2eb-155c8a5e0d96"
"1ipe","41651233-0198-4c54-b826-fab939200548","7d2b40cc-1f93-45da-8d19-62ef83d274e3"
"1ipe","1515d956-19a3-4d7f-8179-e583f285eab9","9aef4cac-f252-4aec-a39b-3cf439ba1e39"
"1ipe","2ab22601-24d3-4e02-a302-3fd4db37e4a6","170b6d07-b3a6-4a6f-a9c8-ed3d59322e8f"
"1ipe","58085150-8ee3-40bf-902a-8bb1e3e20feb","6bec4b7f-511f-4758-85c3-ce62c88e5708"
"1ipe","af81685d-e1e9-453c-ae2f-4782875665a5","595069f2-d10a-4875-a636-e33426ef66ce"
"1iql","c81cbeb9-83cd-4e30-998f-bcd7f85d864c","cf01cc86-3af1-4b58-9754-584879a05c09"
"1iru","2471c67d-6bfd-46b1-bc15-a69cde679093","332c5e4d-9f5c-4f44-8e63-3fd39161161b"
"1iu6","1939ffd7-40fd-4e7b-b497-749ce2b2d875","b82c0f81-f73f-4b6c-9a91-87588102a314"
"1iru","a76a2553-37bf-4311-b161-7643e22bb4e2","b74d6e6a-2359-4e91-a2eb-155c8a5e0d96"
"1iu6","734be632-b5eb-4ae5-880b-c60390591e67","8fe4db28-8f23-470a-9568-5790f2524a9a"
"1iu6","2ab22601-24d3-4e02-a302-3fd4db37e4a6","23f5b485-72fe-467f-bf07-7939414b7cf0"
"1iu6","41651233-0198-4c54-b826-fab939200548","b1729804-7f46-49bd-b8b6-1108bbed5543"
"1iu6","34497850-53e8-4551-9b28-a3aa21b618da","c58ff242-205c-456a-8d80-3e6d467abe1f"
"1iu6","eb2615b7-6838-4c9b-939e-e6ebc42dd866","a7df4447-86b5-4525-820d-fc413b64bd65"
"1iu7","1939ffd7-40fd-4e7b-b497-749ce2b2d875","b82c0f81-f73f-4b6c-9a91-87588102a314"
"1iu7","2ab22601-24d3-4e02-a302-3fd4db37e4a6","23f5b485-72fe-467f-bf07-7939414b7cf0"
"1iu8","1939ffd7-40fd-4e7b-b497-749ce2b2d875","b82c0f81-f73f-4b6c-9a91-87588102a314"
"1iu7","41651233-0198-4c54-b826-fab939200548","b1729804-7f46-49bd-b8b6-1108bbed5543"
"1iu7","eb2615b7-6838-4c9b-939e-e6ebc42dd866","a7df4447-86b5-4525-820d-fc413b64bd65"
"1iu7","34497850-53e8-4551-9b28-a3aa21b618da","c58ff242-205c-456a-8d80-3e6d467abe1f"
"1iu7","734be632-b5eb-4ae5-880b-c60390591e67","8fe4db28-8f23-470a-9568-5790f2524a9a"
"1iu8","2ab22601-24d3-4e02-a302-3fd4db37e4a6","23f5b485-72fe-467f-bf07-7939414b7cf0"
"1iu8","41651233-0198-4c54-b826-fab939200548","b1729804-7f46-49bd-b8b6-1108bbed5543"
"1iu8","eb2615b7-6838-4c9b-939e-e6ebc42dd866","a7df4447-86b5-4525-820d-fc413b64bd65"
"1iu8","34497850-53e8-4551-9b28-a3aa21b618da","c58ff242-205c-456a-8d80-3e6d467abe1f"
"1iu8","734be632-b5eb-4ae5-880b-c60390591e67","8fe4db28-8f23-470a-9568-5790f2524a9a"
"1ix9","0b97a0e2-bd88-4dac-b091-235161cb5974","101768cf-3355-4f1b-a0da-b898d97048b5"
"1ix9","24288b92-2e05-40b6-a104-75ebc729a177","1d132c7e-1885-4452-87eb-5752e7d48d33"
"1j0p","ce828b5b-9442-4068-a8bd-8675f12d7271","c4e48f56-90de-47cb-8095-b2a5f9c7b77b"
"1j0p","4fb7d0e6-e422-457a-8626-b49219744bc1","45488be1-5f3f-4bb4-8495-058d1fa4fa6d"
"1j0o","ce828b5b-9442-4068-a8bd-8675f12d7271","c4e48f56-90de-47cb-8095-b2a5f9c7b77b"
"1j0o","9bbf89ab-5b78-41b8-94d2-7af3d87846e5","db3fae19-9901-45e5-9a5b-92a15b6209f7"
"1j0p","9bbf89ab-5b78-41b8-94d2-7af3d87846e5","db3fae19-9901-45e5-9a5b-92a15b6209f7"
"1ix9","9f5fa679-9636-4776-ac18-27a60b0b1a9f","2a3fc013-ad2b-4c9f-8c00-6ce658e28ad7"
"1j0o","4fb7d0e6-e422-457a-8626-b49219744bc1","45488be1-5f3f-4bb4-8495-058d1fa4fa6d"
"1j1t","a76a2553-37bf-4311-b161-7643e22bb4e2","51110b46-a7b6-425a-a1bb-e0f2475adf44"
"1j31","b6a0d142-7a4e-4889-8c20-f505c58f0366","8975a6d8-6187-4a21-a26f-647d2864c10a"
"1j31","c320cfb7-12ad-4734-aa81-5d36138c16b3","07b7b366-47d9-485d-9a74-488d3aeb87ef"
"1j48","696c4b8f-8710-492d-b289-e9fbdb981dd9","9a68d135-906d-48d5-991d-ba296f720748"
"1j48","7db0e891-f48f-4d52-a300-414530eefa70","c0ee1334-f1eb-4839-8bdf-1f84639b4019"
"1j48","72356ebf-b7f7-4d68-b316-20abc8e3d746","30ecbdb8-3bc1-4162-b98b-f2ef00d24f72"
"1j48","da30011e-c6c8-49c8-a8a0-ed101032b7ae","cb6fc9de-08df-40d7-bbc4-632bafef53d2"
"1j48","a276f0d9-dc2f-4741-835f-9747320d6bd1","c70e6387-af78-40d9-abd6-be33e38eeed0"
"1j48","b6a0d142-7a4e-4889-8c20-f505c58f0366","37d23f68-ca96-4d60-9f0d-ae0d32b78e84"
"1j48","fb002c2b-b305-4419-8a67-63fd702aab11","c05dee3b-7b16-4138-aab7-e66c3ec4a22c"
"1j48","c320cfb7-12ad-4734-aa81-5d36138c16b3","b2d3599d-1a91-4802-aae0-6c8a3befd1b9"
"1j48","e4577590-b4d4-4a54-81b3-7c1b1dd37794","8a04ec8a-cec8-46d0-97f2-9afd12926670"
"1j5s","4fb7d0e6-e422-457a-8626-b49219744bc1","45488be1-5f3f-4bb4-8495-058d1fa4fa6d"
"1j5z","e22b3fb4-834f-484f-a4a0-9aefce23498d","7c35bcd5-46e5-4581-a552-2e44ef809175"
"1j5s","9bbf89ab-5b78-41b8-94d2-7af3d87846e5","db3fae19-9901-45e5-9a5b-92a15b6209f7"
"1j5z","b6a0d142-7a4e-4889-8c20-f505c58f0366","68e2e560-7d15-44e0-b790-187b616b3ca3"
"1j62","b6a0d142-7a4e-4889-8c20-f505c58f0366","59080029-9f06-4f0e-8300-9f6777f41eb8"
"1j62","a76a2553-37bf-4311-b161-7643e22bb4e2","b74d6e6a-2359-4e91-a2eb-155c8a5e0d96"
"1j62","c320cfb7-12ad-4734-aa81-5d36138c16b3","c1de15a5-6bbd-4ee6-9eba-166ea13d328a"
"1j9","35d25456-2210-4e31-892a-671eb01f0ffb","2d857594-f058-4717-aee0-edd55ccef853"
"1j9","2737581a-e4fe-42c1-a590-fc19f158801e","aa9226da-2b25-40b0-96fb-3528c07d42b8"
"1j9","e2934f7b-ba19-4bd1-970b-225cc2d93226","c5e93df9-ccbf-4bfe-bf9f-1cec967def97"
"1j9","f4885d1c-c0cb-4d25-a222-0d6ba2f9ccc0","849c5574-5e16-4491-9cf2-011a3dfd73c4"
"1j9","a76a2553-37bf-4311-b161-7643e22bb4e2","4e5c9e15-222e-4125-814d-2b4a679ddabe"
"1j9","7e94808b-f833-4017-9eeb-754ac59f891e","f2e7dca8-fc05-43a3-9e3e-5cbca5b0b714"
"1j92","b6a0d142-7a4e-4889-8c20-f505c58f0366","68e2e560-7d15-44e0-b790-187b616b3ca3"
"1j92","e22b3fb4-834f-484f-a4a0-9aefce23498d","7c35bcd5-46e5-4581-a552-2e44ef809175"
"1ji","3c008889-d44a-4ebe-a61a-6dd53484667a","7613bde6-078e-4d96-b05b-928760af2416"
"1ji","6a02ec3e-7c60-4f11-91fd-92edf1f91c14","56b90c2d-7717-4b54-af4d-f84548a8b720"
"1ji","8fd710a8-cbb9-4889-aa99-332a0584660d","54796564-ba67-4229-b1a6-6e2ebcdea1b5"
"1ji","a8271ae8-5697-496c-8985-823235db2825","6fdd76f1-60f4-4cb6-9999-b1a96736dcce"
"1ji","cc40293f-d3af-42c7-ac0d-ed62e8060fe9","3d862ecc-3f09-452c-951b-b1048a674639"
"1jie","e22b3fb4-834f-484f-a4a0-9aefce23498d","7c35bcd5-46e5-4581-a552-2e44ef809175"
"1jiq","4fb7d0e6-e422-457a-8626-b49219744bc1","45488be1-5f3f-4bb4-8495-058d1fa4fa6d"
"1jiq","9bbf89ab-5b78-41b8-94d2-7af3d87846e5","db3fae19-9901-45e5-9a5b-92a15b6209f7"
"1jiq","ce828b5b-9442-4068-a8bd-8675f12d7271","c4e48f56-90de-47cb-8095-b2a5f9c7b77b"
"1jk4","27abfaa0-d6f9-43fb-a278-ddf47bf0c8d7","391e34fd-5b4f-4bf9-88dd-bc4c22bf6c50"
"1jk4","124294dc-2ba1-4f11-88ad-5f269c1a13b0","a7004625-93a7-4691-9f64-29b5a5d76978"
"1jk4","c2cd1ed5-0862-4540-8e9f-bfad0fad12ee","7903f559-9777-4825-9495-f4ed40f71e90"
"1jk4","b6a0d142-7a4e-4889-8c20-f505c58f0366","8975a6d8-6187-4a21-a26f-647d2864c10a"
"1jk4","e259a425-4ca5-4b55-9981-78f7f251a76f","b861e9db-36f6-4a6d-a342-97d35eccf754"
"1jox","3dc5a3aa-d1ac-42f2-8127-2900cb19828b","adac6d79-8322-47ae-94ac-7e05566ae047"
"1jox","348829ed-a9b2-482f-9a03-15858ac8cbdd","2dd88fde-51d4-4d61-a85d-d6fef86cbd1a"
"1jk4","be166de2-4437-40fa-8802-04d31a84d376","d9ddf79d-b352-4b97-965b-d3e3acf421c8"
"1jox","74249710-70dd-45f7-b247-2bf64d111e18","37ac6572-04f8-495f-ac8e-c39a68ec6958"
"1jox","74d6fc30-c5b0-4413-a090-880138f245d0","a0dea98f-c21c-4b5e-8e17-0ada86201fa7"
"1jox","7386c23e-6ada-434c-8641-e1deefcbb2e1","9c650073-a261-4f79-9da8-090b33a558d8"
"1jox","a76a6fab-e5a6-4272-9a92-91d3fdc8e0b8","4ca423c5-7d16-40b0-98e3-b34951b5dc1d"
"1jqr","64262555-f415-44ae-9ca8-2e922a49ddf1","e7a1c61b-b1bf-4b9d-912d-d3580359fa21"
"1jqr","8037f3d2-bb97-40b2-9628-59c66296e6cc","83efeaba-c2ae-4e69-9f23-6c8bacc72f2b"
"1jqr","b6a0d142-7a4e-4889-8c20-f505c58f0366","68e2e560-7d15-44e0-b790-187b616b3ca3"
"1jqr","e22b3fb4-834f-484f-a4a0-9aefce23498d","7c35bcd5-46e5-4581-a552-2e44ef809175"
"1juo","a76a2553-37bf-4311-b161-7643e22bb4e2","b74d6e6a-2359-4e91-a2eb-155c8a5e0d96"
"1juu","6c3e7f25-bbdd-4534-9888-7abbf8c483d3","aa0d44de-3a3d-4f76-9394-fd05b375df23"
"1juu","61083df5-32ff-42e0-85bc-a68f1f0ee071","b9ab1cab-d31e-4dd8-a610-397690beb426"
"1juu","772bea8a-62b6-4423-ad3c-a1fc8b2a422d","c3df7cfc-9bbd-4e1b-b527-50f1d84883e7"
"1juu","ab0615be-6cf2-4226-87e2-da80acbe7ece","012ee393-985a-4cc1-9518-fe9fba798c10"
"1juu","b6a0d142-7a4e-4889-8c20-f505c58f0366","68e2e560-7d15-44e0-b790-187b616b3ca3"
"1jvt","c320cfb7-12ad-4734-aa81-5d36138c16b3","07b7b366-47d9-485d-9a74-488d3aeb87ef"
"1jz","2b4b5cb4-631d-4f2c-a565-e11e83e8e137","9f6129e6-3b1e-44da-8c97-181e80944484"
"1jxz","61d4444c-041e-4e19-91a7-9bc64cab7b6e","63ce165d-48e5-47a3-bda7-31e6b2ba1e68"
"1k5x","aff712aa-f1fb-4092-8ea2-e527a9e633a2","d8671b96-d0e3-4251-ab6b-c448086e1c3c"
"1ka1","d505caf2-4669-4b32-8e0c-58d22d06a08c","aa9b2f6e-3383-4d64-b3e1-0a18914036d6"
"1kax","0fe1b78b-b0e0-4061-9ad8-bc43f1ed49c4","2e855856-0f65-49d3-a12d-9eb64f689418"
"1kax","3dc5a3aa-d1ac-42f2-8127-2900cb19828b","adac6d79-8322-47ae-94ac-7e05566ae047"
"1kax","4f31b41e-010b-4713-a729-40e1b70b2b06","39805fa0-0cd0-4ebf-a857-d5dac6b24750"
"1kax","46310da2-a563-459c-89fb-bf84ba37cc04","80846079-3c49-4cab-9174-472f8253d950"
"1kax","dca46fbd-347f-4022-8b24-ed74d6823908","77c38ceb-b81b-4fff-a34b-629c59954df7"
"1kax","6ed38d08-affe-43dc-8152-f1d2f614c39b","4077e5c2-91a4-4de2-82c9-894a1e294667"
"1kaz","0fe1b78b-b0e0-4061-9ad8-bc43f1ed49c4","2e855856-0f65-49d3-a12d-9eb64f689418"
"1kaz","3dc5a3aa-d1ac-42f2-8127-2900cb19828b","adac6d79-8322-47ae-94ac-7e05566ae047"
"1kaz","46310da2-a563-459c-89fb-bf84ba37cc04","80846079-3c49-4cab-9174-472f8253d950"
"1kaz","4f31b41e-010b-4713-a729-40e1b70b2b06","39805fa0-0cd0-4ebf-a857-d5dac6b24750"
"1kaz","6ed38d08-affe-43dc-8152-f1d2f614c39b","4077e5c2-91a4-4de2-82c9-894a1e294667"
"1kaz","dca46fbd-347f-4022-8b24-ed74d6823908","77c38ceb-b81b-4fff-a34b-629c59954df7"
"1kdx","c320cfb7-12ad-4734-aa81-5d36138c16b3","07b7b366-47d9-485d-9a74-488d3aeb87ef"
"1kfe","ceb49c5f-f5f5-475d-b30c-b1ffbfa3f1d4","fd02bf1c-1675-4217-a238-62fc0fe16f4c"
"1kfh","15648404-0e6e-4a85-abde-6140d11477bc","94fdc289-90c4-4659-93b7-60281ced7bf7"
"1kfh","67c1ccbf-193a-4476-88b7-66b266d64175","46c34257-633c-4881-aa2f-b439cbe5a96d"
"1kfh","b50c11cf-4f82-4754-9c21-a2349daf0a9f","b745540b-744d-46fd-9b35-9dd1403caafc"
"1kfh","97fed2a3-8314-4efd-af39-7576095a5ff1","39161f2d-3c78-4e5a-b84e-3d07633be9a1"
"1kg5","a6317b0d-d07a-4b3f-afc0-1fecad1b7faf","85b1fef9-bb5a-4ded-ab70-0e45c48228c4"
"1kgg","8b0c4345-5995-4fc8-9e9a-13f50ed5f9f3","a2adb02c-ff77-4b51-9001-13ee02adafb4"
"1kgg","19f2b4c2-e26b-4a72-af00-c3d5499e843e","9b650931-3be7-4160-bb9b-1d1a0de0be91"
"1kgg","43d27e0c-5966-426a-99db-a4638029f63b","6081ba4b-cae2-4e8c-9b55-070a4b262d53"
"1kgg","9bbf89ab-5b78-41b8-94d2-7af3d87846e5","7a1f96cf-6338-455b-897e-f69c8400be41"
"1kgg","aa8ea99c-3f1e-4cc9-8960-115f1ede655f","b9361a4e-8035-42f6-b322-f203e7fcfed0"
"1kgg","aa8f03d4-c8d6-48d8-ab1e-ad44517b74e0","8c6b0595-7ba6-4d34-ba1e-38ee3478a37a"
"1kgg","b6a0d142-7a4e-4889-8c20-f505c58f0366","68e2e560-7d15-44e0-b790-187b616b3ca3"
"1khs","b6a0d142-7a4e-4889-8c20-f505c58f0366","68e2e560-7d15-44e0-b790-187b616b3ca3"
"1kll","3dc5a3aa-d1ac-42f2-8127-2900cb19828b","adac6d79-8322-47ae-94ac-7e05566ae047"
"1kmv","a76a2553-37bf-4311-b161-7643e22bb4e2","b74d6e6a-2359-4e91-a2eb-155c8a5e0d96"
"1kmx","a76a2553-37bf-4311-b161-7643e22bb4e2","b74d6e6a-2359-4e91-a2eb-155c8a5e0d96"
"1kn","e22b3fb4-834f-484f-a4a0-9aefce23498d","7c35bcd5-46e5-4581-a552-2e44ef809175"
"1kod","03e63b6a-d516-4d76-b149-5f8114c46314","f62dd0c3-29a2-4078-9423-2ee801400536"
"1kod","22f01816-ede8-48a0-958b-ad2450865708","9114e904-418f-47f4-9089-af4ff704d301"
"1kod","4f44e805-2a7c-42be-ba6e-7edf62a0a129","dad3ab1b-0dfe-403e-af4b-749073e7ef6d"
"1kod","7969403e-a1f0-4981-b67a-774a7042cc57","bd09e732-8c74-4acd-9f22-17a0e563e063"
"1kod","c320cfb7-12ad-4734-aa81-5d36138c16b3","07b7b366-47d9-485d-9a74-488d3aeb87ef"
"1kod","b6a0d142-7a4e-4889-8c20-f505c58f0366","8975a6d8-6187-4a21-a26f-647d2864c10a"
"1kod","f5074283-0bd2-4a7a-9a93-8cf8f842aa1a","f5074283-0bd2-4a7a-9a93-8cf8f842aa1a"
"1kod","bf51a4bd-081b-49ac-ba54-8cdcebcd2563","4148e8fa-1c02-4b33-8728-568824a922f2"
"1kqr","36dcc79b-253a-48d4-a0a2-2ea49e36ecf0","501d9fe6-7dfb-4e11-becb-711c5cb058b3"
"1kqr","3c020035-9c88-429f-810a-add001bd9a82","3eacab6c-2700-468f-bee5-c3d85b42c264"
"1kqr","4e95d8ab-20d2-4069-bf3f-bd610cc70946","9cffb3a8-9fac-4132-a7a0-81f7e826fe3a"
"1kqr","3dc5a3aa-d1ac-42f2-8127-2900cb19828b","adac6d79-8322-47ae-94ac-7e05566ae047"
"1kqr","81ea7047-9fb2-4c47-887f-c531a4b52207","3486942b-e412-4752-842d-e5c02cbd17d4"
"1kqr","832ce8f3-b6c5-4b7d-bc2f-3e3980e4a07b","0cdafa91-c8ba-49ac-abed-987660dabf15"
"1kqr","82064f38-cad7-4ce7-84cf-07ba696ad5e6","fd7cc0aa-7d76-433e-a70f-c5f7ccc80b52"
"1kqr","734be632-b5eb-4ae5-880b-c60390591e67","8fe4db28-8f23-470a-9568-5790f2524a9a"
"1kqr","a76a2553-37bf-4311-b161-7643e22bb4e2","b74d6e6a-2359-4e91-a2eb-155c8a5e0d96"
"1kqr","bc0fd80b-a1eb-45c4-bb9d-1db4a4b9cd37","a94d8ce3-24a7-4f19-af8c-bd9172d9c342"
"1kqr","9a149b46-ee40-49ad-b2f7-9a6c1f06a375","4ba383ea-5aa0-4cdc-8ee5-f1020022739d"
"1kqr","a42611ef-6e7d-49f0-a4aa-0b127ad1c35a","2c455e84-366f-4436-9d15-e6e6f40301e7"
"1kqr","ca004220-e925-46b1-a0c5-c2de515a9774","df3a2467-2bdd-46d2-a34d-4f92b161faa4"
"1kqr","d302f7a3-69fa-4dba-9bbf-9697e89fdbb2","afd8113b-33a0-4e20-8627-8d2203aecb80"
"1kqr","e3e092da-5bcf-4a1b-bcd5-c03918e69b70","1dbdadc1-73ef-4a4a-8df2-2ab14abffebe"
"1kqr","e7e829d1-657f-46de-957d-5b3abba01896","cccd2c2d-b979-47fb-bc39-6240a2cf1654"
"1kqr","ce828b5b-9442-4068-a8bd-8675f12d7271","c4e48f56-90de-47cb-8095-b2a5f9c7b77b"
"1kqr","f48ae8c3-0d42-40eb-919e-688e3f5e11d2","5e7bd728-6a52-4ffd-b740-3925528bedd9"
"1kqr","eb2615b7-6838-4c9b-939e-e6ebc42dd866","a7df4447-86b5-4525-820d-fc413b64bd65"
"1kqr","fccf1e63-222c-4e84-b777-5ee5a60cdfc2","611cf782-0c93-4374-b2c6-c7423ac101bd"
"1kqt","3dc5a3aa-d1ac-42f2-8127-2900cb19828b","adac6d79-8322-47ae-94ac-7e05566ae047"
"1kqt","348829ed-a9b2-482f-9a03-15858ac8cbdd","2dd88fde-51d4-4d61-a85d-d6fef86cbd1a"
"1kqt","734be632-b5eb-4ae5-880b-c60390591e67","8fe4db28-8f23-470a-9568-5790f2524a9a"
"1kqt","4fb7d0e6-e422-457a-8626-b49219744bc1","45488be1-5f3f-4bb4-8495-058d1fa4fa6d"
"1kqt","ce828b5b-9442-4068-a8bd-8675f12d7271","c4e48f56-90de-47cb-8095-b2a5f9c7b77b"
"1kqt","eb2615b7-6838-4c9b-939e-e6ebc42dd866","a7df4447-86b5-4525-820d-fc413b64bd65"
"1kqu","3dc5a3aa-d1ac-42f2-8127-2900cb19828b","adac6d79-8322-47ae-94ac-7e05566ae047"
"1ktm","c320cfb7-12ad-4734-aa81-5d36138c16b3","07b7b366-47d9-485d-9a74-488d3aeb87ef"
"1kxb","02f06172-3c08-45b4-86c7-08fb10c0b620","19580491-f28f-4236-b2b5-e28094fe7d30"
"1kxb","a1a61a2f-1b79-4d48-837f-7cc0c116933e","0cd9b3c4-e1ee-402c-b982-c48c2a7cdf3f"
"1l1w","0b34268c-5e31-4291-bd23-2a79fd3510f7","ba1c89f1-4457-4688-9ef5-408f25ee3a37"
"1l1w","1838171b-b7f6-44cb-9f24-9f3fa2653778","db925c12-f426-41ca-9273-9aab11eb96f7"
"1l1w","29464d88-e2c9-468f-a12a-39f2d8eac8ed","00f3a376-febb-4eaf-ba5a-8f8fe3d6c50f"
"1l1w","58b7ce10-8e90-4d25-ad21-1bf79875b271","ecc7a391-cbc8-4299-8585-7e55ca84964b"
"1l1w","81911ef1-7fc1-4ab7-9f2a-77997751bb25","d85a5a78-de25-4f60-8b25-a98acb0539f0"
"1l1w","e3ea9f2c-b288-43d0-90b0-023003d2ea67","0b452e4c-bba7-453f-9263-513eaa7fd598"
"1l32","210f36fe-b5cd-491a-a5dc-fc9d4f2067ca","cdb8c0e7-4c7e-4b6b-8e4c-4170829c56b3"
"1l32","054167be-31b2-4773-8298-a921d84e0dde","e7cbe86e-c0fb-4937-b182-60a38492ec31"
"1l32","332ecbd3-42cf-48d7-aa59-70153c01e8a1","efdd56f9-7dc6-4e35-ba76-559c15b39cf5"
"1l32","454fd7c4-5fb0-40c7-987f-36e4b588fed6","8dd4cc3a-ccdc-48d2-8c18-48cdef3e2d88"
"1l32","accce697-48f5-4ded-a386-b4a1d6cc8665","bef1e440-2c40-4fbb-b5be-f6f9d3a3e0df"
"1l32","c320cfb7-12ad-4734-aa81-5d36138c16b3","07b7b366-47d9-485d-9a74-488d3aeb87ef"
"1l32","bce6e017-27e9-4154-8c6d-e47185784bae","6c5fdb40-6d62-40f8-9734-aad19454788c"
"1l32","bffb4e91-b6d7-4621-9496-0d13e7cdfab6","7415ccb7-f076-4177-96b6-b89d42314016"
"1l5p","c320cfb7-12ad-4734-aa81-5d36138c16b3","07b7b366-47d9-485d-9a74-488d3aeb87ef"
"1l67","4fb7d0e6-e422-457a-8626-b49219744bc1","45488be1-5f3f-4bb4-8495-058d1fa4fa6d"
"1l67","ce828b5b-9442-4068-a8bd-8675f12d7271","c4e48f56-90de-47cb-8095-b2a5f9c7b77b"
"1l67","9bbf89ab-5b78-41b8-94d2-7af3d87846e5","db3fae19-9901-45e5-9a5b-92a15b6209f7"
"1l67","c0c04f29-fd76-4556-953c-457d850ef79a","ec16f2d2-a9f1-406c-a8d4-0d688f11db47"
"1lb","bf8c8802-4a0e-4aaa-b033-15ee2ee3e622","8f4175d6-41c7-466c-a49e-4d1ee9663bb0"
"1lb","0731a8f5-8160-48f4-8af5-cc4fbbcf7b4b","769ddc2f-937b-446f-960d-efebd83fa060"
"1le2","9bbf89ab-5b78-41b8-94d2-7af3d87846e5","db3fae19-9901-45e5-9a5b-92a15b6209f7"
"1le2","4fb7d0e6-e422-457a-8626-b49219744bc1","45488be1-5f3f-4bb4-8495-058d1fa4fa6d"
"1lg7","56a2461e-f5b1-4579-a8fa-2e0ae15ac7e1","9203f5bb-17c6-414a-9552-b4b15b8f4aa1"
"1lg7","89553d7a-6fd2-47d6-8c02-81bbfaa2580b","46a56a3b-6d6a-4cd4-b293-1f8f0f85efc2"
"1le2","ce828b5b-9442-4068-a8bd-8675f12d7271","c4e48f56-90de-47cb-8095-b2a5f9c7b77b"
"1lg7","36d75b33-930f-40a5-8e0e-392223604077","12c2e30f-859e-42d0-8dc8-92a1ca2ee3f3"
"1lg7","05c460d1-9d42-4731-9c00-90948eed8636","9ae15830-d045-413b-a931-1d8cbe837dac"
"1lg7","86b794d1-32ec-4ee2-8c10-2ea919087c5b","0345c73b-59e9-4e31-9ccd-dd1ec891a7b9"
"1lg7","e7f56c34-8015-4b87-bcde-676788441e9b","b1aabb0a-fea6-4633-8bd7-bb0d876dd058"
"1lg7","09321396-7d6a-42a2-a629-30283f446176","5c2159a1-244d-454a-a0ca-62564da2d01f"
"1lga","0fe8314c-f82d-4809-aa8b-38df0b145f8a","3f544fe7-0e66-4fb3-b297-b36cdc25af8f"
"1lga","1a10d077-a8a4-49f6-9c23-0181bde60c34","5588d47e-9f14-49d8-abaf-911a3a4cb434"
"1lga","1b060b7d-a06a-46db-803b-7205cf9648b4","239d26f7-a7ca-4088-b601-ad1d97dbeefc"
"1lga","1d1f31b4-641b-4114-885b-0b39ae3baa00","7b65ff1f-211d-4476-9c48-a212883ada9b"
"1lga","32d14f78-6ed7-4014-b720-b3c99f7aeff4","4aaaabf8-2464-4110-9eb2-d6c2bcc0eb20"
"1lga","5622624f-5213-4fa0-a0ee-3d23dd5cbbb6","9f840676-50d0-4378-b0d5-7538863b17d8"
"1lga","5be0bfb2-a2f7-43a9-922a-e8c554df3f72","5ecf1dad-3b1b-4c00-a4a0-322c856302ab"
"1lga","64dbc6e5-2da8-4b2c-9b6e-0c63ce075586","b22d640f-2ff5-4016-a052-706d9082d706"
"1lga","67d41222-96ca-4788-acb1-fcd1ce8f82b8","d8c1bcc2-54b1-40d4-826f-24b0b304ff1b"
"1lga","769d9ed1-837c-4d71-b255-9bd17438e5a8","b819da54-3108-4865-b91d-c9b49fd7253c"
"1lga","81e40668-fc40-4ebe-9848-cfc347665410","f74980c3-7a0d-417b-8b07-5383b438a266"
"1lga","82658767-1e1b-4425-b3bd-045e0c895014","3f212d87-e810-49bb-8bee-52ab99de10a6"
"1lga","9d2e430e-f3f4-4507-82a7-4c3d80ae2a42","829f8ee5-5ec4-489d-a257-860888ce74f3"
"1lga","a838cc65-55ba-45d2-a0af-3da706df5095","375d0aaa-2dbf-4651-8838-00ce5c9c7ed3"
"1lga","a66dc0f3-45ce-4e14-be2c-b9ad9038831d","150b1387-694b-4778-9284-cda985dfa7dd"
"1lga","ad7077c3-30e1-4d5c-9da8-8f5c0ebb9fb5","9c550b8b-e704-407e-8071-f27f0779d8eb"
"1lga","a12a564f-62f3-498b-8b32-6c9810f06f63","eb063f52-a660-44bc-80f4-02782f1c0ad2"
"1lga","c42f6018-3213-4c70-8282-1f9aea307c83","51fe9c86-1209-435b-b299-0c7f53826b32"
"1lga","b57fab0b-271f-491f-907a-611c4b38d796","cdbc83c6-0c34-48a1-82eb-93db739c0e5f"
"1lga","c50fe90e-26f9-4688-8df9-9608a24d8e20","30b6fc0c-7a3e-4ea7-aca7-282feb967812"
"1lga","cc5738c4-663a-494e-8418-ae7cec9da170","f83d8880-71ef-4b6c-b96d-6634e9f224c6"
"1lga","dd0c8b49-b9a9-4779-870e-7a9437bac792","07827780-189e-4851-a069-d84018aec8e0"
"1lga","c5cb150a-d83b-4be4-97ea-8d1ef8583a51","817bfde4-d398-4ecd-b1e6-835fedc1d969"
"1lga","c320cfb7-12ad-4734-aa81-5d36138c16b3","07b7b366-47d9-485d-9a74-488d3aeb87ef"
"1lga","c622bb89-68f0-4a1d-87f7-61e7fdcca0b1","4151a1ae-a68d-4fc3-8777-778aac86820f"
"1lga","ebf7a958-58c5-402b-93a1-ea519eba4ad4","7a640539-c050-4d79-8a14-92066e470c39"
"1lga","f1f95871-c3e5-4bf4-ba2a-d780e3b40f28","87906ccb-b1fd-4d1f-8192-79e8fab6cf02"
"1lga","f1172357-29fa-4e9c-867b-0f618d457638","b84ee259-44f9-478c-a54e-cd772d300d38"
"1lga","f02a51ec-4b1e-430d-81f4-38898f0ed93c","541620f1-495c-4284-8196-8bf658d3c05b"
"1lht","38bd43fb-3402-4ba1-b752-86a7a9db06a8","54ff6a83-7ee0-44b9-854b-39a214da0c05"
"1lhx","64262555-f415-44ae-9ca8-2e922a49ddf1","e7a1c61b-b1bf-4b9d-912d-d3580359fa21"
"1lht","3dc5a3aa-d1ac-42f2-8127-2900cb19828b","adac6d79-8322-47ae-94ac-7e05566ae047"
"1lle","3972318d-a92b-49a7-a25e-bfd98e9f7426","29713a83-b42f-408c-9550-da1fd071488c"
"1lle","53b18020-c760-439a-b084-cacf4e16012c","82df53c7-30d6-492e-bea4-f51f229208ff"
"1lle","791c75d6-df06-4089-a3c3-29016e6cf966","e70ea7e2-1cb4-441f-8a1f-e24d3b6c59c7"
"1lle","b1621f0c-3904-463e-8e5e-2f16afa0d5ca","01c80822-02e8-40f1-bea8-6c62f82c1ebe"
"1lm8","e4ca6f08-d988-485d-972d-8def401dde88","9a0ba2cc-9e16-426e-995d-02ae8a09323d"
"1lmo","c81cbeb9-83cd-4e30-998f-bcd7f85d864c","cf01cc86-3af1-4b58-9754-584879a05c09"
"1ln1","c320cfb7-12ad-4734-aa81-5d36138c16b3","07b7b366-47d9-485d-9a74-488d3aeb87ef"
"1lp","91e36a7a-0c50-4efb-bb18-afc376f3ec59","3dbbd443-6a7a-4198-a91c-e93e24a667e6"
"1lq2","4fb7d0e6-e422-457a-8626-b49219744bc1","45488be1-5f3f-4bb4-8495-058d1fa4fa6d"
"1lq9","aa06f4c7-04b6-425e-a9f5-ca618cd3ab97","44acbdf1-eb7c-4efe-bcf4-86fa55152609"
"1lr1","24a95175-414a-4bd0-a0d7-8ba726aa1250","a14e91a7-fe28-49f9-8709-2d1033d578bd"
"1lq9","0b29a72c-bf17-40e8-ad11-50e112916737","0ad8493e-2ca0-45c8-93a6-d3edcad54076"
"1lq9","5640e912-ead2-4d2c-a6b1-9e59b4e723c4","18bb3004-d12c-4efb-9345-444bf9c5b807"
"1lq9","053cfa6c-4a7e-4566-8479-7d9d60bed985","6d7f2315-acc0-4300-a244-942f63d45c07"
"1lr1","397b9b36-4b53-479a-ab1b-3a4244c9b2f6","12ca3702-b467-4458-83b2-a544697988b6"
"1lq2","9bbf89ab-5b78-41b8-94d2-7af3d87846e5","db3fae19-9901-45e5-9a5b-92a15b6209f7"
"1lr1","40fb31e7-f047-4ba7-8ad0-382a60c568e0","079b36ef-7e49-40f8-bb71-9e97b1472dbc"
"1lr1","6743e074-9769-4828-a522-b726f1af2128","b04fb125-f0ba-4703-9fe9-231901a79876"
"1lr1","6d19c734-1025-4c67-9136-8baf935030c5","0c1ab1fc-2d6d-4977-beaf-c8ba933ea301"
"1lr1","7f3a9de0-c367-4b8a-9d85-15819eb31e12","3a30630a-7005-4a80-9dde-f7275ca8e88c"
"1lr1","cf74e809-f825-4e9b-936f-8ab2945203c2","0d8a8fa3-2d8f-4f8b-8723-b0686265f661"
"1lr1","4e20f0b0-3941-4856-9185-29bcfc927c2c","8a09e0cc-94b7-4af2-be4e-b7b9881a86c9"
"1lr1","d40c4865-fab3-46b1-a879-e0a510f20822","25d27fdc-f215-486e-be8f-1d14ea38c28f"
"1lr1","c3de0e3f-b735-45bb-a375-fedf0dae38ed","52f2bf96-3547-4790-9472-98c84c3537ea"
"1lr1","ffae42f0-2546-42e0-a02e-c048d444bc5c","ca1b0d3e-ca83-4539-9512-215f565110bd"
"1lr6","4fb7d0e6-e422-457a-8626-b49219744bc1","45488be1-5f3f-4bb4-8495-058d1fa4fa6d"
"1lr6","a4805292-bb5e-406e-a2ad-5d7aa323b8da","30072686-da3c-43f2-82d2-fc7411e85118"
"1lr6","9bbf89ab-5b78-41b8-94d2-7af3d87846e5","db3fae19-9901-45e5-9a5b-92a15b6209f7"
"1lr6","ce828b5b-9442-4068-a8bd-8675f12d7271","c4e48f56-90de-47cb-8095-b2a5f9c7b77b"
"1lr7","4fb7d0e6-e422-457a-8626-b49219744bc1","45488be1-5f3f-4bb4-8495-058d1fa4fa6d"
"1lr7","9bbf89ab-5b78-41b8-94d2-7af3d87846e5","db3fae19-9901-45e5-9a5b-92a15b6209f7"
"1lr7","a4805292-bb5e-406e-a2ad-5d7aa323b8da","30072686-da3c-43f2-82d2-fc7411e85118"
"1lr7","ce828b5b-9442-4068-a8bd-8675f12d7271","c4e48f56-90de-47cb-8095-b2a5f9c7b77b"
"1lr8","9bbf89ab-5b78-41b8-94d2-7af3d87846e5","db3fae19-9901-45e5-9a5b-92a15b6209f7"
"1lr8","4fb7d0e6-e422-457a-8626-b49219744bc1","45488be1-5f3f-4bb4-8495-058d1fa4fa6d"
"1lrq","3dc5a3aa-d1ac-42f2-8127-2900cb19828b","adac6d79-8322-47ae-94ac-7e05566ae047"
"1lr8","ce828b5b-9442-4068-a8bd-8675f12d7271","c4e48f56-90de-47cb-8095-b2a5f9c7b77b"
"1lrq","4fb7d0e6-e422-457a-8626-b49219744bc1","45488be1-5f3f-4bb4-8495-058d1fa4fa6d"
"1lrq","ce828b5b-9442-4068-a8bd-8675f12d7271","c4e48f56-90de-47cb-8095-b2a5f9c7b77b"
"1lrr","4fb7d0e6-e422-457a-8626-b49219744bc1","45488be1-5f3f-4bb4-8495-058d1fa4fa6d"
"1lrr","3dc5a3aa-d1ac-42f2-8127-2900cb19828b","adac6d79-8322-47ae-94ac-7e05566ae047"
"1lrr","ce828b5b-9442-4068-a8bd-8675f12d7271","c4e48f56-90de-47cb-8095-b2a5f9c7b77b"
"1lrx","c320cfb7-12ad-4734-aa81-5d36138c16b3","07b7b366-47d9-485d-9a74-488d3aeb87ef"
"1lrx","b6a0d142-7a4e-4889-8c20-f505c58f0366","68e2e560-7d15-44e0-b790-187b616b3ca3"
"1lto","4fb7d0e6-e422-457a-8626-b49219744bc1","45488be1-5f3f-4bb4-8495-058d1fa4fa6d"
"1lto","9bbf89ab-5b78-41b8-94d2-7af3d87846e5","db3fae19-9901-45e5-9a5b-92a15b6209f7"
"1lto","ce828b5b-9442-4068-a8bd-8675f12d7271","c4e48f56-90de-47cb-8095-b2a5f9c7b77b"
"1luj","4fb7d0e6-e422-457a-8626-b49219744bc1","45488be1-5f3f-4bb4-8495-058d1fa4fa6d"
"1luj","ce828b5b-9442-4068-a8bd-8675f12d7271","c4e48f56-90de-47cb-8095-b2a5f9c7b77b"
"1luj","9bbf89ab-5b78-41b8-94d2-7af3d87846e5","db3fae19-9901-45e5-9a5b-92a15b6209f7"
"1ltz","a76a2553-37bf-4311-b161-7643e22bb4e2","51110b46-a7b6-425a-a1bb-e0f2475adf44"
"1lvr","b6a0d142-7a4e-4889-8c20-f505c58f0366","68e2e560-7d15-44e0-b790-187b616b3ca3"
"1lwc","24288b92-2e05-40b6-a104-75ebc729a177","1d132c7e-1885-4452-87eb-5752e7d48d33"
"1lwc","1de4a51d-98f1-4b0b-9965-bd17496ba836","9d75d0f1-eb13-46d3-86c7-2763b449001e"
"1lwc","97fed2a3-8314-4efd-af39-7576095a5ff1","39161f2d-3c78-4e5a-b84e-3d07633be9a1"
"1lwc","14d95d44-a74f-4110-8a89-b3869bf68668","da1c0af7-b76a-42de-8ed3-3ca259d805a0"
"1lwg","29298c73-b5e5-4f57-9073-c67fb6a1617b","47593a9e-ba7f-4fd1-a341-1d5227fc4d89"
"1lwg","4fb7d0e6-e422-457a-8626-b49219744bc1","45488be1-5f3f-4bb4-8495-058d1fa4fa6d"
"1lxd","29298c73-b5e5-4f57-9073-c67fb6a1617b","47593a9e-ba7f-4fd1-a341-1d5227fc4d89"
"1lwg","ce828b5b-9442-4068-a8bd-8675f12d7271","c4e48f56-90de-47cb-8095-b2a5f9c7b77b"
"1lxf","1ebbbef7-9351-4c0a-ac2c-16eaee006503","a70972cd-051f-4cfe-a5e8-ab6eafc98b61"
"1lxf","1515d956-19a3-4d7f-8179-e583f285eab9","9aef4cac-f252-4aec-a39b-3cf439ba1e39"
"1lxd","ce828b5b-9442-4068-a8bd-8675f12d7271","c4e48f56-90de-47cb-8095-b2a5f9c7b77b"
"1lxd","4fb7d0e6-e422-457a-8626-b49219744bc1","45488be1-5f3f-4bb4-8495-058d1fa4fa6d"
"1lxf","6b178024-eee2-4c37-a6e2-8aad49bb28b7","d4a42fc6-02ef-4222-9960-4d3dab434969"
"1lxf","a471bac9-95c7-41fa-97b9-30f4cac2445a","b2d7511a-e469-4a35-8fda-8f7a1affdb0a"
"1lxf","95f1afe4-913f-4561-8d4b-f0cdec2b366b","86592692-8570-4296-a261-8f078ebc3d56"
"1lxf","b904e7f4-0904-454d-8695-64f486034abe","ecb486be-75d4-4b7c-8e36-ed49e125c046"
"1lxf","c15824ba-7795-4a6c-8a31-8090539d6dda","d931d10f-4e6c-4340-b12a-101af90f00d0"
"1lxg","1ebbbef7-9351-4c0a-ac2c-16eaee006503","a70972cd-051f-4cfe-a5e8-ab6eafc98b61"
"1lxg","1515d956-19a3-4d7f-8179-e583f285eab9","9aef4cac-f252-4aec-a39b-3cf439ba1e39"
"1lxg","6b178024-eee2-4c37-a6e2-8aad49bb28b7","d4a42fc6-02ef-4222-9960-4d3dab434969"
"1lxg","95f1afe4-913f-4561-8d4b-f0cdec2b366b","86592692-8570-4296-a261-8f078ebc3d56"
"1lxg","a471bac9-95c7-41fa-97b9-30f4cac2445a","b2d7511a-e469-4a35-8fda-8f7a1affdb0a"
"1lxg","b904e7f4-0904-454d-8695-64f486034abe","ecb486be-75d4-4b7c-8e36-ed49e125c046"
"1lxg","c15824ba-7795-4a6c-8a31-8090539d6dda","d931d10f-4e6c-4340-b12a-101af90f00d0"
"1lxp","c81cbeb9-83cd-4e30-998f-bcd7f85d864c","cf01cc86-3af1-4b58-9754-584879a05c09"
"1ly8","3dc5a3aa-d1ac-42f2-8127-2900cb19828b","adac6d79-8322-47ae-94ac-7e05566ae047"
"1ly8","1c629de0-401d-4444-933c-de0662e798b9","053301f6-e705-41a0-a848-7f86f58f25b0"
"1lyy","c81cbeb9-83cd-4e30-998f-bcd7f85d864c","cf01cc86-3af1-4b58-9754-584879a05c09"
"1lzc","0fe1b78b-b0e0-4061-9ad8-bc43f1ed49c4","2e855856-0f65-49d3-a12d-9eb64f689418"
"1lzc","4fb7d0e6-e422-457a-8626-b49219744bc1","45488be1-5f3f-4bb4-8495-058d1fa4fa6d"
"1lzc","9bbf89ab-5b78-41b8-94d2-7af3d87846e5","db3fae19-9901-45e5-9a5b-92a15b6209f7"
"1lzc","ce828b5b-9442-4068-a8bd-8675f12d7271","c4e48f56-90de-47cb-8095-b2a5f9c7b77b"
"1lzq","1cfc65cc-9815-445c-a58c-722aa911cef5","93d90c69-3d2a-4902-b36f-427b7bcb8d5d"
"1lzd","9bbf89ab-5b78-41b8-94d2-7af3d87846e5","db3fae19-9901-45e5-9a5b-92a15b6209f7"
"1lzq","2cf0a88d-ebd5-4f25-a9e5-190f03d52a99","93d00988-638c-4837-a8d3-7bef5fb4b2f5"
"1lzd","ce828b5b-9442-4068-a8bd-8675f12d7271","c4e48f56-90de-47cb-8095-b2a5f9c7b77b"
"1lzd","0fe1b78b-b0e0-4061-9ad8-bc43f1ed49c4","2e855856-0f65-49d3-a12d-9eb64f689418"
"1lzq","7d5da155-68fa-4f77-9d15-906ff4104c93","74547c81-9aa8-469f-a4ec-82ad90c2c2f5"
"1lzd","4fb7d0e6-e422-457a-8626-b49219744bc1","45488be1-5f3f-4bb4-8495-058d1fa4fa6d"
"1lzq","85a6d89e-85fa-49b6-a2b7-913317ec070d","b2682d45-d6c7-4fe2-982f-fbc04f9b631e"
"1lzq","9fb88b32-def4-4b99-ada6-e352f14a3a37","c4b730fe-77b1-49c4-802c-4a9d384d92df"
"1lzq","c320cfb7-12ad-4734-aa81-5d36138c16b3","07b7b366-47d9-485d-9a74-488d3aeb87ef"
"1lzq","b6a0d142-7a4e-4889-8c20-f505c58f0366","68e2e560-7d15-44e0-b790-187b616b3ca3"
"1lzq","dc4eab50-0fee-42e3-851a-0af8706cfd22","b589f26e-5c3a-4f25-aa72-7227d8958bf9"
"1lzq","fc54e383-1416-4f44-a53f-c7d50821510e","e6bcb33c-bc53-452d-8b7b-76c7a0322605"
"1lzs","09f57f07-5b84-41ee-bdd5-91d85984cfd2","9d17579d-c97e-4447-a110-0c53f22db023"
"1m05","64262555-f415-44ae-9ca8-2e922a49ddf1","e7a1c61b-b1bf-4b9d-912d-d3580359fa21"
"1m05","ef6e8823-38b9-47ae-ad66-3c648d2ea5f5","339a2f31-903d-4fb2-a609-6ecf86d47b2c"
"1m05","9e2eef40-25cf-44b9-b721-e60f27073454","c037e8f4-835e-4ddf-bed7-0450bd15c9e6"
"1m05","f4a79173-cab3-4ddc-9f42-2a4331479d4b","18ded039-810f-495f-8215-f369e69ba2e7"
"1m05","d92edcb2-9835-4516-a061-100272266e20","4b118cf3-0d2c-427f-a868-e8d3079b7b48"
"1m09","0277239f-59f4-44bc-87e7-63780a1cdb71","d9505b8d-824b-4ffa-b2fe-e77536490b97"
"1m09","09747226-7893-4bbd-9b91-9b128d6aa244","573b9986-d028-4b70-9976-f747f251b2c0"
"1m09","23df37c5-c15d-4665-8a2e-4d77b6604d3f","ecad15a9-f1fa-4ea7-8da3-e23d3f28da41"
"1m09","22d2edf4-5bfa-41a6-9232-0c1060011fe4","950a4224-f827-42e4-b555-8a68ee1643a0"
"1m09","23e813c6-092f-42fb-ae77-9e83f83d164f","b769393e-96aa-47cd-8685-28c0284bd065"
"1m09","24a68b74-054d-4aaf-8169-3712398c71c9","8acd1d88-d4d3-40ec-9eda-86283a739aec"
"1m09","2990ddf1-a2c4-4872-bc53-860b27837551","bc9607c0-501f-478d-8a2d-ee53e7148f2b"
"1m09","255176ee-ddd2-4b32-b3b9-e9595d209021","5d7e2cde-6a87-42d8-b8cc-83a9923d5ae6"
"1m09","2ac4ebde-3dbd-4144-a8d3-8c083b3746a7","bb30ed0b-5cda-416d-9965-d9f0d11a6870"
"1m09","306a126b-03f2-4ef1-893e-80fc13329922","353ff2ca-b322-4c27-ae60-ac390d356b52"
"1m09","32052e40-edc4-48f4-b80a-9d2cc783c4b1","15428330-e2b5-431c-a918-60a71999a655"
"1m09","3b5587e9-033b-4501-b707-4a0b2d41bb6b","c646eaa3-9eb2-4a5e-99ed-eead0004608e"
"1m09","81c5d9bf-7601-4aa7-a1a5-7cf9386d760e","9dfab8b4-26d8-4766-9885-f0e43ee4433e"
"1m09","5c6c2a88-e76a-4f7b-bde7-a44af95d0f36","d5d4f373-9fc4-4d9d-b245-9f15737e6181"
"1m09","72b03cea-0b45-435f-9aba-33396c40213a","9802720a-2272-468d-b249-a1fd93a357e9"
"1m09","63d9a80c-7bbf-4740-b637-a49005b1e1c0","1840d199-fd61-4eea-97ff-2e8d9666122b"
"1m09","97e3e2ef-f1a7-4c24-b44f-5cb3e8c0f14c","6dce9da4-69a5-4c48-aca1-6d6e9807f8c3"
"1m09","a1fd9a32-ac6d-416b-8808-01cccb66037c","9a093602-bae5-42c3-938f-963a34381afe"
"1m09","e3353c8a-051f-4de1-b0bd-bc2e7685260b","d7c44edd-53f7-458c-8e33-869816b67f3a"
"1m09","eabbd076-63cd-448b-a432-4e4978f2a68d","bb38cc14-90b3-4d92-9743-ccae9c60ac01"
"1m09","afda6288-fa36-40f2-a3d2-cf26ccd93618","fef21f2b-8088-4c1c-86dd-248d2568f70b"
"1m09","fb905c5d-d6c3-4d03-999f-136eb5b583f3","b769393e-96aa-47cd-8685-28c0284bd065"
"1m09","ee3840a4-1fd6-4db0-8d16-df198b22a5ff","e86abaa8-4978-4ff9-800b-ce526f88d89c"
"1m13","c81cbeb9-83cd-4e30-998f-bcd7f85d864c","cf01cc86-3af1-4b58-9754-584879a05c09"
"1m1p","3dc5a3aa-d1ac-42f2-8127-2900cb19828b","adac6d79-8322-47ae-94ac-7e05566ae047"
"1m21","40643ad3-3cef-4c53-aac3-c628c2f56d5d","0d8e7b04-b8df-41a1-b5cc-795cf5498294"
"1m20","b14a64d0-4991-447e-a03f-363154021cdd","ab2dca62-2946-4e97-b4ed-7a29b88ad6f4"
"1m1p","4fb7d0e6-e422-457a-8626-b49219744bc1","45488be1-5f3f-4bb4-8495-058d1fa4fa6d"
"1m21","a76a2553-37bf-4311-b161-7643e22bb4e2","51110b46-a7b6-425a-a1bb-e0f2475adf44"
"1m2r","734be632-b5eb-4ae5-880b-c60390591e67","8fe4db28-8f23-470a-9568-5790f2524a9a"
"1m2r","bc026ae4-62e4-4747-9e5c-eb3df4df5601","c7642e4e-0818-4259-a92b-ff74ede58862"
"1m2r","eb2615b7-6838-4c9b-939e-e6ebc42dd866","a7df4447-86b5-4525-820d-fc413b64bd65"
"1m2s","15bb35ee-909b-46d7-b7b7-9b7f23dbfa2b","7da14b8b-db63-4b0d-86b9-b34e0183a95a"
"1m2s","4e2be6c4-a040-4dde-babe-09a966731e6b","33cdf36a-5716-4e34-bfb3-0d8e1a620246"
"1m2s","3772789e-5bd9-48bc-9047-cf296e05226b","735ec9a7-3752-4705-9476-e616a063fd58"
"1m2s","11d347c9-1ec5-4ac6-afcc-d25e36a2a481","0d8342b2-4e8c-49b2-b7cc-accdd1ce80a6"
"1m2s","54d84cb5-dc02-4e48-8f04-ee76449767ae","71ec9e40-11cd-4cd4-8ef6-e8f4a62af514"
"1m2s","77e71a4b-efd3-4378-a557-b364d36d7333","4688dc09-3e2e-4b2f-be45-39e29cfcfeaf"
"1m2s","ed00625d-78c0-467e-9482-9702ae2f3b6e","43eeb284-f064-44c0-834d-7f2a618a245d"
"1m2y","3dc5a3aa-d1ac-42f2-8127-2900cb19828b","adac6d79-8322-47ae-94ac-7e05566ae047"
"1m2s","eefb4765-c86f-4941-827c-4ab72f025541","95fc0dc5-4b13-483e-ada1-0b9704d76abe"
"1m3s","4f922c65-24f2-4ec0-ab6b-a458b6961d4a","cac721ef-26a1-45e3-be4b-4f43e55900e2"
"1m3s","78ea7609-e1bf-4fb8-b286-959afefae987","9d65a9e4-4140-441d-b8e3-f51342929b27"
"1m3s","6eed2ca6-56c4-475b-b687-ec77bfc475c7","b99bf18a-05ce-477c-aded-7170351e54d4"
"1m3s","907b570c-aa04-4748-87da-defa2c52c96c","2d1c39ee-436c-444a-89ee-3fc46a6d3a64"
"1m3s","7bfb9c00-eef8-4556-ad25-07b806812af0","742de73b-d577-4516-abe8-45d8fa442c26"
"1m42","3dc5a3aa-d1ac-42f2-8127-2900cb19828b","adac6d79-8322-47ae-94ac-7e05566ae047"
"1m5m","409f4e96-10b1-4898-8dc6-bab2fde87745","ebd12834-06f9-4868-8783-00f0d7d77ba3"
"1m5m","39de586f-3be8-43a2-b960-e24f462f83b0","46aa0a27-cc10-4d13-877c-28c3eb8e5699"
"1m5m","574d1c18-aca3-497d-a6a5-6635dc79b8f8","c7a27219-f501-4114-8d42-2856c5e409f8"
"1m5m","59d70673-0867-41bd-b1f2-3de0101985ea","0fdc1f86-3e47-4e5c-b633-854dbbea2cf3"
"1m5m","63075301-84ad-4580-a13b-7a6fc1b470be","d023cd03-f1b2-43d2-8350-4d700840cd9d"
"1m5m","8249fe55-a044-45b9-8250-84e44650ea70","32b154f8-5c9d-4b0a-9cf1-654be4efcc77"
"1m5m","99479e6f-c75d-47e6-a16c-a37a7dbf6cd2","062e9780-e59a-4d45-b589-b80a73f30abc"
"1m5m","933dc1f9-ce6f-4011-959c-08166cb2acc5","7c39cad5-2967-4254-a7d2-d32eef2009bf"
"1m5m","d32eff8b-f238-4b63-8bac-1c9aee7e2e8d","47077484-f749-4e91-8af4-4976223991dd"
"1m5m","be360d0e-37ea-4bc7-8185-348601d35c25","d4f6965f-950a-4ed7-9bb9-e9ff712164b4"
"1m5m","e6106d23-9477-4456-b756-e22092350ddd","46daf8f4-0071-45bb-81e8-2c288b30c7b8"
"1m5m","edf25adb-e9ea-4f83-ac1d-d032779f922b","569794e7-4d42-4c90-ab79-e3737e067227"
"1m65","d40f2d3b-4f79-4ea7-8669-6f30957958c4","1f7dcab5-547c-4787-9875-0a07017573b9"
"1m7a","c320cfb7-12ad-4734-aa81-5d36138c16b3","07b7b366-47d9-485d-9a74-488d3aeb87ef"
"1m7p","b6a0d142-7a4e-4889-8c20-f505c58f0366","68e2e560-7d15-44e0-b790-187b616b3ca3"
"1m85","c81cbeb9-83cd-4e30-998f-bcd7f85d864c","cf01cc86-3af1-4b58-9754-584879a05c09"
"1m7p","e22b3fb4-834f-484f-a4a0-9aefce23498d","7c35bcd5-46e5-4581-a552-2e44ef809175"
"1m94","df760f76-f7bb-41a3-ad2c-c57765d7d92b","3e147621-2ccc-4dde-a154-aca65a44194d"
"1m8y","9bbf89ab-5b78-41b8-94d2-7af3d87846e5","db3fae19-9901-45e5-9a5b-92a15b6209f7"
"1m94","9bbf89ab-5b78-41b8-94d2-7af3d87846e5","3d3ce53d-0d82-4c25-af91-3f1909ef70f6"
"1m94","43d27e0c-5966-426a-99db-a4638029f63b","7c9ea114-1a12-4685-9b43-317e39e57562"
"1ma3","c320cfb7-12ad-4734-aa81-5d36138c16b3","07b7b366-47d9-485d-9a74-488d3aeb87ef"
"1maw","02f06172-3c08-45b4-86c7-08fb10c0b620","19580491-f28f-4236-b2b5-e28094fe7d30"
"1maw","a1a61a2f-1b79-4d48-837f-7cc0c116933e","0cd9b3c4-e1ee-402c-b982-c48c2a7cdf3f"
"1maw","5ee085ba-4147-4370-9c33-b36c9c95a697","8444b92c-c6fb-4915-a88b-67e9790de661"
"1mbc","9bbf89ab-5b78-41b8-94d2-7af3d87846e5","db3fae19-9901-45e5-9a5b-92a15b6209f7"
"1mbc","e22b3fb4-834f-484f-a4a0-9aefce23498d","7c35bcd5-46e5-4581-a552-2e44ef809175"
"1mbc","b6a0d142-7a4e-4889-8c20-f505c58f0366","68e2e560-7d15-44e0-b790-187b616b3ca3"
"1mbo","04fb5814-a66d-4320-beee-bb53b1377f0b","ffdfedbd-ef2b-433e-9f07-1c6112b60a41"
"1mbd","9bbf89ab-5b78-41b8-94d2-7af3d87846e5","db3fae19-9901-45e5-9a5b-92a15b6209f7"
"1mbo","3b752e64-875a-4777-a11b-9ad90fb94dd1","7cccc788-189b-43d5-95d1-af756751c27d"
"1mca","c320cfb7-12ad-4734-aa81-5d36138c16b3","07b7b366-47d9-485d-9a74-488d3aeb87ef"
"1mdv","4b037f48-96d0-41e0-8310-18bcf50b5360","97b87941-cf22-48e0-afba-7af69f0d8ec9"
"1mdv","230e620a-1853-4743-b476-d4938216d445","21381944-6214-446b-a016-70fecf49d845"
"1mdv","51bbd7ea-6eb2-4557-a63d-f6166c61173b","1f9e6a42-4dda-4091-83ec-16d79549a075"
"1mdv","5cbe70bb-46ad-4eeb-a6d7-c926eef61be8","d80d278f-c86f-4c7d-977e-3ed9661e6b64"
"1mdv","4a6e28a9-7b22-4918-8ee4-e7eefc4d82bf","1c39d1ad-d590-4898-a1fb-6639e5cdd1e8"
"1mdv","4308f159-485d-4c1b-af1f-aecd83743423","f731e1d8-7fbf-4575-bf3d-6084502bdb48"
"1mdv","98e07602-17cb-4476-afb2-66fb6383dd1c","b757c372-8349-4a0e-8a4b-c5a3d9731c32"
"1mdv","aeda2099-e9de-4ab2-97d8-c86889bfae38","8fb32e6c-1537-48f7-b724-e23844ecc077"
"1mdv","df033d01-890a-4935-b5e8-159ec6cc9a90","a7fee2aa-a1eb-40bc-93cd-8611a4639168"
"1meb","2647a477-116a-4a36-992c-1db417259f8a","4dc7f30c-b3be-4827-bc54-48d06c8ec823"
"1meq","a76a2553-37bf-4311-b161-7643e22bb4e2","b74d6e6a-2359-4e91-a2eb-155c8a5e0d96"
"1met","d1c00ddb-b4d2-42e7-99c0-4c61a7aa9331","fc68076e-4bd1-4ca7-b41f-dcd8f864ced5"
"1met","f74cf8c4-20e4-45e2-8b2d-42b40fd4aff1","a85e9c78-2406-4873-933c-712f04bc9468"
"1mfw","3e1f6420-1e36-4fb3-ba31-0f4165fd4cd9","2272b96a-50c8-45c5-83fd-c82d78f27dab"
"1met","f9180fea-c2a6-4279-baae-193fbdedde7f","0a35b239-c988-4cc2-8920-719ecf87fb3d"
"1mfw","43d27e0c-5966-426a-99db-a4638029f63b","6081ba4b-cae2-4e8c-9b55-070a4b262d53"
"1mfw","66c551f3-a438-4d46-86d2-39cfaf3e4cc8","720ff955-ebeb-4eed-a4db-04a70d0f4ba6"
"1mfw","8b0c4345-5995-4fc8-9e9a-13f50ed5f9f3","a2adb02c-ff77-4b51-9001-13ee02adafb4"
"1mfw","9bbf89ab-5b78-41b8-94d2-7af3d87846e5","7a1f96cf-6338-455b-897e-f69c8400be41"
"1mfw","e22b3fb4-834f-484f-a4a0-9aefce23498d","7c35bcd5-46e5-4581-a552-2e44ef809175"
"1mfw","b6a0d142-7a4e-4889-8c20-f505c58f0366","68e2e560-7d15-44e0-b790-187b616b3ca3"
"1mfw","d5788074-1ba4-4230-958f-8392ac237b6c","4f715918-8d1c-46ae-93e4-21de54ec0d10"
"1mg3","b6a0d142-7a4e-4889-8c20-f505c58f0366","68e2e560-7d15-44e0-b790-187b616b3ca3"
"1mgp","3dc5a3aa-d1ac-42f2-8127-2900cb19828b","adac6d79-8322-47ae-94ac-7e05566ae047"
"1mg9","3b4353ec-1eb7-423f-9f16-cf784d83d3f4","cc540329-0f6d-41db-af22-8e07b8f82244"
"1mh6","b6a0d142-7a4e-4889-8c20-f505c58f0366","68e2e560-7d15-44e0-b790-187b616b3ca3"
"1mgp","4fb7d0e6-e422-457a-8626-b49219744bc1","45488be1-5f3f-4bb4-8495-058d1fa4fa6d"
"1mhm","3dc5a3aa-d1ac-42f2-8127-2900cb19828b","adac6d79-8322-47ae-94ac-7e05566ae047"
"1mhm","c320cfb7-12ad-4734-aa81-5d36138c16b3","07b7b366-47d9-485d-9a74-488d3aeb87ef"
"1mhm","b6a0d142-7a4e-4889-8c20-f505c58f0366","68e2e560-7d15-44e0-b790-187b616b3ca3"
"1mhp","2647a477-116a-4a36-992c-1db417259f8a","4dc7f30c-b3be-4827-bc54-48d06c8ec823"
"1mi1","dc047943-820b-41b1-86fb-098b0c2f7918","f5818927-574e-4c4d-b2e4-35fb512de74b"
"1mi1","20d56491-11f8-4bed-997d-3d5d3a911986","9117513a-0416-4828-8f96-3753212f06d1"
"1mii","6c437183-a8e4-48d0-a87f-533bf0aad881","b4831ada-f1d6-43c2-b376-16ddb8ad937d"
"1mji","c81cbeb9-83cd-4e30-998f-bcd7f85d864c","cf01cc86-3af1-4b58-9754-584879a05c09"
"1mk8","2647a477-116a-4a36-992c-1db417259f8a","4dc7f30c-b3be-4827-bc54-48d06c8ec823"
"1mk9","4308f159-485d-4c1b-af1f-aecd83743423","f731e1d8-7fbf-4575-bf3d-6084502bdb48"
"1mkc","fa09ddf4-8714-4ab8-93fd-17ca54bc873a","e1d3e67e-0a1e-469f-88e5-f68513d1209c"
"1mkv","3dc5a3aa-d1ac-42f2-8127-2900cb19828b","adac6d79-8322-47ae-94ac-7e05566ae047"
"1mn9","b6a0d142-7a4e-4889-8c20-f505c58f0366","68e2e560-7d15-44e0-b790-187b616b3ca3"
"1mo","069f840d-764c-451e-b102-f944c3753f58","1fd392e2-0241-4895-aa73-38df6ddd113a"
"1mo","28286d8d-dd7e-481b-850d-7ee77f2fb74c","881d0b5c-8cac-483d-94b2-71351bc0a716"
"1mo","2c95d6fd-9485-4bd9-ac83-7328744f4fd8","2441a945-614c-4854-99c5-b3d15e05bc99"
"1mo","7281315d-8f22-4f18-a350-32468e5e57e4","8bd9c90e-8e1e-461c-bb37-327da76ae17a"
"1mo","9b14f91b-7781-494d-9185-0531c95eb723","929b98f3-6958-4f6e-9d6b-a0950ce3e627"
"1mo","a7a31b72-a67c-4da3-a375-109479809108","8ec741c7-a64d-4d67-ab6b-0489233a6ea5"
"1mo","e14f04a8-752d-4200-945e-b75d88fed86a","314c5977-153d-49fc-ac4f-9fa46fa38cc1"
"1mo","c320cfb7-12ad-4734-aa81-5d36138c16b3","07b7b366-47d9-485d-9a74-488d3aeb87ef"
"1mo","c4f7bcb2-6eb4-41a1-8a25-b6234530f180","ad61063d-705f-4f28-8e7c-507a504f6220"
"1mo","eeb98b02-9b1d-4b03-bff5-d419f85672eb","814e8573-eb8e-4adf-858e-b6a165d21fd2"
"1mo","ef4a1c12-0b92-4bf3-b82a-a5c5672c804e","343882ae-404e-4424-a4cb-ffd2aec4a1f9"
"1mo","f7a86af2-7ff6-416a-b5b1-ef6de6ceec8b","10c8f77a-47f7-40d2-8088-fa51950c8910"
"1mot","054167be-31b2-4773-8298-a921d84e0dde","e7cbe86e-c0fb-4937-b182-60a38492ec31"
"1mot","454fd7c4-5fb0-40c7-987f-36e4b588fed6","8dd4cc3a-ccdc-48d2-8c18-48cdef3e2d88"
"1mot","332ecbd3-42cf-48d7-aa59-70153c01e8a1","efdd56f9-7dc6-4e35-ba76-559c15b39cf5"
"1mot","7aed67c9-9e01-4a50-8830-980f29296252","c3ce2ccf-504e-4b4c-aac2-1217dbdcc2e4"
"1mot","accce697-48f5-4ded-a386-b4a1d6cc8665","bef1e440-2c40-4fbb-b5be-f6f9d3a3e0df"
"1mot","ac42677c-a338-4f2a-820b-cc3bcf20045a","7a040a7b-b6cb-465e-b322-a39f58d57ab3"
"1mot","cd6b83f6-49a8-4776-9c65-280c37b4b9d8","af6b5ef9-d7a0-492a-a930-56cfa1fcadce"
"1mpe","0483ed2a-2904-4562-b579-456892c417af","a3de5678-76f0-42c2-985b-9274b529446d"
"1mpe","01d5d178-cfe4-4db6-b6d8-37bd966fa0da","6475873d-ccc2-4304-ad12-4c4d9b7ab47c"
"1mpe","230e620a-1853-4743-b476-d4938216d445","21381944-6214-446b-a016-70fecf49d845"
"1mpe","3dc5a3aa-d1ac-42f2-8127-2900cb19828b","adac6d79-8322-47ae-94ac-7e05566ae047"
"1mpe","40710733-cb91-47fc-8a6c-97905a2ffe1d","4ab81104-3e1b-4c33-a052-4dd7ad57b351"
"1mpe","4a6e28a9-7b22-4918-8ee4-e7eefc4d82bf","1c39d1ad-d590-4898-a1fb-6639e5cdd1e8"
"1mpe","4b037f48-96d0-41e0-8310-18bcf50b5360","97b87941-cf22-48e0-afba-7af69f0d8ec9"
"1mpe","4308f159-485d-4c1b-af1f-aecd83743423","f731e1d8-7fbf-4575-bf3d-6084502bdb48"
"1mpe","51bbd7ea-6eb2-4557-a63d-f6166c61173b","1f9e6a42-4dda-4091-83ec-16d79549a075"
"1mpe","5cbe70bb-46ad-4eeb-a6d7-c926eef61be8","d80d278f-c86f-4c7d-977e-3ed9661e6b64"
"1mpe","7ed06dd4-ccfa-423b-aaa0-3bff01a18088","9186e15e-dd75-4b22-b989-12ecd930be58"
"1mpe","a6887ec4-315e-47c4-aaad-ec61e8f8125b","953e111e-69b5-4511-977a-35acecd3265a"
"1mpe","aeda2099-e9de-4ab2-97d8-c86889bfae38","8fb32e6c-1537-48f7-b724-e23844ecc077"
"1mpe","b6a0d142-7a4e-4889-8c20-f505c58f0366","68e2e560-7d15-44e0-b790-187b616b3ca3"
"1mpe","98e07602-17cb-4476-afb2-66fb6383dd1c","b757c372-8349-4a0e-8a4b-c5a3d9731c32"
"1mpe","b3c52576-da60-484d-8c39-547a8781c2da","157f1980-823e-4519-8723-d29b29f7dd78"
"1mpe","d9252a1e-2d1e-4aa5-a46f-c675e2f15f09","106709a2-b4d4-474f-a74e-ec7acc3bf6cf"
"1mpe","df033d01-890a-4935-b5e8-159ec6cc9a90","a7fee2aa-a1eb-40bc-93cd-8611a4639168"
"1mqb","b6a0d142-7a4e-4889-8c20-f505c58f0366","68e2e560-7d15-44e0-b790-187b616b3ca3"
"1mqo","eea00a34-ae24-44c4-b136-830ec239b129","72eeaba6-f41e-4a9a-9d17-752744beb2a9"
"1mqo","f628051c-8724-4cd9-81b8-7bb60dc421ac","06d6d4aa-7db0-4bee-8cf5-d4f276f97155"
"1ms8","c6f2159f-77aa-4e32-8631-905c2d0ad16a","e13ebe00-d9a4-4459-a3a7-62c4431caa20"
"1ms8","ab0997d4-8360-453f-aae7-09e78c43a669","bb55cc06-ecb1-45a8-b5a4-66292e342fc1"
"1mt2","dd58908d-1d2b-4b6b-8877-d9abb317e1e1","aacc5eaa-f12d-4b80-90bd-f60497a9cd1a"
"1mte","a76a2553-37bf-4311-b161-7643e22bb4e2","51110b46-a7b6-425a-a1bb-e0f2475adf44"
"1mu0","7d07e4bb-a6a2-481a-bffd-e9bd877b07fa","0604745a-44f9-4989-b3a8-937385b9ae35"
"1mu0","48e509d8-2920-4bcc-885e-d17aa2f4151f","4da70384-252b-4866-bd04-92a27d368724"
"1mu0","a76a2553-37bf-4311-b161-7643e22bb4e2","7a747c32-d18f-4421-a07e-a10d2e83013b"
"1mu0","c320cfb7-12ad-4734-aa81-5d36138c16b3","a913fb96-4372-496a-9ee7-105652da31bc"
"1mub","b6a0d142-7a4e-4889-8c20-f505c58f0366","68e2e560-7d15-44e0-b790-187b616b3ca3"
"1muw","0a40192c-572e-461c-a5ce-2cec6051617d","cb231795-f3ce-4a80-a64b-56c41eacf58b"
"1muw","41651233-0198-4c54-b826-fab939200548","b1729804-7f46-49bd-b8b6-1108bbed5543"
"1muw","2ab22601-24d3-4e02-a302-3fd4db37e4a6","23f5b485-72fe-467f-bf07-7939414b7cf0"
"1muw","46f02a96-505a-4a0c-8741-84d5ddf13288","212169df-e0d0-403f-ad3e-5d2720d6e33d"
"1muw","64e6be46-b337-40f3-a483-b8e7e7ea7af9","66bd89c4-08fb-418f-9408-9fced56f67ec"
"1muw","eb2615b7-6838-4c9b-939e-e6ebc42dd866","a7df4447-86b5-4525-820d-fc413b64bd65"
"1mv3","a76a2553-37bf-4311-b161-7643e22bb4e2","51110b46-a7b6-425a-a1bb-e0f2475adf44"
"1mva","19b73300-e05f-4430-ae71-35ef604d0538","dfac7fda-8666-415d-bd66-77eaf466017e"
"1mva","aaae1bb3-b6f2-4329-a208-94b367a04352","e62bb59e-3d40-41aa-b78f-27ab89fa08e2"
"1mvh","3e2c262f-ca0a-4ceb-86c1-168d3daaa06d","2e2fabb1-79c7-4941-80e8-592d91cd2d37"
"1mvh","9eba7147-1b07-4f4d-96c1-67231295f852","3c230510-2c6d-4514-ad43-7203f93f217d"
"1mva","5bea9c5e-23dc-424f-92c4-09fdf0ca1c39","70f2a0f6-dc67-4033-afb2-09f3f1f88868"
"1mvj","71c9a514-3aeb-42d8-8b64-99cfeda7d7ea","63e845c3-1816-4750-855e-e5bf31b052aa"
"1mvj","ae17a03c-ceae-4bef-a342-4586016ebafe","e44b184f-ba83-4e10-b6bf-6f9a9de621bd"
"1mvj","87aa87e7-3ac0-4abd-800c-f4fa1c33bd31","e1c50d10-dacf-44f2-900a-0778d0c4ce66"
"1mvj","8cf1d81b-1418-40f6-a70d-3d0d14920b42","2657267f-277e-4b65-80ed-812db373e7f2"
"1mvp","7a9effb2-8855-45bd-9ef5-47c9eaa21fc1","b14cd7c5-10e2-43d5-b1db-68848df942bc"
"1mwn","07c1089e-6a81-41e7-a6b3-48144e2c7e26","5da70cfb-106e-4ce8-9aff-f0f344ac583b"
"1mwn","391ea3f7-8110-400e-9a8f-78f1f35e1185","38cdd724-ad2a-4737-9828-d42fd008937e"
"1mwn","c6891b57-7a95-42b6-a624-c01748faf02a","7ed55ddc-07e9-4aa4-b74c-836c9bcb83a1"
"1mwn","c320cfb7-12ad-4734-aa81-5d36138c16b3","07b7b366-47d9-485d-9a74-488d3aeb87ef"
"1mwn","d485f863-edfd-432e-9b08-5ce67e95516c","41e34471-7664-4ffd-a4a4-b9aa856054c4"
"1mwn","d4c73398-a2f0-4cbc-a2dc-e61e7d8a295f","1dddcb63-08c5-4884-a343-b295b7211a97"
"1mx2","e9ba406f-15b3-4bc4-ad9f-9bef4f366712","55c1c3e8-8805-4cbb-bfda-6c5ce57cadcf"
"1mxg","1f6cade9-93e6-41fc-a0ec-575f4a9bd8b6","32d25e90-a920-42bc-94f0-f2901a986113"
"1mx2","0fffa1a4-bcd3-46ed-8747-54a4e197481a","252ee496-edcb-4b13-8504-3f1bde7f32d2"
"1mx2","f0e28ce8-616a-4a93-8c80-4cf166ac6321","568ae536-aa08-4687-91ee-6782068e9e4d"
"1mxg","f66ad0a4-6cfe-4e41-845e-f84edb1cccc7","70a18cb4-94ee-4012-bf14-f634e0d23281"
"1mxs","293c4330-5af5-4281-ab50-b480e85e7523","b9ceb839-2915-4840-bb6a-0c806310560c"
"1mxs","1612771f-c08a-4322-b482-6e91fc170fd3","4df76a6e-0087-45f0-af31-5d7c9c3c6e56"
"1mxs","4c164e0f-b3c7-4258-b034-a3be2015f1a2","a5c242c5-77ef-43bd-b939-a483336b83b7"
"1mxs","979bca01-fa0a-4f32-be1d-86502cbb5fd0","652af4b1-55d2-43c0-9acc-61bad115815a"
"1myg","26155fa0-7749-41a3-92af-adc929c693ae","9fe63457-d136-446a-9e72-4b525de58a12"
"1mxs","c6c30df6-7397-4af8-8174-a0d31e927fb4","4f7801a7-5a02-43e2-95af-31b6ac2f1c17"
"1myg","f4063c7d-47c4-468b-b659-facb5f51014d","5ee3c9a8-f643-4a95-812e-8f8c76a17283"
"1myg","566fb0a9-f2ec-4bc9-a0ea-037df019f23f","18942f6b-8858-42c7-becc-c416dd8563a9"
"1myg","64262555-f415-44ae-9ca8-2e922a49ddf1","e7a1c61b-b1bf-4b9d-912d-d3580359fa21"
"1mz4","a76a2553-37bf-4311-b161-7643e22bb4e2","7a747c32-d18f-4421-a07e-a10d2e83013b"
"1mz4","7d07e4bb-a6a2-481a-bffd-e9bd877b07fa","0604745a-44f9-4989-b3a8-937385b9ae35"
"1mz4","c320cfb7-12ad-4734-aa81-5d36138c16b3","a913fb96-4372-496a-9ee7-105652da31bc"
"1n0d","1838171b-b7f6-44cb-9f24-9f3fa2653778","db925c12-f426-41ca-9273-9aab11eb96f7"
"1n0d","29464d88-e2c9-468f-a12a-39f2d8eac8ed","00f3a376-febb-4eaf-ba5a-8f8fe3d6c50f"
"1n0d","81911ef1-7fc1-4ab7-9f2a-77997751bb25","d85a5a78-de25-4f60-8b25-a98acb0539f0"
"1n0d","e3ea9f2c-b288-43d0-90b0-023003d2ea67","0b452e4c-bba7-453f-9263-513eaa7fd598"
"1n18","1a6a0432-b714-4710-8629-611997400321","f81579f9-1322-4b87-8825-7d785044b588"
"1n14","c81cbeb9-83cd-4e30-998f-bcd7f85d864c","cf01cc86-3af1-4b58-9754-584879a05c09"
"1n18","0fe8314c-f82d-4809-aa8b-38df0b145f8a","3f544fe7-0e66-4fb3-b297-b36cdc25af8f"
"1n18","1b060b7d-a06a-46db-803b-7205cf9648b4","239d26f7-a7ca-4088-b601-ad1d97dbeefc"
"1n18","2ede12a3-dd40-45b4-b5e8-c55c81e09b88","67372263-dff2-413f-a87d-4a5c44351f03"
"1n18","1d1f31b4-641b-4114-885b-0b39ae3baa00","7b65ff1f-211d-4476-9c48-a212883ada9b"
"1n18","32d14f78-6ed7-4014-b720-b3c99f7aeff4","4aaaabf8-2464-4110-9eb2-d6c2bcc0eb20"
"1n18","5622624f-5213-4fa0-a0ee-3d23dd5cbbb6","9f840676-50d0-4378-b0d5-7538863b17d8"
"1n18","64dbc6e5-2da8-4b2c-9b6e-0c63ce075586","b22d640f-2ff5-4016-a052-706d9082d706"
"1n18","5be0bfb2-a2f7-43a9-922a-e8c554df3f72","5ecf1dad-3b1b-4c00-a4a0-322c856302ab"
"1n18","67d41222-96ca-4788-acb1-fcd1ce8f82b8","d8c1bcc2-54b1-40d4-826f-24b0b304ff1b"
"1n18","769d9ed1-837c-4d71-b255-9bd17438e5a8","b819da54-3108-4865-b91d-c9b49fd7253c"
"1n18","7ce0ee29-ad09-4d91-a130-70a7f14fb6ae","6233782b-7a04-4401-a187-192122bd1ee4"
"1n18","81e40668-fc40-4ebe-9848-cfc347665410","f74980c3-7a0d-417b-8b07-5383b438a266"
"1n18","82658767-1e1b-4425-b3bd-045e0c895014","3f212d87-e810-49bb-8bee-52ab99de10a6"
"1n18","8ee5febe-234e-401b-ada2-5154bd37262d","d2b6420a-7237-4154-b0af-f7eaa2bf6cc7"
"1n18","a12a564f-62f3-498b-8b32-6c9810f06f63","eb063f52-a660-44bc-80f4-02782f1c0ad2"
"1n18","a61d0c68-cbb7-4e95-b1be-34f533f8fdb9","bfacc198-4066-4ff7-a5c8-46bc85e27589"
"1n18","a66dc0f3-45ce-4e14-be2c-b9ad9038831d","150b1387-694b-4778-9284-cda985dfa7dd"
"1n18","a838cc65-55ba-45d2-a0af-3da706df5095","375d0aaa-2dbf-4651-8838-00ce5c9c7ed3"
"1n18","ad7077c3-30e1-4d5c-9da8-8f5c0ebb9fb5","9c550b8b-e704-407e-8071-f27f0779d8eb"
"1n18","c320cfb7-12ad-4734-aa81-5d36138c16b3","07b7b366-47d9-485d-9a74-488d3aeb87ef"
"1n18","b57fab0b-271f-491f-907a-611c4b38d796","cdbc83c6-0c34-48a1-82eb-93db739c0e5f"
"1n18","c622bb89-68f0-4a1d-87f7-61e7fdcca0b1","4151a1ae-a68d-4fc3-8777-778aac86820f"
"1n18","c42f6018-3213-4c70-8282-1f9aea307c83","51fe9c86-1209-435b-b299-0c7f53826b32"
"1n18","d6f809ef-425d-45fe-9500-a96eb2245aca","557e4a50-4dce-4f33-8598-f2058ff55123"
"1n18","ebf7a958-58c5-402b-93a1-ea519eba4ad4","7a640539-c050-4d79-8a14-92066e470c39"
"1n18","e180c628-b5bd-4a89-8b33-09d97ccaa6bb","78c2d849-cd89-4129-a562-97b7ebb5f62c"
"1n18","c50fe90e-26f9-4688-8df9-9608a24d8e20","30b6fc0c-7a3e-4ea7-aca7-282feb967812"
"1n18","cc5738c4-663a-494e-8418-ae7cec9da170","f83d8880-71ef-4b6c-b96d-6634e9f224c6"
"1n18","dd0c8b49-b9a9-4779-870e-7a9437bac792","07827780-189e-4851-a069-d84018aec8e0"
"1n18","f02a51ec-4b1e-430d-81f4-38898f0ed93c","541620f1-495c-4284-8196-8bf658d3c05b"
"1n18","f1f95871-c3e5-4bf4-ba2a-d780e3b40f28","87906ccb-b1fd-4d1f-8192-79e8fab6cf02"
"1n18","f1172357-29fa-4e9c-867b-0f618d457638","b84ee259-44f9-478c-a54e-cd772d300d38"
"1n1t","1f6cade9-93e6-41fc-a0ec-575f4a9bd8b6","32d25e90-a920-42bc-94f0-f2901a986113"
"1n2k","9bbf89ab-5b78-41b8-94d2-7af3d87846e5","db3fae19-9901-45e5-9a5b-92a15b6209f7"
"1n2k","4fb7d0e6-e422-457a-8626-b49219744bc1","45488be1-5f3f-4bb4-8495-058d1fa4fa6d"
"1n2k","ce828b5b-9442-4068-a8bd-8675f12d7271","c4e48f56-90de-47cb-8095-b2a5f9c7b77b"
"1n3g","fa09ddf4-8714-4ab8-93fd-17ca54bc873a","e1d3e67e-0a1e-469f-88e5-f68513d1209c"
"1n4a","4fb7d0e6-e422-457a-8626-b49219744bc1","45488be1-5f3f-4bb4-8495-058d1fa4fa6d"
"1n4a","9bbf89ab-5b78-41b8-94d2-7af3d87846e5","db3fae19-9901-45e5-9a5b-92a15b6209f7"
"1n4a","ce828b5b-9442-4068-a8bd-8675f12d7271","c4e48f56-90de-47cb-8095-b2a5f9c7b77b"
"1n5u","76845551-11fa-4f3e-a5da-8b70793c940f","89d39c41-0c39-4403-8821-31bdb86bafa8"
"1n5u","b5d3eb3c-3372-4d29-a89f-fc7242ebcd4a","4a6a5df2-631a-4031-8fd8-a63aca3e9cff"
"1n5u","cab7b2e9-e27d-4d0f-a97a-ff6cc1c7fa38","66cbcfb5-b831-4655-9ffb-ed1fdd2e3325"
"1n6d","21beaada-02a4-484c-91e9-939069d886a4","1f49a4fa-ad52-408d-98f4-e11eb8423ba6"
"1n6d","c320cfb7-12ad-4734-aa81-5d36138c16b3","07b7b366-47d9-485d-9a74-488d3aeb87ef"
"1n6m","c81cbeb9-83cd-4e30-998f-bcd7f85d864c","cf01cc86-3af1-4b58-9754-584879a05c09"
"1n6d","c81cbeb9-83cd-4e30-998f-bcd7f85d864c","cf01cc86-3af1-4b58-9754-584879a05c09"
"1n8n","8a373f16-c728-48b4-a977-a6708c8ec0ef","3a555d52-4f55-445a-9482-ff71aef9b3fc"
"1n8s","a0eab229-4be6-4713-9a29-143e65c47c90","f57c9684-68a9-4e21-b5ca-049a22d07573"
"1n8n","c6891b57-7a95-42b6-a624-c01748faf02a","7ed55ddc-07e9-4aa4-b74c-836c9bcb83a1"
"1n96","4fb7d0e6-e422-457a-8626-b49219744bc1","45488be1-5f3f-4bb4-8495-058d1fa4fa6d"
"1n96","9bbf89ab-5b78-41b8-94d2-7af3d87846e5","db3fae19-9901-45e5-9a5b-92a15b6209f7"
"1n96","ce828b5b-9442-4068-a8bd-8675f12d7271","c4e48f56-90de-47cb-8095-b2a5f9c7b77b"
"1n9q","64262555-f415-44ae-9ca8-2e922a49ddf1","e7a1c61b-b1bf-4b9d-912d-d3580359fa21"
"1n9q","a76a2553-37bf-4311-b161-7643e22bb4e2","51110b46-a7b6-425a-a1bb-e0f2475adf44"
"1n9q","9427821f-c216-4017-89f6-059eb68eb0c5","8b5b1ae7-62e0-440b-860e-c7a93ccfa50c"
"1n9t","64262555-f415-44ae-9ca8-2e922a49ddf1","e7a1c61b-b1bf-4b9d-912d-d3580359fa21"
"1n9t","abb9b23c-a889-4592-9fa1-d9e3687999a1","2595e9bd-ec15-47e4-b148-afc8d141be61"
"1naf","b6a0d142-7a4e-4889-8c20-f505c58f0366","68e2e560-7d15-44e0-b790-187b616b3ca3"
"1naf","e22b3fb4-834f-484f-a4a0-9aefce23498d","7c35bcd5-46e5-4581-a552-2e44ef809175"
"1naf","c320cfb7-12ad-4734-aa81-5d36138c16b3","07b7b366-47d9-485d-9a74-488d3aeb87ef"
"1nal","24fdeaf3-ae48-4c15-ae46-b3b326df4f64","072cfd93-3e0d-4102-ad1f-b3b932f4ff32"
"1nal","0baced74-1b79-47b9-a67f-f314ed7582e5","50a73ec6-705f-44c7-a1b4-f7c3e4f3a795"
"1nal","03e89a36-115c-4ada-afe8-e253c94471fb","98a2aea9-d577-481a-8011-c629ce93b884"
"1nal","133fdb49-ae49-4033-bc45-ba669bc14d97","cb51c488-28af-49af-a3d0-cf8d73371bc7"
"1nal","1c09f1fc-326d-4201-9e4d-9d8fd27fa60a","d069dc34-b6a8-4a69-a166-a11605c9b155"
"1nal","31f3d543-85b0-414b-a986-1cafbe965ad4","7e137f96-524a-463f-8db2-47e03cd99b9c"
"1nal","3582ef4e-86a2-4af5-af9a-3ded34cae72a","53c9298d-2bc3-4d51-9a2a-98c6e990ea40"
"1nal","63fc8857-d8f7-4e98-b5f4-98fe978d2360","95c1834d-4d86-4847-983b-e7e25665cdf9"
"1nal","6ad131b7-04bb-4520-85a1-f513239e7925","75966b28-4a0b-4df4-bd01-6129d8eb49cb"
"1nal","6e6b831e-b700-4f06-ba30-6d7333792186","f1303d97-1d63-4295-be41-ff2dd966c40f"
"1nal","8e1729d0-6ed4-4a5e-9e9d-1cdcf8842b32","a4574b3e-4038-47e2-8250-2d12ed2eed25"
"1nal","7ae722d7-ca95-467b-847c-484a2799b88c","1aaf411b-9900-4fe6-9856-d3d8bf49e5e4"
"1nal","743f1c87-f14f-4edc-bbe0-d0f15d116a81","8e5ad247-98fe-406b-ba59-3896f8eb7065"
"1nal","9bf4ba9d-e309-411c-9141-c9cdcf5ba839","a52c5fa7-b35a-4b01-a5bf-4c678d14a252"
"1nal","9936beb3-a487-486e-867c-eff11ac2eab3","eacfeb10-3075-42ba-b8fb-188b366fed61"
"1nal","88a80ccc-e27e-4933-8743-9210ef583cdf","7d4226df-cb53-4140-8795-3dea0f473047"
"1nal","c8d2786e-f6c0-4d52-b730-0e61132ebcec","e085820d-991f-4e28-bdab-2ad2a7fbf483"
"1nal","b9c7fb1d-7f4b-4ef1-b689-18a0983d9610","1eb47054-7bee-48d3-81d4-36b142d3af06"
"1nal","c9dfe060-0be1-46f5-85ee-69d047793cd3","72378703-e077-46c8-839a-72f81e176327"
"1nal","d242f0db-8c56-4793-9e4b-3699d97979ab","06bdd2e3-0697-4998-8f17-02886f1bb703"
"1nal","f098d80c-8a33-4fb9-ae6d-954bdeb33865","4f59a476-0529-4dca-abfd-471bdb449aa8"
"1nal","ef998330-fd52-41b3-9281-2f4052eea462","a2ad104d-8af1-4426-9d75-e4dc8c39e087"
"1nal","f7b67c40-6fec-48d4-ae40-ecb1e09a376c","aa3412d0-86ad-41a7-bec5-3ff58ea60490"
"1nal","c3362078-73de-4c17-aa4c-a7798be424cd","ee8417c0-9de2-46cf-84e9-a0cf6d4bff91"
"1nal","f7cdde0c-372d-4f79-bbd0-881e2aa86409","3c208b7c-9a34-4b04-8b89-a3661196c60c"
"1nal","e6018804-a831-48e2-94fc-1718911c8d69","4ec06507-d301-4746-91eb-22880369d9cd"
"1nb9","ce828b5b-9442-4068-a8bd-8675f12d7271","c4e48f56-90de-47cb-8095-b2a5f9c7b77b"
"1nb9","635c8e19-ba4f-4f79-bcec-fde180a9550c","6be4f456-e028-4f69-9fe0-92d0d48c8871"
"1nbd","c81cbeb9-83cd-4e30-998f-bcd7f85d864c","cf01cc86-3af1-4b58-9754-584879a05c09"
"1nbx","a863b97e-149b-4b71-8cf1-5a438bb1fabd","de30b34b-4cd2-4325-8cc4-af592abbefb8"
"1nc5","96b0f2ba-8c4a-4b8a-9c8b-b32ebbd40dba","ca6dec31-df11-48e9-aaf5-b38a8c789c0f"
"1nc5","93158f6c-401c-4ce1-9603-311a5ef73045","85730dbc-8dbb-4000-811d-15583561c726"
"1nc5","be647fe5-d3f2-4349-86ab-a4c8d38c9eeb","d4351ff9-c92a-40cc-86f5-52a538cc65dd"
"1ndd","b6a0d142-7a4e-4889-8c20-f505c58f0366","68e2e560-7d15-44e0-b790-187b616b3ca3"
"1ndr","4bd88420-e040-49b9-a09d-751e29768f7e","0c6f3e87-f19d-41e4-ad13-4993669ed99b"
"1ndr","ae6c2e9b-c992-43c0-bbf6-3a899c011f87","4f843f17-5b4d-478d-96df-e4e08591e9ff"
"1ndr","76814498-1b86-47e8-b966-e9e729e32ea5","9692e331-90ac-4d34-80ab-bcb694037fc1"
"1ndr","c81cbeb9-83cd-4e30-998f-bcd7f85d864c","cf01cc86-3af1-4b58-9754-584879a05c09"
"1ndx","05d3117b-8e0d-436c-b19d-1caec5081893","4ec1dbe5-cbed-4549-a1a7-af458b20ba08"
"1ndx","3dc5a3aa-d1ac-42f2-8127-2900cb19828b","adac6d79-8322-47ae-94ac-7e05566ae047"
"1ndx","ef504d46-f62e-4a7a-9ae1-a9672978c9b4","ce95320f-0acb-41f6-bd82-90afb2ad62a0"
"1ndy","05d3117b-8e0d-436c-b19d-1caec5081893","4ec1dbe5-cbed-4549-a1a7-af458b20ba08"
"1ndx","fc38f4c6-af97-490c-b336-0d0b0a2220fb","fdf68d1f-62d5-4163-a6c5-fc92af6feafd"
"1ndy","3dc5a3aa-d1ac-42f2-8127-2900cb19828b","adac6d79-8322-47ae-94ac-7e05566ae047"
"1ndy","ef504d46-f62e-4a7a-9ae1-a9672978c9b4","ce95320f-0acb-41f6-bd82-90afb2ad62a0"
"1ndz","976d4e01-8d6f-48d6-a4ec-b4452dbbbb39","e4fe2262-50ef-4c63-b4f1-bf5f788b3db3"
"1ndy","fc38f4c6-af97-490c-b336-0d0b0a2220fb","fdf68d1f-62d5-4163-a6c5-fc92af6feafd"
"1ndz","ef504d46-f62e-4a7a-9ae1-a9672978c9b4","ce95320f-0acb-41f6-bd82-90afb2ad62a0"
"1ne0","976d4e01-8d6f-48d6-a4ec-b4452dbbbb39","e4fe2262-50ef-4c63-b4f1-bf5f788b3db3"
"1ne0","ef504d46-f62e-4a7a-9ae1-a9672978c9b4","ce95320f-0acb-41f6-bd82-90afb2ad62a0"
"1nf0","fe86a4cc-0d6b-47ad-91e7-226155bb95b9","fa29d41f-a1e8-4c39-a46a-34cef77eb81b"
"1nf0","ce828b5b-9442-4068-a8bd-8675f12d7271","c4e48f56-90de-47cb-8095-b2a5f9c7b77b"
"1ngf","3dabdd27-e14f-4053-b729-d64fe5883d2e","e50268ed-8e3e-40f0-b389-fa86bacd7739"
"1nf0","4fb7d0e6-e422-457a-8626-b49219744bc1","45488be1-5f3f-4bb4-8495-058d1fa4fa6d"
"1nf0","9bbf89ab-5b78-41b8-94d2-7af3d87846e5","db3fae19-9901-45e5-9a5b-92a15b6209f7"
"1ngf","752e4e1a-8131-4d3f-9cd6-1c6755acb265","88f3e188-18c1-4426-b627-7e896eead900"
"1ngi","c81cbeb9-83cd-4e30-998f-bcd7f85d864c","cf01cc86-3af1-4b58-9754-584879a05c09"
"1ngl","5951f676-f875-4a7d-bffb-d702110a1ca9","dab24d8f-e6c1-4a2b-83fb-2cd8ddc5b59e"
"1ngl","706af15e-027f-40d2-a35e-3820837d5388","ead2b4ff-3ea2-4392-bf7a-af2e0a3b5f63"
"1ngl","c8257a23-9f90-48b4-ac82-f8d648fdc73a","cc967ae2-262e-480f-ab8e-e3d1b32b5713"
"1ngm","706af15e-027f-40d2-a35e-3820837d5388","ead2b4ff-3ea2-4392-bf7a-af2e0a3b5f63"
"1ngm","d28f33b8-9823-4f38-96e2-6bbdf3cc9239","122d0d77-838e-4e01-93ef-91cd7dc32fa6"
"1ngl","d28f33b8-9823-4f38-96e2-6bbdf3cc9239","122d0d77-838e-4e01-93ef-91cd7dc32fa6"
"1ngm","5951f676-f875-4a7d-bffb-d702110a1ca9","dab24d8f-e6c1-4a2b-83fb-2cd8ddc5b59e"
"1ngm","c8257a23-9f90-48b4-ac82-f8d648fdc73a","cc967ae2-262e-480f-ab8e-e3d1b32b5713"
"1nhs","4c504c91-c593-4957-853a-f5165c42258a","138ede22-30ae-4cb5-b44c-8729ca32f84b"
"1nhs","734be632-b5eb-4ae5-880b-c60390591e67","8fe4db28-8f23-470a-9568-5790f2524a9a"
"1nhs","eb2615b7-6838-4c9b-939e-e6ebc42dd866","a7df4447-86b5-4525-820d-fc413b64bd65"
"1niq","c81cbeb9-83cd-4e30-998f-bcd7f85d864c","cf01cc86-3af1-4b58-9754-584879a05c09"
"1nir","c81cbeb9-83cd-4e30-998f-bcd7f85d864c","cf01cc86-3af1-4b58-9754-584879a05c09"
"1nkg","022ba098-a5d0-4eab-b857-2b800ed0e9c1","5185db81-3ad2-4c0d-a937-e00d2725a79c"
"1nkg","1e4bf4df-deb5-45cc-af92-5bb12d117c63","70ae108a-7186-4715-91f3-a6313d774366"
"1nkg","36e75ef4-d3ea-4ca3-8ee0-92f8048e8107","cd2e0841-cba8-4350-92ad-ece004c0460a"
"1nkg","8ec46bd8-88aa-4590-b0e2-869d3006b3d9","1cbefafc-5fdc-4228-bda1-b802f13039b4"
"1nkg","909f8fa2-f3c0-4724-ad79-8c716576a386","42e56035-cf34-4091-8721-d521b10fcae2"
"1nkg","9725029d-6dc8-406b-9c9c-191c1130f71e","f2d05952-8478-4efb-bf49-ea493baa00e9"
"1nkg","a2d31b74-e457-4105-8715-006ed0cc61b1","3d816698-dd80-4759-893e-b8ba25186f29"
"1nkg","c6891b57-7a95-42b6-a624-c01748faf02a","7ed55ddc-07e9-4aa4-b74c-836c9bcb83a1"
"1nkg","d18378c6-7436-42a7-9a24-42039273fdca","bb44631a-ad22-4320-8f4c-38ca4f5bad65"
"1nkg","e455ac58-6838-472b-8df6-bb1af27782d4","8d574433-d9ce-41b3-83e0-03a8e392db77"
"1nkg","f2d676c8-2fa8-4c10-90d3-dcb7fab6105f","211bfc01-ea41-4a52-888d-89680e41b490"
"1nki","022ba098-a5d0-4eab-b857-2b800ed0e9c1","5185db81-3ad2-4c0d-a937-e00d2725a79c"
"1nkg","fb4cdb8a-029f-4002-b573-04566db51d89","8591b165-6343-40c3-822b-9813f0178d54"
"1nki","1e4bf4df-deb5-45cc-af92-5bb12d117c63","70ae108a-7186-4715-91f3-a6313d774366"
"1nki","36e75ef4-d3ea-4ca3-8ee0-92f8048e8107","cd2e0841-cba8-4350-92ad-ece004c0460a"
"1nki","8ec46bd8-88aa-4590-b0e2-869d3006b3d9","1cbefafc-5fdc-4228-bda1-b802f13039b4"
"1nki","909f8fa2-f3c0-4724-ad79-8c716576a386","42e56035-cf34-4091-8721-d521b10fcae2"
"1nki","9725029d-6dc8-406b-9c9c-191c1130f71e","f2d05952-8478-4efb-bf49-ea493baa00e9"
"1nki","c6891b57-7a95-42b6-a624-c01748faf02a","7ed55ddc-07e9-4aa4-b74c-836c9bcb83a1"
"1nki","a2d31b74-e457-4105-8715-006ed0cc61b1","3d816698-dd80-4759-893e-b8ba25186f29"
"1nki","d18378c6-7436-42a7-9a24-42039273fdca","bb44631a-ad22-4320-8f4c-38ca4f5bad65"
"1nki","e455ac58-6838-472b-8df6-bb1af27782d4","8d574433-d9ce-41b3-83e0-03a8e392db77"
"1nki","f2d676c8-2fa8-4c10-90d3-dcb7fab6105f","211bfc01-ea41-4a52-888d-89680e41b490"
"1nki","fb4cdb8a-029f-4002-b573-04566db51d89","8591b165-6343-40c3-822b-9813f0178d54"
"1nkq","44defeae-78a5-4b63-abef-6bc10a61cb7a","264c0ab0-b49b-49b3-b4bc-ad48e2c5dc47"
"1nkq","0201a4cd-f5a8-42f4-946a-41594da46333","d72c58c1-8560-483a-945e-a5868cdcdf68"
"1nkq","2ad6cde1-69c7-43f1-adf3-84f6d7f0b30e","2ad983b5-12d2-4bfa-862d-bb14d5dda12b"
"1nkq","afb6aafc-ee0e-4568-9e7d-5b3775c540c5","1772022a-2c50-44fe-ac1f-cfcf11c13b58"
"1nkq","b36fe5ff-fa57-4ffa-a6ed-f512dea3dad2","ec39c3e5-3c58-49f9-97b9-8c049f22ad2c"
"1nkq","ffa0de74-68d1-4e62-b5ba-c85f730331ca","3cb52099-10db-4e6a-92a9-156c222e0800"
"1nkq","dc87cead-54d8-4332-8bcf-b666c147a837","fdf0b399-e6a9-4509-bdf8-f006fb680258"
"1nkv","71c9a514-3aeb-42d8-8b64-99cfeda7d7ea","63e845c3-1816-4750-855e-e5bf31b052aa"
"1nkw","71c9a514-3aeb-42d8-8b64-99cfeda7d7ea","63e845c3-1816-4750-855e-e5bf31b052aa"
"1nlb","18299160-af70-47c0-892c-6989685f747a","4f935520-4a11-4d67-a447-0433c2f1ea91"
"1nkz","f35d7d73-ec78-4065-b6d8-662f1e0fcb7b","1461e39d-9ab2-436d-9730-2685414604ae"
"1nkw","75c4718f-721e-457c-96fc-927709a26fc8","d0e7a5b8-fa76-446d-8584-f8686f249947"
"1nlb","29192d93-d73e-46d6-b464-7d1c43e37ec7","7f5331e4-198b-46b8-8258-7417f9e2071a"
"1nlb","289e3173-1e51-4ebf-90ae-f58b8d34c37e","d20fbea5-b78d-4378-a944-9c3dcbc7821f"
"1nlb","0fe1b78b-b0e0-4061-9ad8-bc43f1ed49c4","2e855856-0f65-49d3-a12d-9eb64f689418"
"1nlb","27112a6c-5908-458d-8704-4bf84c8d1e0c","a12432b7-5bd9-4004-9b6f-59d83241d1a2"
"1nlb","3dc5a3aa-d1ac-42f2-8127-2900cb19828b","adac6d79-8322-47ae-94ac-7e05566ae047"
"1nlb","6de4759b-272d-466e-9cb9-839b575ac900","d40224ee-900e-4db5-96e7-e1dd73d66ea4"
"1nlb","e7ed7a41-0b64-47fa-85e6-5dcea6845dcd","ceab7c87-f31a-4555-88db-cccc53d6a122"
"1nlb","e280fc30-737a-47c9-9f7a-be93df49bef5","d1f409d8-54e4-4dba-b4d1-c3a58e84cf24"
"1nlb","ff4f33ce-3ecc-4fdb-a5c7-8d361ea830f5","4ce70311-b100-459c-b789-db215b753a13"
"1nm2","c81cbeb9-83cd-4e30-998f-bcd7f85d864c","cf01cc86-3af1-4b58-9754-584879a05c09"
"1nm7","734be632-b5eb-4ae5-880b-c60390591e67","8fe4db28-8f23-470a-9568-5790f2524a9a"
"1nm7","861883d2-7d0a-4170-8be3-5b52d3287828","cc94d6f3-3119-4bd7-8d21-b2013cf36fa4"
"1nm7","eb2615b7-6838-4c9b-939e-e6ebc42dd866","a7df4447-86b5-4525-820d-fc413b64bd65"
"1nmr","02f06172-3c08-45b4-86c7-08fb10c0b620","19580491-f28f-4236-b2b5-e28094fe7d30"
"1nmr","169a4d93-338c-45f2-9381-cd33f503fee1","47a52a1d-b8f5-4ab7-b4f3-4b1c5accea0c"
"1nmr","25a0b6d5-6448-45af-baa8-d82bfc891e1f","28ec1367-2fcc-4960-b396-eb3838c886bd"
"1nmr","411b9fb9-9b0c-41b7-9662-ec1a12ffe948","22b8e1a3-f090-43a8-904d-82b6c299a048"
"1nmr","51b8fd46-2483-4359-a126-1e6389464a07","e1a714e9-8d7a-4c22-8b69-b854a79bd4b8"
"1nmr","43d27e0c-5966-426a-99db-a4638029f63b","6081ba4b-cae2-4e8c-9b55-070a4b262d53"
"1nmr","55c224f4-89d1-4487-8986-1176df6f36fb","45c13938-ce94-44f6-abcc-576e039e15e3"
"1nmr","8b0c4345-5995-4fc8-9e9a-13f50ed5f9f3","a2adb02c-ff77-4b51-9001-13ee02adafb4"
"1nmr","9bbf89ab-5b78-41b8-94d2-7af3d87846e5","7a1f96cf-6338-455b-897e-f69c8400be41"
"1nmr","9fb88b32-def4-4b99-ada6-e352f14a3a37","c4b730fe-77b1-49c4-802c-4a9d384d92df"
"1nmr","a1a61a2f-1b79-4d48-837f-7cc0c116933e","0cd9b3c4-e1ee-402c-b982-c48c2a7cdf3f"
"1nmr","c334cbb0-0028-4083-b994-283803b6b9c8","84e80bad-1e99-470d-9ad9-e1d02b2c0c43"
"1nmr","b6a0d142-7a4e-4889-8c20-f505c58f0366","68e2e560-7d15-44e0-b790-187b616b3ca3"
"1nmr","dc4eab50-0fee-42e3-851a-0af8706cfd22","b589f26e-5c3a-4f25-aa72-7227d8958bf9"
"1nmr","aea27e04-42c9-4311-8f88-36d21b54f450","6aea49b0-dd16-47b9-ad89-6b73676c8730"
"1nnr","ce51b4ec-20fa-4d81-81e5-3fa35585b3cc","ceaf4c09-8fac-4f93-b4eb-43663f62bf53"
"1nnr","4fb7d0e6-e422-457a-8626-b49219744bc1","45488be1-5f3f-4bb4-8495-058d1fa4fa6d"
"1nnr","ce828b5b-9442-4068-a8bd-8675f12d7271","c4e48f56-90de-47cb-8095-b2a5f9c7b77b"
"1no4","ae6c2e9b-c992-43c0-bbf6-3a899c011f87","7058cc9f-2bbf-4b9a-969d-4855cd73ccbe"
"1no4","c81cbeb9-83cd-4e30-998f-bcd7f85d864c","cf01cc86-3af1-4b58-9754-584879a05c09"
"1noc","b6a0d142-7a4e-4889-8c20-f505c58f0366","68e2e560-7d15-44e0-b790-187b616b3ca3"
"1np7","4fb7d0e6-e422-457a-8626-b49219744bc1","45488be1-5f3f-4bb4-8495-058d1fa4fa6d"
"1np7","9bbf89ab-5b78-41b8-94d2-7af3d87846e5","db3fae19-9901-45e5-9a5b-92a15b6209f7"
"1np7","ce828b5b-9442-4068-a8bd-8675f12d7271","c4e48f56-90de-47cb-8095-b2a5f9c7b77b"
"1npb","5be0bfb2-a2f7-43a9-922a-e8c554df3f72","5ecf1dad-3b1b-4c00-a4a0-322c856302ab"
"1ns3","ae6c2e9b-c992-43c0-bbf6-3a899c011f87","4372457b-596c-4eb1-93c0-120be767e8d8"
"1ns8","970a84ec-99f5-46fe-81ae-31c2df008655","63636e22-2212-4e95-9132-96c40f7c79af"
"1ns8","a76a2553-37bf-4311-b161-7643e22bb4e2","51110b46-a7b6-425a-a1bb-e0f2475adf44"
"1ns9","c320cfb7-12ad-4734-aa81-5d36138c16b3","07b7b366-47d9-485d-9a74-488d3aeb87ef"
"1nsm","a303f801-b224-45df-ab44-6cfaa9d9f15b","add8d8f2-af7a-4905-87cf-304f228a5466"
"1nsm","acd65a8c-1345-45ca-bae0-b8ffdef3fca7","0546b90b-97c5-4883-a7ea-a35573dbf430"
"1nt9","9bbf89ab-5b78-41b8-94d2-7af3d87846e5","db3fae19-9901-45e5-9a5b-92a15b6209f7"
"1nt9","4fb7d0e6-e422-457a-8626-b49219744bc1","45488be1-5f3f-4bb4-8495-058d1fa4fa6d"
"1nu5","3b00bd21-c864-4261-aa52-dfc150df950e","58d926b0-d221-4e85-a378-a8074c4a4a7a"
"1nu5","4c164e0f-b3c7-4258-b034-a3be2015f1a2","a5c242c5-77ef-43bd-b939-a483336b83b7"
"1nu5","5a4a52e2-4068-4e39-9cd4-e5daf690d691","eb24fdbf-ac28-472d-bd2e-a44f1a88aa9c"
"1nuy","71c9a514-3aeb-42d8-8b64-99cfeda7d7ea","63e845c3-1816-4750-855e-e5bf31b052aa"
"1nu5","f653fb13-2d3d-45b1-8973-dc92c1484f45","f60ea8a7-d96f-4ad2-b335-4403a6b5d830"
"1nvb","9b2bf5ad-4e1b-4d71-be4c-70d3e400b031","bacbffa4-189f-4455-b6a1-aca4ba38f000"
"1nvm","9bbf89ab-5b78-41b8-94d2-7af3d87846e5","db3fae19-9901-45e5-9a5b-92a15b6209f7"
"1nvm","4fb7d0e6-e422-457a-8626-b49219744bc1","45488be1-5f3f-4bb4-8495-058d1fa4fa6d"
"1nvn","4fb7d0e6-e422-457a-8626-b49219744bc1","45488be1-5f3f-4bb4-8495-058d1fa4fa6d"
"1nvn","ce828b5b-9442-4068-a8bd-8675f12d7271","c4e48f56-90de-47cb-8095-b2a5f9c7b77b"
"1nvn","9bbf89ab-5b78-41b8-94d2-7af3d87846e5","db3fae19-9901-45e5-9a5b-92a15b6209f7"
"1nvq","d9bf72d4-ba75-4259-a62a-b5d6412adac0","1cba4efe-182f-4084-baff-f7d31f332f7d"
"1nvs","29c06f4c-b0a2-4f13-bc28-618424402b47","1de6bc10-45a5-4392-89eb-71f2b45cdf91"
"1nvs","3c3519b3-1d37-474e-8a93-860ff164a8b1","458738e8-801e-42e9-a937-90777f6144b1"
"1nvs","2ffa1916-2f98-4fd6-b8f4-93ab23da73bd","67ab1323-047b-4f85-a936-196b7ab01ddb"
"1nvs","46549262-d515-4467-93dc-54a1189c0185","a63b48f7-c558-4007-a5cf-9ebb00d9ea35"
"1nvs","64262555-f415-44ae-9ca8-2e922a49ddf1","e7a1c61b-b1bf-4b9d-912d-d3580359fa21"
"1nvs","a8e75bb0-5be5-47e0-9f5e-3acd9279f108","98ff9d48-798a-47f4-ac89-7cd60d8f2233"
"1nvs","dc575c76-ab13-4fc7-8cd5-3d6894cca40d","2a3cfe5c-128b-4439-b9e7-d154d90304bc"
"1nvs","5e0ea639-8c04-444d-891d-abd166498435","9e817013-29c6-43d4-b4e9-d4b4f4655832"
"1nvs","866b74ee-ed92-4f02-b89e-89def5a23892","dd5a4428-1119-4e80-abd4-7f209fc796ed"
"1nw0","4fb7d0e6-e422-457a-8626-b49219744bc1","45488be1-5f3f-4bb4-8495-058d1fa4fa6d"
"1nwg","1080c0b0-628e-4ec2-a958-d47a415bcdfd","4b153bde-8826-47e7-9f12-9f7f9f0a9dc7"
"1nw0","ce828b5b-9442-4068-a8bd-8675f12d7271","c4e48f56-90de-47cb-8095-b2a5f9c7b77b"
"1nwg","64262555-f415-44ae-9ca8-2e922a49ddf1","e7a1c61b-b1bf-4b9d-912d-d3580359fa21"
"1nwg","9427821f-c216-4017-89f6-059eb68eb0c5","8b5b1ae7-62e0-440b-860e-c7a93ccfa50c"
"1nwg","c320cfb7-12ad-4734-aa81-5d36138c16b3","07b7b366-47d9-485d-9a74-488d3aeb87ef"
"1nwg","e5b3f2d6-ed76-4756-bcd0-d2d483d48acb","49fd6d7f-868d-479f-ac43-d6a84bc58363"
"1nwg","e8732dcd-df4a-409f-8a33-9fe8039b363c","ae76938d-6f6c-42c0-91d7-d941f8753a87"
"1nwp","3dc5a3aa-d1ac-42f2-8127-2900cb19828b","adac6d79-8322-47ae-94ac-7e05566ae047"
"1nwp","b6a0d142-7a4e-4889-8c20-f505c58f0366","8975a6d8-6187-4a21-a26f-647d2864c10a"
"1nwv","8883d7ed-eeae-405f-b30d-a0328eb9709f","37bea34e-1c40-4dc7-be55-55d637e40fb7"
"1nwv","a76a2553-37bf-4311-b161-7643e22bb4e2","51110b46-a7b6-425a-a1bb-e0f2475adf44"
"1nxh","734be632-b5eb-4ae5-880b-c60390591e67","8fe4db28-8f23-470a-9568-5790f2524a9a"
"1nxh","90b1fcee-46a0-4f04-a7c2-a6daa4c5d796","1511f394-27ba-485d-8e84-f964fd95de11"
"1nxq","293c2a78-242b-44a0-ba42-ac9e75929f4f","503914ac-dde2-432e-8fef-6226b9e5041e"
"1nxh","eb2615b7-6838-4c9b-939e-e6ebc42dd866","a7df4447-86b5-4525-820d-fc413b64bd65"
"1nxq","82241e83-2386-4f2d-a0a1-17bcd26c6879","b019633e-0428-4778-bf70-596e2ee24598"
"1nxq","a76a2553-37bf-4311-b161-7643e22bb4e2","51110b46-a7b6-425a-a1bb-e0f2475adf44"
"1nxq","c320cfb7-12ad-4734-aa81-5d36138c16b3","07b7b366-47d9-485d-9a74-488d3aeb87ef"
"1nxq","e0f158e2-7fb9-4941-a032-f1ee1ee8f722","3364d02f-c1cb-44c9-9b6f-c5c083cc99a8"
"1nyx","4fb7d0e6-e422-457a-8626-b49219744bc1","45488be1-5f3f-4bb4-8495-058d1fa4fa6d"
"1nyx","d505caf2-4669-4b32-8e0c-58d22d06a08c","aa9b2f6e-3383-4d64-b3e1-0a18914036d6"
"1nyx","a3318bdd-2852-4cc2-9b1a-c9112da4b138","f8e8efbc-a120-4e25-a417-d5d0afdaa43b"
"1nyx","ce828b5b-9442-4068-a8bd-8675f12d7271","c4e48f56-90de-47cb-8095-b2a5f9c7b77b"
"1nzf","1e6b3307-1828-4a60-aad1-9d888dbfc609","9b9e4c1e-1290-4ec6-a8c1-54c61c1b21fa"
"1o0c","44def6e3-d831-4615-86f2-ba36819467c6","9de5814c-7f34-4617-934c-c32cec9b618f"
"1o0c","f828d353-09a6-4d82-ba65-9251f85ee8e0","005fcd01-d16f-4a2d-aa9d-24e9e4e0ea52"
"1o0c","ef7b2506-f5a9-46e4-a3c0-d4c0b60b89b7","405b5700-158b-494b-8b93-4e96b2e99150"
"1o0c","a6fc76d1-7329-4106-a40a-fb2f94b6f210","2e08a022-26fd-46af-8895-74ffa7118f51"
"1nzf","b69b2d2e-9196-498b-a5b8-cb920930311a","9d4e01de-f388-480e-83df-aa525e58981c"
"1o0c","d1927fdc-0462-4b72-babd-44e7d1b175bc","2346b56b-3737-4a80-b05d-2e5124a12f0c"
"1o0g","64262555-f415-44ae-9ca8-2e922a49ddf1","e7a1c61b-b1bf-4b9d-912d-d3580359fa21"
"1o0g","52495bd3-f7bf-4aa1-8943-b058f803aa66","cdffa85c-6003-4095-ac37-f694eafde4f0"
"1o0h","24c7ef00-6f8b-499b-9153-3bceb1ed7faa","3fedf0e4-8dae-48ad-a141-88e85fd9de8f"
"1o0h","52495bd3-f7bf-4aa1-8943-b058f803aa66","cdffa85c-6003-4095-ac37-f694eafde4f0"
"1o0h","6ef8ed97-31fa-4d58-b3d9-8248a7fdecb0","b3b3ebae-72c5-4435-a517-0ae3183afbd7"
"1o0h","80d85524-4ff3-4452-bcc7-f9265462867d","c4a810f5-92f7-41c8-814b-49e9c95253ae"
"1o0h","64262555-f415-44ae-9ca8-2e922a49ddf1","e7a1c61b-b1bf-4b9d-912d-d3580359fa21"
"1o0h","8cf35acc-a827-4577-ac04-7ada17a67030","9a5116c8-8107-4bad-a773-417425e1a4b7"
"1o0h","ea26c963-4ce6-422b-b888-3648bac95880","3f04f2b9-2ed1-498a-8cba-a26d9cdd9408"
"1o0k","cc313e60-7e4a-467c-b64d-73f3647dea66","52f1630b-a77c-4dd7-be6a-21a951033ba9"
"1o0k","c81cbeb9-83cd-4e30-998f-bcd7f85d864c","cf01cc86-3af1-4b58-9754-584879a05c09"
"1o17","879e028c-05cc-4b55-bf77-8c87706209cd","1b96625f-f018-4aeb-9729-1740d0187571"
"1o1h","76845551-11fa-4f3e-a5da-8b70793c940f","89d39c41-0c39-4403-8821-31bdb86bafa8"
"1o1h","61d4444c-041e-4e19-91a7-9bc64cab7b6e","63ce165d-48e5-47a3-bda7-31e6b2ba1e68"
"1o1h","cab7b2e9-e27d-4d0f-a97a-ff6cc1c7fa38","66cbcfb5-b831-4655-9ffb-ed1fdd2e3325"
"1o1i","4fb7d0e6-e422-457a-8626-b49219744bc1","45488be1-5f3f-4bb4-8495-058d1fa4fa6d"
"1o1u","9bbf89ab-5b78-41b8-94d2-7af3d87846e5","db3fae19-9901-45e5-9a5b-92a15b6209f7"
"1o1u","4fb7d0e6-e422-457a-8626-b49219744bc1","45488be1-5f3f-4bb4-8495-058d1fa4fa6d"
"1o1i","ce828b5b-9442-4068-a8bd-8675f12d7271","c4e48f56-90de-47cb-8095-b2a5f9c7b77b"
"1o1i","9bbf89ab-5b78-41b8-94d2-7af3d87846e5","db3fae19-9901-45e5-9a5b-92a15b6209f7"
"1o1y","c212e6f1-66a1-4082-acb7-a3d90f6f3314","a954793b-4dd4-4ab6-88df-a0f9d00493eb"
"1o1y","4b725e33-c4bf-4aee-9322-8a7955562dd0","2181b527-c7c9-4120-8a08-7c537bae4705"
"1o1y","64262555-f415-44ae-9ca8-2e922a49ddf1","e7a1c61b-b1bf-4b9d-912d-d3580359fa21"
"1o22","21beaada-02a4-484c-91e9-939069d886a4","1f49a4fa-ad52-408d-98f4-e11eb8423ba6"
"1o22","3dabdd27-e14f-4053-b729-d64fe5883d2e","e50268ed-8e3e-40f0-b389-fa86bacd7739"
"1o22","4bd88420-e040-49b9-a09d-751e29768f7e","bf6c845e-c146-4852-851a-e2bf3f6c5332"
"1o22","752e4e1a-8131-4d3f-9cd6-1c6755acb265","88f3e188-18c1-4426-b627-7e896eead900"
"1o22","76814498-1b86-47e8-b966-e9e729e32ea5","9692e331-90ac-4d34-80ab-bcb694037fc1"
"1o22","ae6c2e9b-c992-43c0-bbf6-3a899c011f87","12636f3c-c56c-4081-b2b4-af40b9b43587"
"1o2q","1939ffd7-40fd-4e7b-b497-749ce2b2d875","b82c0f81-f73f-4b6c-9a91-87588102a314"
"1o2q","734be632-b5eb-4ae5-880b-c60390591e67","8fe4db28-8f23-470a-9568-5790f2524a9a"
"1o2q","861883d2-7d0a-4170-8be3-5b52d3287828","cc94d6f3-3119-4bd7-8d21-b2013cf36fa4"
"1o2z","c81cbeb9-83cd-4e30-998f-bcd7f85d864c","cf01cc86-3af1-4b58-9754-584879a05c09"
"1o38","fd01b728-7e59-492c-94c5-e81d28d8b536","82ec7d1b-3797-4c15-8810-d35923cc69b4"
"1o4y","12c2fe2e-5e69-462a-bc60-fe6009e193a1","3ad3d8e2-2e09-4131-aaee-20f140dff9ea"
"1o4y","4de8ad93-148c-4749-a7ab-d02c5c7a94c6","3c2875f8-1a44-4c8c-a70b-62d9e68bd24c"
"1o38","f1f71e68-2f30-4771-b850-b4f09676e0ef","b730a4ed-d837-43c5-8464-f28810e9ab76"
"1o4y","88ab3d7a-093c-4660-b2a2-3d5aa3bfcec9","e67ebfc5-3112-4462-aa5f-cbf95e85497c"
"1o4y","da835c3f-152a-4ccd-94fa-c50180d6621d","dff33740-7254-4407-b447-88a996510a56"
"1o5j","9d4780eb-2632-455b-848c-9e9ac21ae141","134c0b94-f189-46c1-9ffe-e3491f57aae9"
"1o5i","9d4780eb-2632-455b-848c-9e9ac21ae141","134c0b94-f189-46c1-9ffe-e3491f57aae9"
"1o53","734be632-b5eb-4ae5-880b-c60390591e67","8fe4db28-8f23-470a-9568-5790f2524a9a"
"1o53","9bbf89ab-5b78-41b8-94d2-7af3d87846e5","db3fae19-9901-45e5-9a5b-92a15b6209f7"
"1o53","eb2615b7-6838-4c9b-939e-e6ebc42dd866","a7df4447-86b5-4525-820d-fc413b64bd65"
"1o5s","29275dad-66bb-4625-a290-92367b350316","7b8d415e-e09b-412f-9918-34e48a8fa65b"
"1o5s","734be632-b5eb-4ae5-880b-c60390591e67","8fe4db28-8f23-470a-9568-5790f2524a9a"
"1o5s","eb2615b7-6838-4c9b-939e-e6ebc42dd866","a7df4447-86b5-4525-820d-fc413b64bd65"
"1o5s","aad44a08-7519-4dfa-8e18-dd9daa62ee40","b2482b49-bd97-4ec4-8d4e-9ebfafe69920"
"1o5u","734be632-b5eb-4ae5-880b-c60390591e67","8fe4db28-8f23-470a-9568-5790f2524a9a"
"1o5u","7b3f70d4-9461-475b-bf69-4bbddbbc35c9","1cf2790b-73d2-46e5-86fd-0a61a871bcd4"
"1o5u","aad44a08-7519-4dfa-8e18-dd9daa62ee40","b2482b49-bd97-4ec4-8d4e-9ebfafe69920"
"1o5s","ecd52e96-98be-4c20-bdee-42a319cf7c82","af18c837-2b14-417e-befe-8959cd214a9d"
"1o5u","29275dad-66bb-4625-a290-92367b350316","7b8d415e-e09b-412f-9918-34e48a8fa65b"
"1o5u","ecd52e96-98be-4c20-bdee-42a319cf7c82","af18c837-2b14-417e-befe-8959cd214a9d"
"1o5u","eb2615b7-6838-4c9b-939e-e6ebc42dd866","a7df4447-86b5-4525-820d-fc413b64bd65"
"1o66","9d4780eb-2632-455b-848c-9e9ac21ae141","134c0b94-f189-46c1-9ffe-e3491f57aae9"
"1o5x","775a5b99-2a16-4797-ba3f-96d73f4c79d5","74655195-92f8-4f4f-89a2-8f0fdeb3a339"
"1o7","c320cfb7-12ad-4734-aa81-5d36138c16b3","00e21faf-e00f-468e-adbf-09b3d46dbf7e"
"1o70","9bbf89ab-5b78-41b8-94d2-7af3d87846e5","db3fae19-9901-45e5-9a5b-92a15b6209f7"
"1o70","4fb7d0e6-e422-457a-8626-b49219744bc1","2952e13c-68ce-464c-b09e-dd638dd2b31f"
"1o7n","4f9f752c-b51a-4cc3-9c04-9773af2b10ad","eef4d342-b32d-493c-8aae-9ffaca34dee2"
"1o7n","730a4f5c-b5e6-4fe8-a9c3-75d1d57831a1","ab13f659-d53c-4209-a8f2-3e3cfa4810ca"
"1o7n","e4bdb47c-1a93-4fc5-a9f2-20c929ab959b","89398080-3b1e-449d-b289-04e950e22970"
"1o7o","4f9f752c-b51a-4cc3-9c04-9773af2b10ad","eef4d342-b32d-493c-8aae-9ffaca34dee2"
"1o7o","730a4f5c-b5e6-4fe8-a9c3-75d1d57831a1","ab13f659-d53c-4209-a8f2-3e3cfa4810ca"
"1o7o","e4bdb47c-1a93-4fc5-a9f2-20c929ab959b","89398080-3b1e-449d-b289-04e950e22970"
"1o7s","c81cbeb9-83cd-4e30-998f-bcd7f85d864c","cf01cc86-3af1-4b58-9754-584879a05c09"
"1o8r","a76a2553-37bf-4311-b161-7643e22bb4e2","b74d6e6a-2359-4e91-a2eb-155c8a5e0d96"
"1o8q","3dc5a3aa-d1ac-42f2-8127-2900cb19828b","adac6d79-8322-47ae-94ac-7e05566ae047"
"1o91","b6a0d142-7a4e-4889-8c20-f505c58f0366","8975a6d8-6187-4a21-a26f-647d2864c10a"
"1o94","c6891b57-7a95-42b6-a624-c01748faf02a","7ed55ddc-07e9-4aa4-b74c-836c9bcb83a1"
"1o9l","64262555-f415-44ae-9ca8-2e922a49ddf1","e7a1c61b-b1bf-4b9d-912d-d3580359fa21"
"1o9v","c81cbeb9-83cd-4e30-998f-bcd7f85d864c","cf01cc86-3af1-4b58-9754-584879a05c09"
"1oa8","5999826b-355f-455b-93ea-3df13df379fc","34223ba8-0b2f-4a95-bcf4-95cedd7122e7"
"1oa8","726240e5-030f-4fd2-8730-ef34c49ce338","47be6348-5868-451b-b073-133448035cb3"
"1oa8","a2763c6d-9c31-4e92-b6e5-0ab6c23e5896","87dc7a1b-ff81-4fab-84da-753e91f3731b"
"1oa8","c9ce7ee4-40a8-4c70-9214-4bf22b891cba","e968cd8e-ac63-4760-a03c-9f7e555c8500"
"1oa8","e4e21bff-336b-4747-b261-7b3c6ac14ab9","64e76c87-af04-41ef-bc6f-7f2f09a7f645"
"1oa8","f71fc1db-dd97-486c-ae39-70c07db5ab37","6de8b98e-df1d-4885-b5df-4373640632e4"
"1oa9","4fb7d0e6-e422-457a-8626-b49219744bc1","45488be1-5f3f-4bb4-8495-058d1fa4fa6d"
"1oa9","9bbf89ab-5b78-41b8-94d2-7af3d87846e5","db3fae19-9901-45e5-9a5b-92a15b6209f7"
"1oaa","9bbf89ab-5b78-41b8-94d2-7af3d87846e5","db3fae19-9901-45e5-9a5b-92a15b6209f7"
"1oac","61d4444c-041e-4e19-91a7-9bc64cab7b6e","63ce165d-48e5-47a3-bda7-31e6b2ba1e68"
"1oaa","4fb7d0e6-e422-457a-8626-b49219744bc1","45488be1-5f3f-4bb4-8495-058d1fa4fa6d"
"1ob1","c81cbeb9-83cd-4e30-998f-bcd7f85d864c","cf01cc86-3af1-4b58-9754-584879a05c09"
"1ob0","fa09ddf4-8714-4ab8-93fd-17ca54bc873a","e1d3e67e-0a1e-469f-88e5-f68513d1209c"
"1ob5","71c9a514-3aeb-42d8-8b64-99cfeda7d7ea","63e845c3-1816-4750-855e-e5bf31b052aa"
"1ob5","c320cfb7-12ad-4734-aa81-5d36138c16b3","07b7b366-47d9-485d-9a74-488d3aeb87ef"
"1ocq","a76a2553-37bf-4311-b161-7643e22bb4e2","b74d6e6a-2359-4e91-a2eb-155c8a5e0d96"
"1ocz","43d27e0c-5966-426a-99db-a4638029f63b","6081ba4b-cae2-4e8c-9b55-070a4b262d53"
"1ocz","9bbf89ab-5b78-41b8-94d2-7af3d87846e5","7a1f96cf-6338-455b-897e-f69c8400be41"
"1ocz","8b0c4345-5995-4fc8-9e9a-13f50ed5f9f3","a2adb02c-ff77-4b51-9001-13ee02adafb4"
"1odf","a76a2553-37bf-4311-b161-7643e22bb4e2","51110b46-a7b6-425a-a1bb-e0f2475adf44"
"1odq","b6a0d142-7a4e-4889-8c20-f505c58f0366","68e2e560-7d15-44e0-b790-187b616b3ca3"
"1oe9","b5b09d06-2b40-4d4d-a342-fc19d42d2f4b","9b118acb-0248-4090-9871-0c936720886b"
"1oe9","b9824a3c-2a98-4e18-9aef-2ccf597ff75f","b7c67a72-f7ff-4f81-b35e-63ca7a7fd80e"
"1oes","772bea8a-62b6-4423-ad3c-a1fc8b2a422d","c3df7cfc-9bbd-4e1b-b527-50f1d84883e7"
"1oes","792695f6-1353-4ffd-8376-a77e9fbf729e","1a39d1c4-f1aa-4666-b39e-587898e00a71"
"1oes","87f1bf1d-edd9-4a7b-8c59-c302413748b0","9d9517e0-94e2-4ae0-9bf1-ed7e15f7aaaa"
"1oes","c320cfb7-12ad-4734-aa81-5d36138c16b3","07b7b366-47d9-485d-9a74-488d3aeb87ef"
"1oes","ecb4c1b3-6f4c-4ef8-90b3-27a05672bf41","5cb7724d-b1e6-4f6f-91bc-0b1798ef3d70"
"1oev","ce828b5b-9442-4068-a8bd-8675f12d7271","c4e48f56-90de-47cb-8095-b2a5f9c7b77b"
"1oev","9bbf89ab-5b78-41b8-94d2-7af3d87846e5","db3fae19-9901-45e5-9a5b-92a15b6209f7"
"1oev","4fb7d0e6-e422-457a-8626-b49219744bc1","45488be1-5f3f-4bb4-8495-058d1fa4fa6d"
"1oex","734be632-b5eb-4ae5-880b-c60390591e67","8fe4db28-8f23-470a-9568-5790f2524a9a"
"1oex","4c164e0f-b3c7-4258-b034-a3be2015f1a2","a5c242c5-77ef-43bd-b939-a483336b83b7"
"1oex","7d6a56ee-e251-44bb-ad62-cd42b2fec05c","03171761-ac2f-49d8-bd36-2872ba1ecfcd"
"1oex","a76a2553-37bf-4311-b161-7643e22bb4e2","b74d6e6a-2359-4e91-a2eb-155c8a5e0d96"
"1oex","c7a6c2c9-0b82-48bc-8839-60293de8fcb9","0cd088d2-b21b-406a-958b-20b8ecd17ea3"
"1oex","ad7077c3-30e1-4d5c-9da8-8f5c0ebb9fb5","9c550b8b-e704-407e-8071-f27f0779d8eb"
"1oex","c320cfb7-12ad-4734-aa81-5d36138c16b3","07b7b366-47d9-485d-9a74-488d3aeb87ef"
"1of4","62100d5e-6b95-47c3-a73e-6546f76f892a","dd515812-1553-4bf9-b97d-0bfa1c015e31"
"1og1","734be632-b5eb-4ae5-880b-c60390591e67","8fe4db28-8f23-470a-9568-5790f2524a9a"
"1og1","c6891b57-7a95-42b6-a624-c01748faf02a","7ed55ddc-07e9-4aa4-b74c-836c9bcb83a1"
"1og1","eb2615b7-6838-4c9b-939e-e6ebc42dd866","a7df4447-86b5-4525-820d-fc413b64bd65"
"1og2","734be632-b5eb-4ae5-880b-c60390591e67","8fe4db28-8f23-470a-9568-5790f2524a9a"
"1og2","c6891b57-7a95-42b6-a624-c01748faf02a","7ed55ddc-07e9-4aa4-b74c-836c9bcb83a1"
"1og2","eb2615b7-6838-4c9b-939e-e6ebc42dd866","a7df4447-86b5-4525-820d-fc413b64bd65"
"1og8","9bbf89ab-5b78-41b8-94d2-7af3d87846e5","db3fae19-9901-45e5-9a5b-92a15b6209f7"
"1og8","4fb7d0e6-e422-457a-8626-b49219744bc1","45488be1-5f3f-4bb4-8495-058d1fa4fa6d"
"1og8","ce828b5b-9442-4068-a8bd-8675f12d7271","c4e48f56-90de-47cb-8095-b2a5f9c7b77b"
"1oh4","fa09ddf4-8714-4ab8-93fd-17ca54bc873a","e1d3e67e-0a1e-469f-88e5-f68513d1209c"
"1oh9","c212e6f1-66a1-4082-acb7-a3d90f6f3314","a954793b-4dd4-4ab6-88df-a0f9d00493eb"
"1oh9","c6891b57-7a95-42b6-a624-c01748faf02a","7ed55ddc-07e9-4aa4-b74c-836c9bcb83a1"
"1oho","734be632-b5eb-4ae5-880b-c60390591e67","8fe4db28-8f23-470a-9568-5790f2524a9a"
"1ohr","4fb7d0e6-e422-457a-8626-b49219744bc1","45488be1-5f3f-4bb4-8495-058d1fa4fa6d"
"1ohr","ce828b5b-9442-4068-a8bd-8675f12d7271","c4e48f56-90de-47cb-8095-b2a5f9c7b77b"
"1oiw","9bbf89ab-5b78-41b8-94d2-7af3d87846e5","db3fae19-9901-45e5-9a5b-92a15b6209f7"
"1oiw","4fb7d0e6-e422-457a-8626-b49219744bc1","45488be1-5f3f-4bb4-8495-058d1fa4fa6d"
"1oiw","ce828b5b-9442-4068-a8bd-8675f12d7271","c4e48f56-90de-47cb-8095-b2a5f9c7b77b"
"1ojo","00030917-576b-4600-a3ae-8b1e1c4ece8b","7153eb34-75aa-4037-a87c-a720fea47c95"
"1ojo","f049a155-a503-4797-9492-f225939b1b35","96ebd40c-9659-448f-a211-256c897efe12"
"1okr","ce828b5b-9442-4068-a8bd-8675f12d7271","c4e48f56-90de-47cb-8095-b2a5f9c7b77b"
"1okr","9bbf89ab-5b78-41b8-94d2-7af3d87846e5","db3fae19-9901-45e5-9a5b-92a15b6209f7"
"1okr","4fb7d0e6-e422-457a-8626-b49219744bc1","45488be1-5f3f-4bb4-8495-058d1fa4fa6d"
"1on2","c81cbeb9-83cd-4e30-998f-bcd7f85d864c","cf01cc86-3af1-4b58-9754-584879a05c09"
"1oni","4fb7d0e6-e422-457a-8626-b49219744bc1","45488be1-5f3f-4bb4-8495-058d1fa4fa6d"
"1oni","ce828b5b-9442-4068-a8bd-8675f12d7271","c4e48f56-90de-47cb-8095-b2a5f9c7b77b"
"1ons","c6891b57-7a95-42b6-a624-c01748faf02a","7ed55ddc-07e9-4aa4-b74c-836c9bcb83a1"
"1ons","734be632-b5eb-4ae5-880b-c60390591e67","8fe4db28-8f23-470a-9568-5790f2524a9a"
"1onv","4c164e0f-b3c7-4258-b034-a3be2015f1a2","a5c242c5-77ef-43bd-b939-a483336b83b7"
"1onv","4c536b75-4519-429c-8479-bd190dd2c48d","ac0b1534-a74a-4284-8931-061c2cda3d02"
"1ons","eb2615b7-6838-4c9b-939e-e6ebc42dd866","a7df4447-86b5-4525-820d-fc413b64bd65"
"1onv","c059bd26-9733-4154-9ff1-d04c530c589e","a080a077-775f-4956-95bf-45fa24f06277"
"1ooe","c81cbeb9-83cd-4e30-998f-bcd7f85d864c","cf01cc86-3af1-4b58-9754-584879a05c09"
"1ooj","b23908de-18f1-4b8c-95e2-981666b46768","13357d2b-573a-4e93-9771-6aaed355a514"
"1op5","9bbf89ab-5b78-41b8-94d2-7af3d87846e5","db3fae19-9901-45e5-9a5b-92a15b6209f7"
"1op2","aff712aa-f1fb-4092-8ea2-e527a9e633a2","d8671b96-d0e3-4251-ab6b-c448086e1c3c"
"1oqy","861883d2-7d0a-4170-8be3-5b52d3287828","cc94d6f3-3119-4bd7-8d21-b2013cf36fa4"
"1opv","c81cbeb9-83cd-4e30-998f-bcd7f85d864c","cf01cc86-3af1-4b58-9754-584879a05c09"
"1oq9","c81cbeb9-83cd-4e30-998f-bcd7f85d864c","cf01cc86-3af1-4b58-9754-584879a05c09"
"1or2","c81cbeb9-83cd-4e30-998f-bcd7f85d864c","cf01cc86-3af1-4b58-9754-584879a05c09"
"1oqz","861883d2-7d0a-4170-8be3-5b52d3287828","cc94d6f3-3119-4bd7-8d21-b2013cf36fa4"
"1or5","c81cbeb9-83cd-4e30-998f-bcd7f85d864c","cf01cc86-3af1-4b58-9754-584879a05c09"
"1ora","c81cbeb9-83cd-4e30-998f-bcd7f85d864c","cf01cc86-3af1-4b58-9754-584879a05c09"
"1or9","c81cbeb9-83cd-4e30-998f-bcd7f85d864c","cf01cc86-3af1-4b58-9754-584879a05c09"
"1orb","c81cbeb9-83cd-4e30-998f-bcd7f85d864c","cf01cc86-3af1-4b58-9754-584879a05c09"
"1org","c58e9122-3bf2-41ad-826a-cadc9a4ce8de","8436110d-537c-435f-90ef-23b821762b16"
"1orz","c81cbeb9-83cd-4e30-998f-bcd7f85d864c","cf01cc86-3af1-4b58-9754-584879a05c09"
"1os2","0394259e-05c0-4b32-9412-c0f55f03d5b3","ba08e07e-6ad2-47bc-af11-a2006898dd4e"
"1ot0","75637061-1ffd-434b-bc54-0d3f6c31dc00","ef5dce1d-2132-4b5a-a56c-1f8859da6519"
"1ot0","64262555-f415-44ae-9ca8-2e922a49ddf1","e7a1c61b-b1bf-4b9d-912d-d3580359fa21"
"1ot0","b8d228aa-144c-4bce-aa57-b9c789f1acef","57f907fe-d2ba-4181-b251-7ae1f140755c"
"1oua","5999826b-355f-455b-93ea-3df13df379fc","34223ba8-0b2f-4a95-bcf4-95cedd7122e7"
"1oua","a2763c6d-9c31-4e92-b6e5-0ab6c23e5896","87dc7a1b-ff81-4fab-84da-753e91f3731b"
"1oua","c9ce7ee4-40a8-4c70-9214-4bf22b891cba","e968cd8e-ac63-4760-a03c-9f7e555c8500"
"1oua","e4e21bff-336b-4747-b261-7b3c6ac14ab9","64e76c87-af04-41ef-bc6f-7f2f09a7f645"
"1oua","f71fc1db-dd97-486c-ae39-70c07db5ab37","6de8b98e-df1d-4885-b5df-4373640632e4"
"1ov2","c81cbeb9-83cd-4e30-998f-bcd7f85d864c","cf01cc86-3af1-4b58-9754-584879a05c09"
"1ovb","2647a477-116a-4a36-992c-1db417259f8a","4dc7f30c-b3be-4827-bc54-48d06c8ec823"
"1ovx","fb5b2fb0-5f42-4141-b406-0111250e82f5","0d2e01c4-8d2e-4bcd-b914-c888f0726080"
"1ow6","eca26147-4408-4958-bcf8-e7de147412e8","b55bbd0e-56a1-4ff8-9506-57ea2402a220"
"1owf","23e05f7c-5eb4-43eb-808c-3553c4ee9ead","1535b6bc-9e23-46eb-b59e-2ed74fed7943"
"1owf","2ffa1916-2f98-4fd6-b8f4-93ab23da73bd","67ab1323-047b-4f85-a936-196b7ab01ddb"
"1owf","3c3519b3-1d37-474e-8a93-860ff164a8b1","458738e8-801e-42e9-a937-90777f6144b1"
"1owf","5e0ea639-8c04-444d-891d-abd166498435","9e817013-29c6-43d4-b4e9-d4b4f4655832"
"1owf","46549262-d515-4467-93dc-54a1189c0185","a63b48f7-c558-4007-a5cf-9ebb00d9ea35"
"1owf","24a944d6-a18a-46ac-bb1c-93b351471173","59fb61f0-0d16-424d-a949-01150987421a"
"1owf","a8e75bb0-5be5-47e0-9f5e-3acd9279f108","98ff9d48-798a-47f4-ac89-7cd60d8f2233"
"1owf","64262555-f415-44ae-9ca8-2e922a49ddf1","e7a1c61b-b1bf-4b9d-912d-d3580359fa21"
"1owf","866b74ee-ed92-4f02-b89e-89def5a23892","dd5a4428-1119-4e80-abd4-7f209fc796ed"
"1owf","de29e862-69da-4303-9242-6dcd1ee3094b","5fb2de32-418d-4845-8cb6-b7530b285ac6"
"1owf","dc575c76-ab13-4fc7-8cd5-3d6894cca40d","2a3cfe5c-128b-4439-b9e7-d154d90304bc"
"1oxf","c81cbeb9-83cd-4e30-998f-bcd7f85d864c","cf01cc86-3af1-4b58-9754-584879a05c09"
"1p00","c320cfb7-12ad-4734-aa81-5d36138c16b3","07b7b366-47d9-485d-9a74-488d3aeb87ef"
"1p0n","a76a2553-37bf-4311-b161-7643e22bb4e2","b74d6e6a-2359-4e91-a2eb-155c8a5e0d96"
"1p0x","3e2c262f-ca0a-4ceb-86c1-168d3daaa06d","2e2fabb1-79c7-4941-80e8-592d91cd2d37"
"1p0x","9eba7147-1b07-4f4d-96c1-67231295f852","3c230510-2c6d-4514-ad43-7203f93f217d"
"1p13","734be632-b5eb-4ae5-880b-c60390591e67","8fe4db28-8f23-470a-9568-5790f2524a9a"
"1p13","430ad5e2-a8a3-411a-b184-0ac9a8c4c6af","b53f1809-5634-49d2-859e-bd612eca7720"
"1p13","eb2615b7-6838-4c9b-939e-e6ebc42dd866","a7df4447-86b5-4525-820d-fc413b64bd65"
"1p1u","7297545c-4a56-4801-bdd1-b6a2da00d924","48914aea-94e8-4f86-b7d7-3a29872822e8"
"1p2m","4f9f752c-b51a-4cc3-9c04-9773af2b10ad","eef4d342-b32d-493c-8aae-9ffaca34dee2"
"1p2x","4c8e4920-85e6-43cd-897d-2be573aa5a5c","b24c886d-66a7-467d-93f6-a4d61ccd3ab8"
"1p44","ad7077c3-30e1-4d5c-9da8-8f5c0ebb9fb5","9c550b8b-e704-407e-8071-f27f0779d8eb"
"1p4a","25e81feb-45f0-4244-bad3-a268c4776286","90cdddb4-868f-4b6e-9a98-ae9e7775311f"
"1p4r","1d1f31b4-641b-4114-885b-0b39ae3baa00","7b65ff1f-211d-4476-9c48-a212883ada9b"
"1p4r","0fe8314c-f82d-4809-aa8b-38df0b145f8a","3f544fe7-0e66-4fb3-b297-b36cdc25af8f"
"1p4r","32d14f78-6ed7-4014-b720-b3c99f7aeff4","4aaaabf8-2464-4110-9eb2-d6c2bcc0eb20"
"1p4r","1b060b7d-a06a-46db-803b-7205cf9648b4","239d26f7-a7ca-4088-b601-ad1d97dbeefc"
"1p4r","5be0bfb2-a2f7-43a9-922a-e8c554df3f72","5ecf1dad-3b1b-4c00-a4a0-322c856302ab"
"1p4r","67d41222-96ca-4788-acb1-fcd1ce8f82b8","d8c1bcc2-54b1-40d4-826f-24b0b304ff1b"
"1p4r","64dbc6e5-2da8-4b2c-9b6e-0c63ce075586","b22d640f-2ff5-4016-a052-706d9082d706"
"1p4r","5622624f-5213-4fa0-a0ee-3d23dd5cbbb6","9f840676-50d0-4378-b0d5-7538863b17d8"
"1p4r","6a447154-297e-43d1-b5d7-d9e4d628abb7","b47136f9-f8dc-4ef1-a6bd-4e68c9c5a53d"
"1p4r","769d9ed1-837c-4d71-b255-9bd17438e5a8","b819da54-3108-4865-b91d-c9b49fd7253c"
"1p4r","81e40668-fc40-4ebe-9848-cfc347665410","f74980c3-7a0d-417b-8b07-5383b438a266"
"1p4r","8ed9dcb7-bbb7-4931-9c8c-be6157ed451b","4c6e665c-9420-45a2-9fb5-6c65a57a5f41"
"1p4r","a12a564f-62f3-498b-8b32-6c9810f06f63","eb063f52-a660-44bc-80f4-02782f1c0ad2"
"1p4r","a66dc0f3-45ce-4e14-be2c-b9ad9038831d","150b1387-694b-4778-9284-cda985dfa7dd"
"1p4r","82658767-1e1b-4425-b3bd-045e0c895014","3f212d87-e810-49bb-8bee-52ab99de10a6"
"1p4r","a73041bd-7c1d-4ef9-836f-3e8d55e1c0b9","63e9f431-e69f-482f-9ef7-ef3914110883"
"1p4r","a838cc65-55ba-45d2-a0af-3da706df5095","375d0aaa-2dbf-4651-8838-00ce5c9c7ed3"
"1p4r","ad7077c3-30e1-4d5c-9da8-8f5c0ebb9fb5","9c550b8b-e704-407e-8071-f27f0779d8eb"
"1p4r","c320cfb7-12ad-4734-aa81-5d36138c16b3","07b7b366-47d9-485d-9a74-488d3aeb87ef"
"1p4r","b57fab0b-271f-491f-907a-611c4b38d796","cdbc83c6-0c34-48a1-82eb-93db739c0e5f"
"1p4r","c50fe90e-26f9-4688-8df9-9608a24d8e20","30b6fc0c-7a3e-4ea7-aca7-282feb967812"
"1p4r","c622bb89-68f0-4a1d-87f7-61e7fdcca0b1","4151a1ae-a68d-4fc3-8777-778aac86820f"
"1p4r","c42f6018-3213-4c70-8282-1f9aea307c83","51fe9c86-1209-435b-b299-0c7f53826b32"
"1p4r","dd0c8b49-b9a9-4779-870e-7a9437bac792","07827780-189e-4851-a069-d84018aec8e0"
"1p4r","cc5738c4-663a-494e-8418-ae7cec9da170","f83d8880-71ef-4b6c-b96d-6634e9f224c6"
"1p4r","e8ee3673-e94e-4fc0-a737-713d6f9daf2d","b5cfef3a-7808-49e6-a920-cd71db18faaa"
"1p4r","ebf7a958-58c5-402b-93a1-ea519eba4ad4","7a640539-c050-4d79-8a14-92066e470c39"
"1p4r","f1172357-29fa-4e9c-867b-0f618d457638","b84ee259-44f9-478c-a54e-cd772d300d38"
"1p4r","f1f95871-c3e5-4bf4-ba2a-d780e3b40f28","87906ccb-b1fd-4d1f-8192-79e8fab6cf02"
"1p4r","f02a51ec-4b1e-430d-81f4-38898f0ed93c","541620f1-495c-4284-8196-8bf658d3c05b"
"1p5s","de99b7b8-dc1e-492d-81c0-f3aa63ff2e9d","0f2b96a8-85df-43ea-b89f-edfe6a18e2f3"
"1p5s","e179c36a-6317-4b4b-8cd0-7890cef26fc9","fe7cd584-fa45-4048-8a74-1d7b2d5e9581"
"1p5v","ad7077c3-30e1-4d5c-9da8-8f5c0ebb9fb5","9c550b8b-e704-407e-8071-f27f0779d8eb"
"1p62","16608d91-2226-4fd9-a408-fd66732299a6","9645c43c-0b3c-4465-9a90-a50e576cfe6a"
"1p6m","00030917-576b-4600-a3ae-8b1e1c4ece8b","7153eb34-75aa-4037-a87c-a720fea47c95"
"1p70","c6891b57-7a95-42b6-a624-c01748faf02a","7ed55ddc-07e9-4aa4-b74c-836c9bcb83a1"
"1p71","48e2e8eb-d3a8-4ec9-ab9e-edf47c5ff74a","1eddda15-45c0-4e2a-ac03-8d0584b7d89b"
"1p71","a2d1051d-913f-4ab6-8094-a260ab8c9604","c3dd6572-e17d-4051-bc78-eb1253387884"
"1p7a","243b7911-9be8-43ec-b757-5c6872b8424f","4bb921bc-142d-4dd0-a0ed-c18e5f249fb0"
"1p7a","0f9b5bd0-bd7b-4983-8595-a9bbaebd7016","b7f4b48c-96f7-48e5-a115-405711e18e4f"
"1p7a","5f893cf0-6a89-4d5c-980b-5e8e65abd4e1","4fcf3700-d6f7-428e-9907-75179784320e"
"1p7a","2fdfa0cc-27ee-4181-8c57-ff9bb5c40ed8","62beb378-1845-4c32-911e-02e9f17fd1b5"
"1p7a","4d131c57-b0dd-4dbf-bbb4-ee0c3bf86570","467c437c-f3aa-49fc-b304-5b52eee47fa1"
"1p7a","b08249de-db92-4ff9-adc5-424a69225762","d4511a24-022f-44ef-b853-63e0636504fd"
"1p7a","656a9c8f-6644-46d1-bb98-e73954b83b9c","eba52364-2138-42fb-b2d2-51cbee38167f"
"1p7a","c8f5d463-bd57-4b2e-b0e6-8e0493377367","a7c75900-d0e1-4407-86a1-bc5905435531"
"1p7a","93477008-607b-471d-8e2f-cf5dea7f4127","b1b771ab-cb14-468d-911c-c08096ba7fcd"
"1p7a","f5deac13-f375-4681-b7db-30ad5d683830","4c685f24-9515-4baf-a34b-39b08acda620"
"1p7a","5e4d88a5-4268-4895-937e-be18210811a5","f917ab97-82ba-4616-b380-0d0ce98977fc"
"1p7a","d376b7af-6fbb-4e1b-83e8-5a98548b0446","923fa0d7-bb1c-42e0-b822-e07577d0974f"
"1p8w","c81cbeb9-83cd-4e30-998f-bcd7f85d864c","cf01cc86-3af1-4b58-9754-584879a05c09"
"1pba","7a9effb2-8855-45bd-9ef5-47c9eaa21fc1","b14cd7c5-10e2-43d5-b1db-68848df942bc"
"1pba","4c4dd80a-f9c0-40bc-bfef-7fc73a2d05ef","5702d4eb-3522-4b1d-b042-3c13cf897e86"
"1pco","dc047943-820b-41b1-86fb-098b0c2f7918","f5818927-574e-4c4d-b2e4-35fb512de74b"
"1pde","169a4d93-338c-45f2-9381-cd33f503fee1","47a52a1d-b8f5-4ab7-b4f3-4b1c5accea0c"
"1pde","9bbf89ab-5b78-41b8-94d2-7af3d87846e5","7a1f96cf-6338-455b-897e-f69c8400be41"
"1pde","55c224f4-89d1-4487-8986-1176df6f36fb","45c13938-ce94-44f6-abcc-576e039e15e3"
"1pdo","a76a2553-37bf-4311-b161-7643e22bb4e2","b74d6e6a-2359-4e91-a2eb-155c8a5e0d96"
"1pdt","8d05cebc-e8bd-4b75-b571-f32bad2d7d6e","8884e354-3932-4e80-8b4b-61d215410dd0"
"1pf3","1d1f31b4-641b-4114-885b-0b39ae3baa00","7b65ff1f-211d-4476-9c48-a212883ada9b"
"1pf3","32d14f78-6ed7-4014-b720-b3c99f7aeff4","4aaaabf8-2464-4110-9eb2-d6c2bcc0eb20"
"1pf3","42673e2a-5b08-4061-ba9c-334b4ae3bf0e","5f8e9ee9-4286-447c-884d-9ae4e570df60"
"1pf3","5622624f-5213-4fa0-a0ee-3d23dd5cbbb6","9f840676-50d0-4378-b0d5-7538863b17d8"
"1pf3","5be0bfb2-a2f7-43a9-922a-e8c554df3f72","5ecf1dad-3b1b-4c00-a4a0-322c856302ab"
"1pf3","64dbc6e5-2da8-4b2c-9b6e-0c63ce075586","b22d640f-2ff5-4016-a052-706d9082d706"
"1pf3","ad7077c3-30e1-4d5c-9da8-8f5c0ebb9fb5","9c550b8b-e704-407e-8071-f27f0779d8eb"
"1pf3","a838cc65-55ba-45d2-a0af-3da706df5095","375d0aaa-2dbf-4651-8838-00ce5c9c7ed3"
"1pf3","cc5738c4-663a-494e-8418-ae7cec9da170","f83d8880-71ef-4b6c-b96d-6634e9f224c6"
"1pf3","c320cfb7-12ad-4734-aa81-5d36138c16b3","07b7b366-47d9-485d-9a74-488d3aeb87ef"
"1pf3","dd0c8b49-b9a9-4779-870e-7a9437bac792","07827780-189e-4851-a069-d84018aec8e0"
"1pf3","ebf7a958-58c5-402b-93a1-ea519eba4ad4","7a640539-c050-4d79-8a14-92066e470c39"
"1pf3","f02a51ec-4b1e-430d-81f4-38898f0ed93c","541620f1-495c-4284-8196-8bf658d3c05b"
"1pf3","f1172357-29fa-4e9c-867b-0f618d457638","b84ee259-44f9-478c-a54e-cd772d300d38"
"1pf6","19fb04e2-220e-4fca-bb75-f36c7f202f89","06f7a310-dff2-434b-98c3-bad31bdcdb4c"
"1pf6","7a920f4a-242e-4f0d-8494-ccb046365b4e","c181ee00-2638-4578-91ce-cd9178968dde"
"1pf6","92867372-a0a4-4cde-b46f-a8e0679ac552","0edeb76e-556c-4e2e-b8a6-79d7a117cfb5"
"1pf6","c7a6c2c9-0b82-48bc-8839-60293de8fcb9","0cd088d2-b21b-406a-958b-20b8ecd17ea3"
"1pfa","08599705-9e0e-44f4-bdb0-6197dc9d35e7","ad5d6942-b674-4c00-90ab-0660aad379d7"
"1pfa","3a8c0a6f-0d5c-4b47-9a4c-f5f9f389c837","fc1770a6-2e01-41df-9090-31782fb18ee9"
"1pfa","554f40d1-a71d-4885-bde8-ce8dfa94338f","ed50a441-bdb9-48d8-9294-dbb7c08d2715"
"1pfa","a342c649-4552-489e-82d1-7d265d75254c","30811a3d-620a-463f-a52b-4122d343db6a"
"1pfa","aab7ed33-ffcc-4f67-8246-8db9160a57ba","9cc2d6d1-e18d-49b5-b07e-a31d6ab63110"
"1pfa","bea19328-84c5-45a1-9b60-566292630fd3","8f9fba01-47ef-4d28-a899-11affbf5fb00"
"1pfa","e9a51889-8d16-49d6-8473-84a4dfceecf1","a555c668-4c43-456b-9b2e-a8553fa21a57"
"1pfa","b4829a52-c43e-4a26-b449-de7711c28863","5aaf9e35-07e1-4692-aec4-cc1eb84166fe"
"1pfh","fa09ddf4-8714-4ab8-93fd-17ca54bc873a","e1d3e67e-0a1e-469f-88e5-f68513d1209c"
"1pft","2ffa1916-2f98-4fd6-b8f4-93ab23da73bd","67ab1323-047b-4f85-a936-196b7ab01ddb"
"1pft","5e0ea639-8c04-444d-891d-abd166498435","9e817013-29c6-43d4-b4e9-d4b4f4655832"
"1pft","3c3519b3-1d37-474e-8a93-860ff164a8b1","458738e8-801e-42e9-a937-90777f6144b1"
"1pft","46549262-d515-4467-93dc-54a1189c0185","a63b48f7-c558-4007-a5cf-9ebb00d9ea35"
"1pft","7f4cfab8-bb1f-4131-9a9e-f9e0abfca5cb","b2645feb-d7fd-48f1-bd34-60cdb4cffea4"
"1pft","866b74ee-ed92-4f02-b89e-89def5a23892","dd5a4428-1119-4e80-abd4-7f209fc796ed"
"1pft","a8e75bb0-5be5-47e0-9f5e-3acd9279f108","98ff9d48-798a-47f4-ac89-7cd60d8f2233"
"1pft","b4ec6115-2f3a-4c1b-abc2-6d1f3d9e9087","4cb49215-42b5-4164-a871-67e0657509cc"
"1pft","dc575c76-ab13-4fc7-8cd5-3d6894cca40d","2a3cfe5c-128b-4439-b9e7-d154d90304bc"
"1pft","fb8511f8-dfdb-4c29-bf91-4cbbf918db5b","fd04023c-6cbc-49c3-af2f-7b1b7a7a6590"
"1pgl","eef68a83-acf2-463c-8403-93f9a7f751db","b07e89e6-2e41-4276-8be9-4b9d87fcf115"
"1pgs","7d6a56ee-e251-44bb-ad62-cd42b2fec05c","b0157201-7106-446d-bf7d-5efef766934f"
"1pgt","7d6a56ee-e251-44bb-ad62-cd42b2fec05c","b0157201-7106-446d-bf7d-5efef766934f"
"1phn","64262555-f415-44ae-9ca8-2e922a49ddf1","e7a1c61b-b1bf-4b9d-912d-d3580359fa21"
"1pht","64262555-f415-44ae-9ca8-2e922a49ddf1","e7a1c61b-b1bf-4b9d-912d-d3580359fa21"
"1pim","61d4444c-041e-4e19-91a7-9bc64cab7b6e","63ce165d-48e5-47a3-bda7-31e6b2ba1e68"
"1pk2","4fb7d0e6-e422-457a-8626-b49219744bc1","45488be1-5f3f-4bb4-8495-058d1fa4fa6d"
"1pk3","9bbf89ab-5b78-41b8-94d2-7af3d87846e5","db3fae19-9901-45e5-9a5b-92a15b6209f7"
"1pk2","9bbf89ab-5b78-41b8-94d2-7af3d87846e5","db3fae19-9901-45e5-9a5b-92a15b6209f7"
"1pk3","4fb7d0e6-e422-457a-8626-b49219744bc1","45488be1-5f3f-4bb4-8495-058d1fa4fa6d"
"1pkk","d505caf2-4669-4b32-8e0c-58d22d06a08c","aa9b2f6e-3383-4d64-b3e1-0a18914036d6"
"1pkv","64262555-f415-44ae-9ca8-2e922a49ddf1","e7a1c61b-b1bf-4b9d-912d-d3580359fa21"
"1pkv","7f81be2b-b614-4314-93e3-46f52c94f96e","20327437-057b-4ea4-afce-5793e878222c"
"1pkv","75637061-1ffd-434b-bc54-0d3f6c31dc00","ef5dce1d-2132-4b5a-a56c-1f8859da6519"
"1pkv","9e67c6fd-58ca-4eca-acc9-3e6a0b0aa726","06d0abf3-e32c-400c-a8bc-d493ccf32f14"
"1pkv","8f5d3df4-5203-497d-88ac-f1c0fa886b7d","9017dd28-d4c3-4331-9e09-500541328821"
"1pkv","b8d228aa-144c-4bce-aa57-b9c789f1acef","57f907fe-d2ba-4181-b251-7ae1f140755c"
"1plq","00030917-576b-4600-a3ae-8b1e1c4ece8b","7153eb34-75aa-4037-a87c-a720fea47c95"
"1pmz","a76a2553-37bf-4311-b161-7643e22bb4e2","b74d6e6a-2359-4e91-a2eb-155c8a5e0d96"
"1pnw","13d703cc-e38e-471d-99b5-26fe3f475301","aafc6609-b9cb-4b4f-a760-5e8683e5356a"
"1po0","63973465-df76-4fa3-b9e6-dbfea12f96ec","e9f36752-8999-4809-8937-eb5cf1304816"
"1po0","9b42c23a-17a2-47e9-83d4-a1891a0fe486","8e22fc9b-72aa-4b97-a300-7376ca6c2faa"
"1poa","04ac9598-088b-421e-a224-8b7401e24d68","7aa09ecd-f200-4f62-b238-55782cb9cdbe"
"1poa","54ac9217-65c6-4650-baa1-2b906c266d56","561b7fee-1144-450e-becb-69c2101e5009"
"1poa","cab7b2e9-e27d-4d0f-a97a-ff6cc1c7fa38","66cbcfb5-b831-4655-9ffb-ed1fdd2e3325"
"1poa","76845551-11fa-4f3e-a5da-8b70793c940f","89d39c41-0c39-4403-8821-31bdb86bafa8"
"1pp5","00030917-576b-4600-a3ae-8b1e1c4ece8b","7153eb34-75aa-4037-a87c-a720fea47c95"
"1poj","861883d2-7d0a-4170-8be3-5b52d3287828","cc94d6f3-3119-4bd7-8d21-b2013cf36fa4"
"1ppa","7d6a56ee-e251-44bb-ad62-cd42b2fec05c","b0157201-7106-446d-bf7d-5efef766934f"
"1pps","015868d6-b538-4aae-997e-78a2553be36b","9b9085bb-9bf5-41f6-b528-467cca5e9840"
"1pps","1fbc93c3-0a7d-4bac-a4f1-bd3b1a5f6375","60e6272f-9f0e-4d9e-95a1-8375dee2959c"
"1pps","29095f89-da3d-4ed7-97a5-03eaa2dd41e5","0039961d-66ce-46ad-841a-a3a1a3f3c837"
"1pps","384a2bc5-f6a1-4607-a229-59730b37e1ab","4c6cc63b-2069-482e-a59b-667b3a758e84"
"1pps","1107dd63-a7a5-4a46-9f20-af5a3dfa1ae0","89ce8fde-6f18-479f-8df8-06b0cfce9254"
"1pps","64adfd21-59e7-4398-ac1b-d2730aceb773","2b6757c1-752e-4a69-bb41-86d704efb8c1"
"1pps","70cbfc07-2b31-4b39-a488-824a7a135bd2","f53fa3de-9e60-4478-8f85-c40ea01bbbf8"
"1pps","661bca09-1791-439e-821f-0816cbc28505","cf8a1782-fba8-4daa-83cc-fa5a9a1415a1"
"1pps","77202d7f-6919-404c-a65f-f0fa09bafdfb","5402d858-3beb-4af5-b825-44e26bb6e589"
"1pps","79e22e2a-6851-48df-8a87-22ca45dbbb39","73f0fbfe-0309-48fa-9c33-86da6b3bf173"
"1pps","85b17766-f133-4fe9-a116-021b1c8e5e1e","beef1b75-baa3-40c2-9f86-3e7ee7e98a37"
"1pps","85338401-75e2-4961-af66-e293b573dd8d","0d8cd355-9650-4c63-9ad1-9d6babac1e8a"
"1pps","a9658de7-9bdf-488a-9cc3-aa5ebfd3763a","0775f793-2dd6-4d75-9c5b-a6363c738f5b"
"1pps","c320cfb7-12ad-4734-aa81-5d36138c16b3","07b7b366-47d9-485d-9a74-488d3aeb87ef"
"1pps","d593af42-968b-421b-90e7-e12797e33b15","253b00c6-6f5b-4764-9e48-9fe2594cb144"
"1pps","d6942e0a-f6e9-4727-8952-5888082267f3","fac3e30b-abd3-45d3-a939-79eb6e63e0fc"
"1pps","d6e30dc6-e490-4b31-acca-3de9d69101ca","38094ab6-87d0-4c21-94a3-d6550fea8d15"
"1ppu","402a1108-a230-4efe-aa8a-161d11512389","bb31db3c-1aca-4bce-bb9d-8a3448c897ab"
"1ppu","b11f41d4-0a06-41bf-88b2-84bf02820a20","edecf606-3475-4e5b-8e92-002090bc4728"
"1ppu","ebbdd1c7-71bb-432a-bbf7-ab7bff7b4e1c","7ab35e27-cc88-4830-aa84-4fe952cf4a99"
"1pq1","f634e3e0-f623-4b7f-8dc4-72a916b912bd","d55c7c5d-9743-4c20-b43c-6a16135afa5a"
"1pqc","29c06f4c-b0a2-4f13-bc28-618424402b47","1de6bc10-45a5-4392-89eb-71f2b45cdf91"
"1pqc","3c3519b3-1d37-474e-8a93-860ff164a8b1","458738e8-801e-42e9-a937-90777f6144b1"
"1pqc","5e0ea639-8c04-444d-891d-abd166498435","9e817013-29c6-43d4-b4e9-d4b4f4655832"
"1pqc","7f4cfab8-bb1f-4131-9a9e-f9e0abfca5cb","b2645feb-d7fd-48f1-bd34-60cdb4cffea4"
"1pqc","2ffa1916-2f98-4fd6-b8f4-93ab23da73bd","67ab1323-047b-4f85-a936-196b7ab01ddb"
"1pqc","46549262-d515-4467-93dc-54a1189c0185","a63b48f7-c558-4007-a5cf-9ebb00d9ea35"
"1pqc","866b74ee-ed92-4f02-b89e-89def5a23892","dd5a4428-1119-4e80-abd4-7f209fc796ed"
"1pqc","64262555-f415-44ae-9ca8-2e922a49ddf1","e7a1c61b-b1bf-4b9d-912d-d3580359fa21"
"1pqc","a8e75bb0-5be5-47e0-9f5e-3acd9279f108","98ff9d48-798a-47f4-ac89-7cd60d8f2233"
"1pqc","b4ec6115-2f3a-4c1b-abc2-6d1f3d9e9087","4cb49215-42b5-4164-a871-67e0657509cc"
"1pqc","dc575c76-ab13-4fc7-8cd5-3d6894cca40d","2a3cfe5c-128b-4439-b9e7-d154d90304bc"
"1pqd","52dc0c14-0abb-431f-a6ba-83583075ea56","fc1c019a-3203-46e8-a961-d4e241e2231b"
"1pqd","68ae4d49-996d-49af-95b9-d876dd2f6c1d","116995a8-691a-4d15-90a4-c5713cdc0c31"
"1pqd","6eed2ca6-56c4-475b-b687-ec77bfc475c7","b99bf18a-05ce-477c-aded-7170351e54d4"
"1pqd","7bfb9c00-eef8-4556-ad25-07b806812af0","742de73b-d577-4516-abe8-45d8fa442c26"
"1pt0","722a0267-b89a-468b-9fdc-bb32ec36b465","6c2b6321-3ec2-4cc7-b5ca-342dddfba2f6"
"1pt0","c320cfb7-12ad-4734-aa81-5d36138c16b3","07b7b366-47d9-485d-9a74-488d3aeb87ef"
"1pto","0f9b5bd0-bd7b-4983-8595-a9bbaebd7016","b7f4b48c-96f7-48e5-a115-405711e18e4f"
"1pto","243b7911-9be8-43ec-b757-5c6872b8424f","4bb921bc-142d-4dd0-a0ed-c18e5f249fb0"
"1pto","5e4d88a5-4268-4895-937e-be18210811a5","f917ab97-82ba-4616-b380-0d0ce98977fc"
"1pto","656a9c8f-6644-46d1-bb98-e73954b83b9c","eba52364-2138-42fb-b2d2-51cbee38167f"
"1pto","93477008-607b-471d-8e2f-cf5dea7f4127","b1b771ab-cb14-468d-911c-c08096ba7fcd"
"1pto","b08249de-db92-4ff9-adc5-424a69225762","d4511a24-022f-44ef-b853-63e0636504fd"
"1pto","ca070544-b988-4845-8295-8c21796d1eb6","8540da6f-2b89-4e31-8bd3-11dab3cebab0"
"1pto","d376b7af-6fbb-4e1b-83e8-5a98548b0446","923fa0d7-bb1c-42e0-b822-e07577d0974f"
"1pto","b767da17-2683-4168-b992-8010ba48778e","8a6b7c45-a76c-47b2-a56c-1bb97c0ab5ac"
"1pvn","2880d1da-793d-48e6-83af-08272143c4ab","70e32842-66ab-4a5b-8348-099a6f184783"
"1pvn","8e973f2c-4489-48a3-8e8c-1a3e96348db9","728f2c80-ce67-4f73-87e4-85aecd1b09a7"
"1pvo","2880d1da-793d-48e6-83af-08272143c4ab","70e32842-66ab-4a5b-8348-099a6f184783"
"1pvo","8e973f2c-4489-48a3-8e8c-1a3e96348db9","728f2c80-ce67-4f73-87e4-85aecd1b09a7"
"1pwk","05d4a768-f250-4eb3-b114-e3349a7f1fed","7edf63ed-3daa-43d9-b189-ce896cb62af4"
"1pyw","69312284-5a34-49db-861a-9eee040c17c9","a4023b9f-1e55-4906-8503-4185f239fd4e"
"1pz0","c6891b57-7a95-42b6-a624-c01748faf02a","7ed55ddc-07e9-4aa4-b74c-836c9bcb83a1"
"1pzg","777671a9-e897-4d5d-9e18-0358d60842a2","a24a6100-0828-42ad-b9d4-99278f55b3ba"
"1pzg","69511a6e-9c0f-4d97-a02a-0c7642b77130","a9d810d1-287b-4c00-9499-ff2a2159f55c"
"1pzh","8ef364c8-8483-47ca-a098-38e4d7eb4d50","3e56e98e-d0a8-437f-93b5-ca4621714460"
"1pzh","69511a6e-9c0f-4d97-a02a-0c7642b77130","a9d810d1-287b-4c00-9499-ff2a2159f55c"
"1pzk","3726b56b-5e3d-4f08-a925-36d40152495c","f0a8eabd-f2cb-4814-a370-8ba59f2a4206"
"1q0j","ac42677c-a338-4f2a-820b-cc3bcf20045a","7a040a7b-b6cb-465e-b322-a39f58d57ab3"
"1q0j","bd50fe61-1afe-473d-903d-aef4c28ed793","b538300d-c254-4219-9709-8a74915bd7bb"
"1q19","117b973e-acc0-4b6d-83d2-22a8a38be253","7761666e-0786-4188-806c-de582b865cd2"
"1q23","a8f2bd35-8cbe-455e-a115-17a65a556d38","dd963084-0af6-4f5a-8992-0fc5a7742221"
"1q2s","c81cbeb9-83cd-4e30-998f-bcd7f85d864c","cf01cc86-3af1-4b58-9754-584879a05c09"
"1q3a","4effebba-345b-46fd-9a1b-7c5abeb65f39","132e77be-ec7b-4265-ae6d-1b8735304738"
"1q3a","cca5098f-bd27-47b6-b4f6-2f5568f13c4a","8cdc7aaf-305c-49b2-b1a5-6a1b281f11d6"
"1q39","61d4444c-041e-4e19-91a7-9bc64cab7b6e","63ce165d-48e5-47a3-bda7-31e6b2ba1e68"
"1q3a","28b6e8f1-abb6-4eee-bdef-c17bb7e7fd66","af3166a1-0350-4bda-9933-335073e8edaf"
"1q3m","3dc5a3aa-d1ac-42f2-8127-2900cb19828b","adac6d79-8322-47ae-94ac-7e05566ae047"
"1q3t","64262555-f415-44ae-9ca8-2e922a49ddf1","e7a1c61b-b1bf-4b9d-912d-d3580359fa21"
"1q3z","3dc5a3aa-d1ac-42f2-8127-2900cb19828b","adac6d79-8322-47ae-94ac-7e05566ae047"
"1q47","d9bf72d4-ba75-4259-a62a-b5d6412adac0","1cba4efe-182f-4084-baff-f7d31f332f7d"
"1q4c","861883d2-7d0a-4170-8be3-5b52d3287828","cc94d6f3-3119-4bd7-8d21-b2013cf36fa4"
"1q4b","87ad5163-6a10-4fa8-9645-aaa69f20b595","35eeaea1-311c-4151-8119-4415b5bf2971"
"1q97","3cc16111-1323-4032-b4b0-549453cb443e","c8d867d5-67d3-4b60-a19e-f87562b8f74c"
"1q97","5a173cf7-84ec-42b9-be32-0c89a026810e","c98b191f-20b3-4569-a8ae-d746e526a075"
"1q97","c522caf0-6a1b-47d7-ba40-c72f7f864b2a","ca705955-1f34-4f14-bcb8-45a002b0b222"
"1q97","a4f5996c-3e21-4507-90d0-42b5804383ab","d1f223e5-1291-486c-b36b-2dc23ff38236"
"1q97","e5de4575-cef8-434d-89ca-2657e6aa9909","387de01d-a372-4200-a847-ce305aa6c085"
"1q9e","3dc5a3aa-d1ac-42f2-8127-2900cb19828b","adac6d79-8322-47ae-94ac-7e05566ae047"
"1q9g","c6891b57-7a95-42b6-a624-c01748faf02a","7ed55ddc-07e9-4aa4-b74c-836c9bcb83a1"
"1q9h","c6891b57-7a95-42b6-a624-c01748faf02a","7ed55ddc-07e9-4aa4-b74c-836c9bcb83a1"
"1q9v","a1a61a2f-1b79-4d48-837f-7cc0c116933e","0cd9b3c4-e1ee-402c-b982-c48c2a7cdf3f"
"1q9v","02f06172-3c08-45b4-86c7-08fb10c0b620","19580491-f28f-4236-b2b5-e28094fe7d30"
"1qaj","00030917-576b-4600-a3ae-8b1e1c4ece8b","7153eb34-75aa-4037-a87c-a720fea47c95"
"1qb0","75637061-1ffd-434b-bc54-0d3f6c31dc00","ef5dce1d-2132-4b5a-a56c-1f8859da6519"
"1qb0","64262555-f415-44ae-9ca8-2e922a49ddf1","e7a1c61b-b1bf-4b9d-912d-d3580359fa21"
"1qb0","b8d228aa-144c-4bce-aa57-b9c789f1acef","57f907fe-d2ba-4181-b251-7ae1f140755c"
"1qb7","71c9a514-3aeb-42d8-8b64-99cfeda7d7ea","63e845c3-1816-4750-855e-e5bf31b052aa"
"1qc7","a76a2553-37bf-4311-b161-7643e22bb4e2","b74d6e6a-2359-4e91-a2eb-155c8a5e0d96"
"1qdd","c81cbeb9-83cd-4e30-998f-bcd7f85d864c","cf01cc86-3af1-4b58-9754-584879a05c09"
"1qdi","71c9a514-3aeb-42d8-8b64-99cfeda7d7ea","63e845c3-1816-4750-855e-e5bf31b052aa"
"1qe2","12e948bb-a919-4232-a6e3-ceebba50c075","e505d3b2-1d80-4295-9d6b-89b45627ff63"
"1qe2","52dc0c14-0abb-431f-a6ba-83583075ea56","fc1c019a-3203-46e8-a961-d4e241e2231b"
"1qe2","4ed41602-63ef-4e68-b90d-daa2f6c42587","fb45a21f-ea3f-48a9-9e2d-efc796b31f6e"
"1qe2","68ae4d49-996d-49af-95b9-d876dd2f6c1d","116995a8-691a-4d15-90a4-c5713cdc0c31"
"1qe2","6eed2ca6-56c4-475b-b687-ec77bfc475c7","b99bf18a-05ce-477c-aded-7170351e54d4"
"1qe2","7bfb9c00-eef8-4556-ad25-07b806812af0","742de73b-d577-4516-abe8-45d8fa442c26"
"1qe2","ca6ed4e6-e7a9-4c7e-b190-f9a8539f5f50","94ad0e6f-ee20-4618-8c55-d799e0dd1133"
"1qe2","f35c9821-2531-43cb-8a9d-39aab92ba388","2554ac82-2ecc-4be9-a6c0-a0edcbdc94fd"
"1qef","26d9146f-560b-4454-8634-dfe3976860f2","2783e2ce-1ebe-44d3-bcf4-b26308c18d2f"
"1qef","4e141045-4747-4083-949b-f3b6e228cc75","44021146-2ef4-44e4-a457-1746ca20a482"
"1qef","3910962d-9599-49da-8871-f1f436503663","8423a49c-94f5-4e60-babd-d2c5bf40d040"
"1qef","ed2ff155-c2a9-4cbf-8619-7ef63a00f830","62d3adfc-98a3-40a2-af7e-95575625671f"
"1qep","64262555-f415-44ae-9ca8-2e922a49ddf1","e7a1c61b-b1bf-4b9d-912d-d3580359fa21"
"1qew","ae6c2e9b-c992-43c0-bbf6-3a899c011f87","8d785b24-b549-497e-a08c-287790f0bf42"
"1qf7","a76a2553-37bf-4311-b161-7643e22bb4e2","b74d6e6a-2359-4e91-a2eb-155c8a5e0d96"
"1qfi","71c9a514-3aeb-42d8-8b64-99cfeda7d7ea","63e845c3-1816-4750-855e-e5bf31b052aa"
"1qg1","9bbf89ab-5b78-41b8-94d2-7af3d87846e5","db3fae19-9901-45e5-9a5b-92a15b6209f7"
"1qg1","4fb7d0e6-e422-457a-8626-b49219744bc1","2952e13c-68ce-464c-b09e-dd638dd2b31f"
"1qgx","00030917-576b-4600-a3ae-8b1e1c4ece8b","7153eb34-75aa-4037-a87c-a720fea47c95"
"1qg2","9bbf89ab-5b78-41b8-94d2-7af3d87846e5","db3fae19-9901-45e5-9a5b-92a15b6209f7"
"1qhc","4bd88420-e040-49b9-a09d-751e29768f7e","54f52d38-7cba-46c2-a8a6-3ccb4e73e91c"
"1qhc","c81cbeb9-83cd-4e30-998f-bcd7f85d864c","cf01cc86-3af1-4b58-9754-584879a05c09"
"1qig","ad7077c3-30e1-4d5c-9da8-8f5c0ebb9fb5","9c550b8b-e704-407e-8071-f27f0779d8eb"
"1qk3","1ffde5be-ee10-4721-bff7-a99e9b3b71c0","ea6ad7bc-03ee-482f-96a5-56dabf0f8035"
"1qmn","09321396-7d6a-42a2-a629-30283f446176","9b10bcc2-885f-42e4-ac43-3cb7ee8f28e4"
"1qmy","5ee085ba-4147-4370-9c33-b36c9c95a697","8444b92c-c6fb-4915-a88b-67e9790de661"
"1qmn","6d9f9d1e-197a-4a1e-9c84-70406dc295fd","7d46c154-38cb-4228-af62-df0fb4593978"
"1qn3","0299709b-7e09-4a0e-b5db-adac16ac4359","44e33a11-ff18-4aa6-9376-045e01b69f80"
"1qn3","acc05c51-9488-4adc-970c-dbb05bc15d3b","f3168484-3e24-4da0-9577-bf67e3ffe8a9"
"1qni","3dc5a3aa-d1ac-42f2-8127-2900cb19828b","adac6d79-8322-47ae-94ac-7e05566ae047"
"1qnn","3a31e4c5-3ffa-4102-a7aa-df4ae65191ab","5d57170c-7985-4e10-b3ca-575def213c2c"
"1qnn","5787b19f-8d0b-46a0-9925-394479da794a","3e533026-c68f-41b7-99a7-3b7818033148"
"1qnn","b14ff807-e696-4eb0-b36f-9e056474f712","67dd7054-0b7e-4106-a64b-b684a3a2c066"
"1qnn","c320cfb7-12ad-4734-aa81-5d36138c16b3","07b7b366-47d9-485d-9a74-488d3aeb87ef"
"1qnn","c3f0ef85-cfb5-4899-8033-96c47b67d599","1627e3c3-bd95-4355-94d8-fadaf728e116"
"1qnn","e3a1c896-660b-4604-9e76-bbad0918440f","857f3d64-0113-491e-b770-32ddf392379e"
"1qob","2587ef8b-9a50-4e8a-9fb8-627759dc2742","4d175602-3bbe-4584-83c0-9139fccdfda3"
"1qob","734be632-b5eb-4ae5-880b-c60390591e67","8fe4db28-8f23-470a-9568-5790f2524a9a"
"1qob","eb2615b7-6838-4c9b-939e-e6ebc42dd866","a7df4447-86b5-4525-820d-fc413b64bd65"
"1qob","c6891b57-7a95-42b6-a624-c01748faf02a","7ed55ddc-07e9-4aa4-b74c-836c9bcb83a1"
"1qph","0472dcc6-f19f-46c5-b814-6e929252cef8","065906e8-affb-4df9-a27a-58b231515f2d"
"1qpq","2b6f485f-9c06-4a10-a19d-036fa13172f2","3503c4ff-88b4-4ad1-bf2e-a258507a52c7"
"1qpq","a75f1032-37eb-46a8-b923-b51085ebb96f","56b0fbd0-8140-456a-9275-8b126c943541"
"1qpq","303bc414-fcee-4f9d-aadc-96f38d31d466","6fc1a842-7a59-4793-a300-2f4cebeda954"
"1qpr","a76a2553-37bf-4311-b161-7643e22bb4e2","b74d6e6a-2359-4e91-a2eb-155c8a5e0d96"
"1qpx","12e948bb-a919-4232-a6e3-ceebba50c075","e505d3b2-1d80-4295-9d6b-89b45627ff63"
"1qpx","4ed41602-63ef-4e68-b90d-daa2f6c42587","fb45a21f-ea3f-48a9-9e2d-efc796b31f6e"
"1qpx","52dc0c14-0abb-431f-a6ba-83583075ea56","fc1c019a-3203-46e8-a961-d4e241e2231b"
"1qpx","7bfb9c00-eef8-4556-ad25-07b806812af0","742de73b-d577-4516-abe8-45d8fa442c26"
"1qpx","68ae4d49-996d-49af-95b9-d876dd2f6c1d","116995a8-691a-4d15-90a4-c5713cdc0c31"
"1qpx","6eed2ca6-56c4-475b-b687-ec77bfc475c7","b99bf18a-05ce-477c-aded-7170351e54d4"
"1qpx","74867211-1b70-4798-bb02-c7cad8c05f81","b8c7587a-119d-40c9-954d-a0cad0d386bb"
"1qr5","293c2a78-242b-44a0-ba42-ac9e75929f4f","503914ac-dde2-432e-8fef-6226b9e5041e"
"1qr7","3dc5a3aa-d1ac-42f2-8127-2900cb19828b","adac6d79-8322-47ae-94ac-7e05566ae047"
"1qsi","c81cbeb9-83cd-4e30-998f-bcd7f85d864c","cf01cc86-3af1-4b58-9754-584879a05c09"
"1qsq","08ba906e-23f7-46bb-ad52-f9e0857d5c35","795af6dc-6aad-4721-b9b2-a4c9e1aaeea0"
"1qsq","71c9a514-3aeb-42d8-8b64-99cfeda7d7ea","63e845c3-1816-4750-855e-e5bf31b052aa"
"1qu6","a76a2553-37bf-4311-b161-7643e22bb4e2","b74d6e6a-2359-4e91-a2eb-155c8a5e0d96"
"1que","2175699c-19a4-4c13-b3e0-96b4eb0edf75","bf443150-37d7-4428-8195-cd1e0a0bcfa4"
"1que","cd6b83f6-49a8-4776-9c65-280c37b4b9d8","af6b5ef9-d7a0-492a-a930-56cfa1fcadce"
"1qwk","243b7911-9be8-43ec-b757-5c6872b8424f","4bb921bc-142d-4dd0-a0ed-c18e5f249fb0"
"1qwk","0f9b5bd0-bd7b-4983-8595-a9bbaebd7016","b7f4b48c-96f7-48e5-a115-405711e18e4f"
"1qwk","5e4d88a5-4268-4895-937e-be18210811a5","f917ab97-82ba-4616-b380-0d0ce98977fc"
"1qwk","656a9c8f-6644-46d1-bb98-e73954b83b9c","eba52364-2138-42fb-b2d2-51cbee38167f"
"1qwk","93477008-607b-471d-8e2f-cf5dea7f4127","b1b771ab-cb14-468d-911c-c08096ba7fcd"
"1qwk","b08249de-db92-4ff9-adc5-424a69225762","d4511a24-022f-44ef-b853-63e0636504fd"
"1qwk","b767da17-2683-4168-b992-8010ba48778e","8a6b7c45-a76c-47b2-a56c-1bb97c0ab5ac"
"1qwk","d376b7af-6fbb-4e1b-83e8-5a98548b0446","923fa0d7-bb1c-42e0-b822-e07577d0974f"
"1qwl","0f9b5bd0-bd7b-4983-8595-a9bbaebd7016","b7f4b48c-96f7-48e5-a115-405711e18e4f"
"1qwl","243b7911-9be8-43ec-b757-5c6872b8424f","4bb921bc-142d-4dd0-a0ed-c18e5f249fb0"
"1qwl","5e4d88a5-4268-4895-937e-be18210811a5","f917ab97-82ba-4616-b380-0d0ce98977fc"
"1qwl","656a9c8f-6644-46d1-bb98-e73954b83b9c","eba52364-2138-42fb-b2d2-51cbee38167f"
"1qwl","93477008-607b-471d-8e2f-cf5dea7f4127","b1b771ab-cb14-468d-911c-c08096ba7fcd"
"1qwl","b08249de-db92-4ff9-adc5-424a69225762","d4511a24-022f-44ef-b853-63e0636504fd"
"1qwl","b767da17-2683-4168-b992-8010ba48778e","8a6b7c45-a76c-47b2-a56c-1bb97c0ab5ac"
"1qx4","4b725e33-c4bf-4aee-9322-8a7955562dd0","2181b527-c7c9-4120-8a08-7c537bae4705"
"1qx2","c212e6f1-66a1-4082-acb7-a3d90f6f3314","a954793b-4dd4-4ab6-88df-a0f9d00493eb"
"1qx2","4b725e33-c4bf-4aee-9322-8a7955562dd0","2181b527-c7c9-4120-8a08-7c537bae4705"
"1qx2","64262555-f415-44ae-9ca8-2e922a49ddf1","e7a1c61b-b1bf-4b9d-912d-d3580359fa21"
"1qwl","d376b7af-6fbb-4e1b-83e8-5a98548b0446","923fa0d7-bb1c-42e0-b822-e07577d0974f"
"1qx4","c212e6f1-66a1-4082-acb7-a3d90f6f3314","a954793b-4dd4-4ab6-88df-a0f9d00493eb"
"1qx4","64262555-f415-44ae-9ca8-2e922a49ddf1","e7a1c61b-b1bf-4b9d-912d-d3580359fa21"
"1r0g","12e948bb-a919-4232-a6e3-ceebba50c075","e505d3b2-1d80-4295-9d6b-89b45627ff63"
"1r0g","68ae4d49-996d-49af-95b9-d876dd2f6c1d","116995a8-691a-4d15-90a4-c5713cdc0c31"
"1r0g","52dc0c14-0abb-431f-a6ba-83583075ea56","fc1c019a-3203-46e8-a961-d4e241e2231b"
"1r0g","7bfb9c00-eef8-4556-ad25-07b806812af0","742de73b-d577-4516-abe8-45d8fa442c26"
"1r0g","6eed2ca6-56c4-475b-b687-ec77bfc475c7","b99bf18a-05ce-477c-aded-7170351e54d4"
"1r13","c320cfb7-12ad-4734-aa81-5d36138c16b3","07b7b366-47d9-485d-9a74-488d3aeb87ef"
"1r2f","a00e036b-3a27-4347-9519-e1616f5127f7","d70bee9a-3fa7-41e4-8596-0cd7414610bb"
"1r4t","7a920f4a-242e-4f0d-8494-ccb046365b4e","c181ee00-2638-4578-91ce-cd9178968dde"
"1r4t","c7a6c2c9-0b82-48bc-8839-60293de8fcb9","0cd088d2-b21b-406a-958b-20b8ecd17ea3"
"1r4t","92867372-a0a4-4cde-b46f-a8e0679ac552","0edeb76e-556c-4e2e-b8a6-79d7a117cfb5"
"1r4t","19fb04e2-220e-4fca-bb75-f36c7f202f89","06f7a310-dff2-434b-98c3-bad31bdcdb4c"
"1r71","13d2cbde-44e3-4e02-9695-4862440cb2f9","e23bd0ba-ee03-4b4a-9b5a-7c9835435168"
"1r71","117b973e-acc0-4b6d-83d2-22a8a38be253","7761666e-0786-4188-806c-de582b865cd2"
"1r7t","0004a448-0510-4813-bd2f-3cec8ad32ae5","b90bedd9-2331-4668-b8a1-00421e33f636"
"1r71","c8ddbc94-8957-4f3e-8e33-e1aeead231e3","655fa855-c66a-45c8-b1f7-21a296556f0f"
"1r7t","7702f2b8-3a6f-4006-bbf6-cb374bc6d8c2","c4565919-7434-41d5-b253-ffb6778b6b25"
"1r7t","9c26da40-438e-4b2f-8b65-cb77572a14b6","28a0b5a6-7eb6-4014-a2e1-5b0540514041"
"1r8","c320cfb7-12ad-4734-aa81-5d36138c16b3","c028e41e-4ac2-4631-97b9-f2a5856ae313"
"1r8","a76a2553-37bf-4311-b161-7643e22bb4e2","bb347ecc-cc86-416b-af79-85ba011d0dab"
"1r8","7d07e4bb-a6a2-481a-bffd-e9bd877b07fa","b229949c-812e-4757-bb1f-3422d91fce5e"
"1r8m","4bd88420-e040-49b9-a09d-751e29768f7e","19ded9f5-a853-4231-8c9b-7406e319dc60"
"1r8m","c81cbeb9-83cd-4e30-998f-bcd7f85d864c","cf01cc86-3af1-4b58-9754-584879a05c09"
"1r8v","0472dcc6-f19f-46c5-b814-6e929252cef8","065906e8-affb-4df9-a27a-58b231515f2d"
"1r95","96e3c414-c0c3-4974-aa49-46dd1ef529ef","46794d71-a04c-4662-bce2-c2db8c523286"
"1r95","a76a2553-37bf-4311-b161-7643e22bb4e2","b74d6e6a-2359-4e91-a2eb-155c8a5e0d96"
"1r9k","4c8e4920-85e6-43cd-897d-2be573aa5a5c","b24c886d-66a7-467d-93f6-a4d61ccd3ab8"
"1rab","7af54469-44d0-4488-b94b-9b87629f54fc","97d4cafa-64a3-44b8-a4b0-742fc3403794"
"1rab","734be632-b5eb-4ae5-880b-c60390591e67","8fe4db28-8f23-470a-9568-5790f2524a9a"
"1rab","eb2615b7-6838-4c9b-939e-e6ebc42dd866","a7df4447-86b5-4525-820d-fc413b64bd65"
"1rc1","c3269101-f5d6-492b-a687-a46bd015ac84","6696fc70-df1e-434b-9397-beca4dd92052"
"1rd7","13d703cc-e38e-471d-99b5-26fe3f475301","aafc6609-b9cb-4b4f-a760-5e8683e5356a"
"1rf1","a76a2553-37bf-4311-b161-7643e22bb4e2","b74d6e6a-2359-4e91-a2eb-155c8a5e0d96"
"1rgi","fbc74c0c-3975-4b06-92bf-13933d0ee324","6eb579b5-1ee4-4916-b3fa-cad2a7a84669"
"1rgr","026f382b-a7a8-4e97-ad63-2ced73727e16","454c0d7f-67da-4378-9d2c-ed59e8711c9b"
"1rgr","8bda7d55-2db6-4631-bc4c-1b72daf71372","f8d743a7-3333-47ff-8b00-de6a3a70f1e7"
"1rgr","c320cfb7-12ad-4734-aa81-5d36138c16b3","07b7b366-47d9-485d-9a74-488d3aeb87ef"
"1rh8","96e3c414-c0c3-4974-aa49-46dd1ef529ef","46794d71-a04c-4662-bce2-c2db8c523286"
"1rjc","238b97c6-93fc-4bbf-837f-31cca2c634c5","5ae67a77-f884-4e0c-961d-a3239a5707a9"
"1rjc","0d5a801f-cbbd-4ed6-93a1-2813bffcfc26","420f2766-a29a-45e0-b705-dbfc27a2353b"
"1rjc","2782cae4-af4d-4c8f-9dd3-41c942d0288e","af4e8834-d9be-49a4-8dc3-62db36303bbd"
"1rjc","1d5b4b0e-e307-4e75-836a-8663a7493016","692d2ec0-4f0e-4a03-a913-c0437587f6a9"
"1rjc","28bf8c0a-9752-4f55-a8ef-d6aaeacece8a","bf0d8a5e-2919-46e7-a380-21e93be528e6"
"1rjc","35e05f95-e93c-476a-8060-66072dab7e99","6a4829a4-3038-4a36-859c-aa04b77578db"
"1rjc","39136fd3-5634-4952-9ffd-cd3addc0901b","cb907502-986a-4d13-89c0-348872414fed"
"1rjc","2dd4e18c-5be4-40fd-ac6f-aa1eef49b98a","4a8d1a60-70ed-4c6f-9f63-730cbf09dee4"
"1rjc","937aa66a-9f4f-4179-9ada-f2e73b31d3e8","4127f20b-53b0-492f-bdd4-12d9623c6945"
"1rjc","b2163093-436e-48af-b04a-d9527cb0678a","98eb5957-99be-467d-88a1-bef9f31a3195"
"1rjc","d2e83744-3a77-497e-bc31-38ad4b14cbc7","a18492df-add1-452b-8c48-08d15ade9b9a"
"1rjc","c1d5861b-e3ed-420e-8bed-924943700a86","a8077dd1-5bfe-497b-b3f0-ff52ab063ccf"
"1rjc","9b844633-8752-45f4-99cc-655e36d45ee1","38c20ff1-d4b6-4820-9dfa-56bd4f67020e"
"1rk1","706d5326-b860-4d80-96d9-b773da5d07d6","8705e303-cc53-41ba-8bc6-dd504976e9d2"
"1rk1","2c671994-d302-4a91-b681-7ccfda4b143e","c66cd33c-5bc7-4ca0-971b-1ca6b9869430"
"1rk1","c35a1e8d-95a2-4b24-be28-fb2f67c7ff90","96a9361f-5c5f-4389-8638-0e643294a7d3"
"1rk1","8aa1c625-3c8a-4833-9432-b18973e43f08","6f5bce90-a5a4-4a35-82f4-1097f76203dc"
"1rld","3dc5a3aa-d1ac-42f2-8127-2900cb19828b","adac6d79-8322-47ae-94ac-7e05566ae047"
"1rlx","dc047943-820b-41b1-86fb-098b0c2f7918","f5818927-574e-4c4d-b2e4-35fb512de74b"
"1rmj","e62f51ef-647b-411b-9176-8b1d1588a87a","9b2f91e1-3fb6-49a6-ba33-5ec6e1bb2b16"
"1rmj","734be632-b5eb-4ae5-880b-c60390591e67","8fe4db28-8f23-470a-9568-5790f2524a9a"
"1rmj","c6891b57-7a95-42b6-a624-c01748faf02a","7ed55ddc-07e9-4aa4-b74c-836c9bcb83a1"
"1rmj","eb2615b7-6838-4c9b-939e-e6ebc42dd866","a7df4447-86b5-4525-820d-fc413b64bd65"
"1rof","c212e6f1-66a1-4082-acb7-a3d90f6f3314","a65c2b48-0f6b-46c1-9545-4f0fa711de20"
"1rq6","c81cbeb9-83cd-4e30-998f-bcd7f85d864c","cf01cc86-3af1-4b58-9754-584879a05c09"
"1rr9","734be632-b5eb-4ae5-880b-c60390591e67","8fe4db28-8f23-470a-9568-5790f2524a9a"
"1rr9","eb2615b7-6838-4c9b-939e-e6ebc42dd866","a7df4447-86b5-4525-820d-fc413b64bd65"
"1rrc","1c9600a7-8e26-41af-b096-06e464894aa9","67aa8365-e4fa-49e6-b780-9e3bfdaf3384"
"1rrc","0d540d81-c7eb-4012-b2d6-4b72a5fcae49","03d01899-ce78-4004-869c-1093d248dfd3"
"1rrc","12c0c048-64cc-4b1a-a754-de53a60abe94","bac5a652-afa4-4bf3-acb9-ae8abe95ae30"
"1rr9","c320cfb7-12ad-4734-aa81-5d36138c16b3","07b7b366-47d9-485d-9a74-488d3aeb87ef"
"1rrc","3537cb14-fefe-43db-af12-67c954f421c1","29400f16-4d6a-44f3-9feb-43bb200a856b"
"1rrc","3ed71cc1-947b-4e25-b917-0db150a26aea","92988f67-3efb-4327-90e5-c3e143afdacd"
"1rrc","4e8cb0b0-0415-428a-99c7-8ffee38929c6","f789800a-0e5e-46d8-897a-82ad90122d58"
"1rrc","46a5ee3d-98c6-40e3-b0aa-2e5239d99df5","78b936a1-67ff-4560-b671-4960c1c8cef7"
"1rrc","33cc1023-4961-469d-9515-8852c115aefa","d0a269e7-bb2a-4500-b166-2efc6c3927a6"
"1rrc","5b6d4f80-7a4f-4e5e-a1f7-19363190aa18","a8135051-f277-46c0-9521-80b006749516"
"1rrc","585b1b63-36a6-4907-93e8-d453265191de","18237d2a-6227-4466-b5ec-806f6cfefcff"
"1rrc","74cd100f-765a-456a-b4b5-ae4a85e13166","a6dc7b5a-3abe-4933-9e30-ac3a9fced4d3"
"1rrc","87a0fde4-4e33-4a9a-ba82-4f3ab5b540bc","6736ca20-6d32-419f-b738-18e6f644760b"
"1rrc","9d0b5508-2565-4d2b-b29f-5d132893c5fd","a8c2a87e-60ac-4784-8d3d-28b2027400c9"
"1rrc","89be969a-26cb-4303-97a7-b1d821d0e2a6","3e22c68a-ae62-44fc-b46a-67771a46d18b"
"1rrc","814b49be-77ac-4dee-a2b8-4044a2e4ecbe","8e7c2443-f96a-4ed4-98d0-f520bc3570df"
"1rrc","c0a5368c-2d8c-46f2-874a-b6beab330a7b","fb31bc52-62e9-4686-b9ee-20f468779f97"
"1rrc","c4e662d5-9866-412d-9a3a-c84ddafb942f","5edd5add-fac9-4463-9611-a874de197234"
"1rrc","eb8beba2-c460-4dcf-b496-949a87dbb0e6","c695a475-1b6d-4910-a60c-edc87cf41862"
"1rrc","c86835ce-7e8b-43c6-859d-9331db90f757","b3f1cc0a-5379-4ce2-a59c-85250ecb0bca"
"1rrc","ca0f4980-bdd5-427e-a625-9d8f7e0fb8ed","8d8eaf12-269b-4e8b-99be-60b76810a869"
"1rrc","f2074927-4087-4882-8aab-7bf39cdf1a42","0361d7b2-0abc-4d77-829e-1f2d06146007"
"1rrc","ed6f18ac-c429-49d0-a392-3ac3a1b2750c","6b052a63-ca94-491d-9a7c-721c54fbd4ac"
"1rrc","fb6cf0f4-09de-41c3-88ad-a68ed6080a77","39368b6f-e559-4393-9798-6b112d389dec"
"1rrc","f893bf42-4b4b-4647-9a32-ecf6371b2813","3988add7-fc02-4f60-9490-c9310c1e36eb"
"1rup","12c2fe2e-5e69-462a-bc60-fe6009e193a1","3ad3d8e2-2e09-4131-aaee-20f140dff9ea"
"1rup","4de8ad93-148c-4749-a7ab-d02c5c7a94c6","3c2875f8-1a44-4c8c-a70b-62d9e68bd24c"
"1rup","88ab3d7a-093c-4660-b2a2-3d5aa3bfcec9","e67ebfc5-3112-4462-aa5f-cbf95e85497c"
"1rup","da835c3f-152a-4ccd-94fa-c50180d6621d","dff33740-7254-4407-b447-88a996510a56"
"1rx9","3c3519b3-1d37-474e-8a93-860ff164a8b1","458738e8-801e-42e9-a937-90777f6144b1"
"1rx9","2ffa1916-2f98-4fd6-b8f4-93ab23da73bd","67ab1323-047b-4f85-a936-196b7ab01ddb"
"1rx9","46549262-d515-4467-93dc-54a1189c0185","a63b48f7-c558-4007-a5cf-9ebb00d9ea35"
"1rx9","7f4cfab8-bb1f-4131-9a9e-f9e0abfca5cb","b2645feb-d7fd-48f1-bd34-60cdb4cffea4"
"1rx9","5e0ea639-8c04-444d-891d-abd166498435","9e817013-29c6-43d4-b4e9-d4b4f4655832"
"1rx9","866b74ee-ed92-4f02-b89e-89def5a23892","dd5a4428-1119-4e80-abd4-7f209fc796ed"
"1rx9","a8e75bb0-5be5-47e0-9f5e-3acd9279f108","98ff9d48-798a-47f4-ac89-7cd60d8f2233"
"1rx9","b4ec6115-2f3a-4c1b-abc2-6d1f3d9e9087","4cb49215-42b5-4164-a871-67e0657509cc"
"1rx9","dc575c76-ab13-4fc7-8cd5-3d6894cca40d","2a3cfe5c-128b-4439-b9e7-d154d90304bc"
"1ry0","dc047943-820b-41b1-86fb-098b0c2f7918","f5818927-574e-4c4d-b2e4-35fb512de74b"
"1rys","ad7077c3-30e1-4d5c-9da8-8f5c0ebb9fb5","9c550b8b-e704-407e-8071-f27f0779d8eb"
"1s0i","117b973e-acc0-4b6d-83d2-22a8a38be253","7761666e-0786-4188-806c-de582b865cd2"
"1s0i","c8ddbc94-8957-4f3e-8e33-e1aeead231e3","655fa855-c66a-45c8-b1f7-21a296556f0f"
"1s0i","13d2cbde-44e3-4e02-9695-4862440cb2f9","e23bd0ba-ee03-4b4a-9b5a-7c9835435168"
"1s1n","f1f71e68-2f30-4771-b850-b4f09676e0ef","b730a4ed-d837-43c5-8464-f28810e9ab76"
"1s1p","1ca58ce5-a80d-4dc6-8ea7-2f7b34f5751d","1ca58ce5-a80d-4dc6-8ea7-2f7b34f5751d"
"1s1p","5411fb14-d7d7-4e5f-b398-36d5202520f7","5411fb14-d7d7-4e5f-b398-36d5202520f7"
"1s1n","fd01b728-7e59-492c-94c5-e81d28d8b536","82ec7d1b-3797-4c15-8810-d35923cc69b4"
"1s1p","f09e4c68-304d-4c2e-83b7-4a3a1d274d3f","f09e4c68-304d-4c2e-83b7-4a3a1d274d3f"
"1s1p","a76a2553-37bf-4311-b161-7643e22bb4e2","b74d6e6a-2359-4e91-a2eb-155c8a5e0d96"
"1s1w","4c6262fe-ee4c-4ab6-84ff-45ab3e76ddc0","4c6262fe-ee4c-4ab6-84ff-45ab3e76ddc0"
"1s27","f1f71e68-2f30-4771-b850-b4f09676e0ef","b730a4ed-d837-43c5-8464-f28810e9ab76"
"1s2f","0004a448-0510-4813-bd2f-3cec8ad32ae5","b90bedd9-2331-4668-b8a1-00421e33f636"
"1s3k","734be632-b5eb-4ae5-880b-c60390591e67","8fe4db28-8f23-470a-9568-5790f2524a9a"
"1s3k","861883d2-7d0a-4170-8be3-5b52d3287828","cc94d6f3-3119-4bd7-8d21-b2013cf36fa4"
"1s3k","9621f89c-01fa-4791-9f01-6db76f7fb23d","61e10c9f-6a72-4edd-b033-d880bb7633aa"
"1s3k","d14d6680-b68b-4c5d-9732-355f93a31317","9f4745dd-9d6b-42d8-80f4-17e97b3eb49f"
"1s3k","eb2615b7-6838-4c9b-939e-e6ebc42dd866","a7df4447-86b5-4525-820d-fc413b64bd65"
"1s3k","fc25df88-7f6c-42aa-82b6-f587c09ad214","a15fe332-3f0f-4d75-8eda-1b1cd07a3ad8"
"1s3l","a76a2553-37bf-4311-b161-7643e22bb4e2","b74d6e6a-2359-4e91-a2eb-155c8a5e0d96"
"1s41","c6891b57-7a95-42b6-a624-c01748faf02a","7ed55ddc-07e9-4aa4-b74c-836c9bcb83a1"
"1s5d","9fb88b32-def4-4b99-ada6-e352f14a3a37","c4b730fe-77b1-49c4-802c-4a9d384d92df"
"1s5d","dc4eab50-0fee-42e3-851a-0af8706cfd22","b589f26e-5c3a-4f25-aa72-7227d8958bf9"
"1s5d","9bbf89ab-5b78-41b8-94d2-7af3d87846e5","7a1f96cf-6338-455b-897e-f69c8400be41"
"1s5d","43d27e0c-5966-426a-99db-a4638029f63b","6081ba4b-cae2-4e8c-9b55-070a4b262d53"
"1s6a","ee88d103-d58f-4661-b34f-ec39d56587cc","6b288d4a-243c-4c92-9eb3-79070f4b9099"
"1s6a","cd6b83f6-49a8-4776-9c65-280c37b4b9d8","af6b5ef9-d7a0-492a-a930-56cfa1fcadce"
"1sb","20a5a869-5b7b-4a20-81d8-b7ff5cf0000e","b0868f72-45b5-4aed-8535-665138ca964b"
"1sc9","07fdae4d-f943-4fb8-bcd0-70cbe641e8b2","6b10ef9f-62bb-4989-ba0e-6b7a32328b38"
"1sc9","8d64beea-1b90-4ed9-914f-27469ae48063","334c9778-fac2-415c-81ef-e6dbfac4e0bf"
"1scf","12e948bb-a919-4232-a6e3-ceebba50c075","e505d3b2-1d80-4295-9d6b-89b45627ff63"
"1sc9","ffabb59d-05de-427c-bf16-4d15e5d51cc0","2120c492-9943-4abf-904d-d52a5435c05f"
"1scf","4ed41602-63ef-4e68-b90d-daa2f6c42587","fb45a21f-ea3f-48a9-9e2d-efc796b31f6e"
"1scf","52dc0c14-0abb-431f-a6ba-83583075ea56","fc1c019a-3203-46e8-a961-d4e241e2231b"
"1scf","68ae4d49-996d-49af-95b9-d876dd2f6c1d","116995a8-691a-4d15-90a4-c5713cdc0c31"
"1scf","6eed2ca6-56c4-475b-b687-ec77bfc475c7","b99bf18a-05ce-477c-aded-7170351e54d4"
"1scf","74867211-1b70-4798-bb02-c7cad8c05f81","b8c7587a-119d-40c9-954d-a0cad0d386bb"
"1scf","7bfb9c00-eef8-4556-ad25-07b806812af0","742de73b-d577-4516-abe8-45d8fa442c26"
"1spi","c6891b57-7a95-42b6-a624-c01748faf02a","7ed55ddc-07e9-4aa4-b74c-836c9bcb83a1"
"1ssf","c6891b57-7a95-42b6-a624-c01748faf02a","7ed55ddc-07e9-4aa4-b74c-836c9bcb83a1"
"1uy","b6a0d142-7a4e-4889-8c20-f505c58f0366","68e2e560-7d15-44e0-b790-187b616b3ca3"
"1uy","a76a2553-37bf-4311-b161-7643e22bb4e2","b74d6e6a-2359-4e91-a2eb-155c8a5e0d96"
"1uy","e22b3fb4-834f-484f-a4a0-9aefce23498d","7c35bcd5-46e5-4581-a552-2e44ef809175"
"1x0","be9afda1-a401-4993-97b8-b601dd316fc0","f47c658b-2f76-43ed-bbeb-ecb734a0432d"
"1zx","3dc5a3aa-d1ac-42f2-8127-2900cb19828b","adac6d79-8322-47ae-94ac-7e05566ae047"
"20b","0a815c5a-1fc0-46a4-a29f-5cf9811fe3f0","ed8de2f2-4066-475a-b2f9-26594aae1332"
"20b","2c7da244-7ef3-477c-ab51-42502d8321a8","3cf85dd9-c5cf-44bb-9a63-680b2737d676"
"20b","37cda443-83b3-43b2-8579-b432743bd093","039ec039-2c6d-4678-acfd-18d401554a9b"
"20b","3f0456f8-1ac7-401d-b6e5-50797d2be2b6","3fd98a22-ba1b-42b2-ae8d-39eac41ccdc6"
"20b","2775e601-209f-4d2b-bbd0-c1b85f6ecfb5","11fe257e-ba4b-4740-a073-c3687d4ae80c"
"20b","4985db84-3d11-4b30-b6ca-35cfb43d09b9","2331575c-0fc7-415c-aac1-9748cdc0caed"
"20b","53aa6dde-660b-4aa6-acd9-912940cf00d6","a2985474-9ff9-4326-9867-bd7f9b61177d"
"20b","6e946846-34f9-4739-9c7f-c9565d778f4b","ba0a62d9-d6cc-4305-b116-8774c283f760"
"20b","718873f5-32a1-4b92-b400-0f93d7acdc4a","f20ec8c9-7cef-4b92-8fa0-cf2055920270"
"20b","76845551-11fa-4f3e-a5da-8b70793c940f","89d39c41-0c39-4403-8821-31bdb86bafa8"
"20b","8df19c17-fa40-4f0d-90cc-f1476cda5707","3a777db7-a6be-4dab-b5ad-9b78f4017176"
"20b","a76a2553-37bf-4311-b161-7643e22bb4e2","b74d6e6a-2359-4e91-a2eb-155c8a5e0d96"
"20b","ac42677c-a338-4f2a-820b-cc3bcf20045a","7a040a7b-b6cb-465e-b322-a39f58d57ab3"
"20b","c320cfb7-12ad-4734-aa81-5d36138c16b3","95cf9270-2671-4940-ba2e-889d186559f1"
"20b","b6a0d142-7a4e-4889-8c20-f505c58f0366","68e2e560-7d15-44e0-b790-187b616b3ca3"
"20b","cab7b2e9-e27d-4d0f-a97a-ff6cc1c7fa38","66cbcfb5-b831-4655-9ffb-ed1fdd2e3325"
"22e","ac42677c-a338-4f2a-820b-cc3bcf20045a","7a040a7b-b6cb-465e-b322-a39f58d57ab3"
"22e","c320cfb7-12ad-4734-aa81-5d36138c16b3","4b8a8eb3-56d0-42db-a28c-143289ff2d4e"
"237","b5e95345-ba7e-4e07-a07d-8684ccd77d6e","646eb48e-9641-4e33-9b4a-80c173bb91f2"
"237","299fd5d3-1841-4865-b7af-c7acb26f9c60","30108289-8a40-408b-b38e-08a42d6ce371"
"273","1a95ae9b-1391-452b-a8f4-3ce04fce5f64","6e122123-c995-4d13-9014-18f33d4120b7"
"273","3598d375-999f-4999-b52b-a364e5dea7a9","bc5b9841-4379-4d16-a5d8-7c7bd6505518"
"237","d5fb2213-51ba-455c-92a6-7b2df98542ad","90547747-4762-4f68-9bd5-2aa54eea72e1"
"273","10acc9eb-1470-4096-99bd-58a70e08560c","7384c3cf-5e98-4f2d-9a80-da620368bde1"
"273","4e4f83d5-f9ff-4495-8cc9-54052357c3b8","f4c6e367-6c7a-4855-9da9-da4bd7ae53d5"
"273","5d18e7db-84d3-46c9-93d0-6916d3c63b47","f4e3e9be-1776-492d-9994-00ae94e89d7f"
"273","4c2c8b5b-bd58-4e6c-a21b-2a0d07ef0324","edf9e76c-40f4-4f19-a1fa-b00aa5eecee0"
"273","8e08690c-802f-449b-9c40-d92fe74235ec","f8930c31-12b8-4fe0-9482-30b5723c1bc6"
"273","3a9169bd-b535-451c-b270-edcf2f571f4e","68f63d38-cbe4-4540-975d-d5bcdcfa1e67"
"273","8751fe47-ada9-41d5-b8a4-475411b311e7","feb3a7d7-afed-4d2a-81e3-918dd3fd3aaa"
"273","d5916574-ff3c-4eee-b919-bb82e4f0f6f4","4961b915-8db2-47e9-b326-0807df595888"
"273","de5a5e49-d1c4-4947-87d9-ad1ad9ff93a3","f6f9bf87-1343-4a19-afd0-a0e788c2485e"
"273","e437553c-e702-4a6a-905a-afceedb66efb","6d8d7053-d630-4d1a-8cd3-14036136c2eb"
"281","3dc5a3aa-d1ac-42f2-8127-2900cb19828b","adac6d79-8322-47ae-94ac-7e05566ae047"
"290","01a895ea-b543-4bb8-b9ff-b8628b0456e3","3c8c607e-cb3e-4883-89dc-9b5721597429"
"282","872aa72c-053b-447c-8277-225ca45146a4","cc53d586-f226-4449-93dd-74710ed26cd9"
"281","eb2615b7-6838-4c9b-939e-e6ebc42dd866","a7df4447-86b5-4525-820d-fc413b64bd65"
"281","734be632-b5eb-4ae5-880b-c60390591e67","8fe4db28-8f23-470a-9568-5790f2524a9a"
"290","203530b1-0277-4e08-b0b3-aea0a9773508","bd9b9de6-5db5-46af-997c-737b69e7b3bf"
"290","5d440ba5-4200-4aa6-9b99-96a1e27a7b0c","f26f1fd6-c347-4b91-b7f2-5f067749ecb8"
"290","571727e5-6647-4b2e-90c3-2f3dfef9f9b4","8be6f36a-4011-4834-8286-138cf2ddda05"
"290","3f1992ef-65fa-4c8a-a97c-cd429e2011cd","95a1c689-1192-4ab6-be0f-6983d62ee1b9"
"290","7b0f1924-5d3e-4385-9a2d-b8c5a1c0eee0","ff756f9e-5e35-4647-a2a7-c4772aa19c13"
"290","6bee0bda-f455-4429-af35-6bb2f1b4896f","f19cd6d9-0057-401c-8327-b0bce03cbb74"
"290","813fc47e-4a14-4adb-a8fe-cc26bcfc7a61","a50672b7-4754-403f-b7a0-3b8154b3d562"
"2di","b98bbfdb-3a2e-41f2-9bc0-15ba17d8cbad","af76b994-f3dc-490c-9ca4-136d5a12c25e"
"2e5","84f9c4a3-6161-4336-a75d-22ef601409db","1a05f4fd-7fab-4778-9cd5-bb35001c6a54"
"2dc","a76a2553-37bf-4311-b161-7643e22bb4e2","b74d6e6a-2359-4e91-a2eb-155c8a5e0d96"
"2g0","34bcec91-fea8-4635-b42e-85c57be20664","1c47e985-5a1d-41b5-ac29-3d0bb1fcc950"
"2g0","408e81ef-52c7-4b9a-a4ca-c32801bbc1d8","f2120a31-4aaf-4dd9-b3b0-b03bec85e23b"
"2g0","4153de63-a925-4d4e-af0e-e3370d18dad7","356cbdac-c61a-438c-a6f3-1add1220191d"
"2g0","454fd7c4-5fb0-40c7-987f-36e4b588fed6","8dd4cc3a-ccdc-48d2-8c18-48cdef3e2d88"
"2g0","7d07e4bb-a6a2-481a-bffd-e9bd877b07fa","e6195146-f3b7-4baa-8e1c-429ae85ad5a7"
"2g0","7e8762af-95ea-4187-911d-36ececed5b0f","ee1a9d88-214a-4b96-b2d1-7acad72611c2"
"2g0","a6317b0d-d07a-4b3f-afc0-1fecad1b7faf","85b1fef9-bb5a-4ded-ab70-0e45c48228c4"
"2g0","a76a2553-37bf-4311-b161-7643e22bb4e2","75e8eff5-f4c9-477c-8a62-0860df14d586"
"2g0","b6a0d142-7a4e-4889-8c20-f505c58f0366","68e2e560-7d15-44e0-b790-187b616b3ca3"
"2g0","cb077c4a-82cf-4c65-9841-25958e7b236b","f0cf88bb-67c9-48cc-93c0-71757f04e4c3"
"2g0","d1e272d1-5fff-486a-bd98-02d46fd8b607","07ca1e4c-2d40-4317-9bcd-bb760055c153"
"2g0","f8e99da3-7f50-46fa-8b3a-ab5a20af144a","48a231ca-f257-48da-97ae-377c2b73f307"
"2g0","f51362b8-a17d-4084-9b4b-677ee48f1f84","f14e2a7d-b0da-4306-8e44-39bf019c6aca"
"2gp","734be632-b5eb-4ae5-880b-c60390591e67","8fe4db28-8f23-470a-9568-5790f2524a9a"
"2h6","4963a1e2-3726-48c0-8dda-d512982b1239","89de0327-58a7-4319-9e00-bb8d7e6c3b59"
"2h6","8faa13f7-ec37-4ccb-a983-47abe060fbd6","42d7b988-5a55-4c8d-9705-24caef958b04"
"2h6","e7694ed7-9c31-4435-aa84-3411515b40f7","1fd4a176-d04c-4f6b-af71-6c9aa39ca7c8"
"2jn","110292bd-8cc6-4460-9383-f1364ffb55f6","3d20d927-b41b-4a70-b21b-c16188534b05"
"2nl","33a15453-7b14-4b72-b4da-ab757a144195","b32d3a2c-4812-404d-8520-980ba215ea8c"
"2np","ae4ad8f5-0c59-4fcb-bf85-39add9c61282","0433e35c-1a6d-4f21-ba4c-1d55255d07a3"
"2np","08492632-116d-4a83-b46f-d94f2625d09a","5e9dd540-4790-429a-b597-5691d9b22030"
"2tj","b5b5be27-4e74-43ff-a64f-6839cc32a700","4e93d18c-ecee-47c0-8ab0-42dd78404751"
"2wk","7d6a56ee-e251-44bb-ad62-cd42b2fec05c","8c24bd41-7881-4ddd-aca3-52fea8291330"
"2xe","4fb7d0e6-e422-457a-8626-b49219744bc1","45488be1-5f3f-4bb4-8495-058d1fa4fa6d"
"2xe","348829ed-a9b2-482f-9a03-15858ac8cbdd","2dd88fde-51d4-4d61-a85d-d6fef86cbd1a"
"2xe","64e6be46-b337-40f3-a483-b8e7e7ea7af9","66bd89c4-08fb-418f-9408-9fced56f67ec"
"2xe","9bbf89ab-5b78-41b8-94d2-7af3d87846e5","db3fae19-9901-45e5-9a5b-92a15b6209f7"
"2xe","946b120e-debf-49ce-892a-54f587e6e1ff","61f20635-8fac-419d-a51a-aa3aa693c947"
"2xe","b5137e89-b740-4434-9677-91816d2b0ecc","90601e0e-f21d-44bf-9a6c-4d0d8cdafe0c"
"2xe","ce828b5b-9442-4068-a8bd-8675f12d7271","c4e48f56-90de-47cb-8095-b2a5f9c7b77b"
"361","355e3931-4674-467d-ab59-5208ec0ee651","e7a1c61b-b1bf-4b9d-912d-d3580359fa21"
"361","7d6a56ee-e251-44bb-ad62-cd42b2fec05c","b0157201-7106-446d-bf7d-5efef766934f"
"361","ad7077c3-30e1-4d5c-9da8-8f5c0ebb9fb5","9c550b8b-e704-407e-8071-f27f0779d8eb"
"362","355e3931-4674-467d-ab59-5208ec0ee651","e7a1c61b-b1bf-4b9d-912d-d3580359fa21"
"362","7d6a56ee-e251-44bb-ad62-cd42b2fec05c","b0157201-7106-446d-bf7d-5efef766934f"
"362","a76a2553-37bf-4311-b161-7643e22bb4e2","51110b46-a7b6-425a-a1bb-e0f2475adf44"
"361","a76a2553-37bf-4311-b161-7643e22bb4e2","51110b46-a7b6-425a-a1bb-e0f2475adf44"
"363","355e3931-4674-467d-ab59-5208ec0ee651","e7a1c61b-b1bf-4b9d-912d-d3580359fa21"
"363","7d6a56ee-e251-44bb-ad62-cd42b2fec05c","b0157201-7106-446d-bf7d-5efef766934f"
"362","ad7077c3-30e1-4d5c-9da8-8f5c0ebb9fb5","9c550b8b-e704-407e-8071-f27f0779d8eb"
"363","a76a2553-37bf-4311-b161-7643e22bb4e2","51110b46-a7b6-425a-a1bb-e0f2475adf44"
"363","ad7077c3-30e1-4d5c-9da8-8f5c0ebb9fb5","9c550b8b-e704-407e-8071-f27f0779d8eb"
"367","7d6a56ee-e251-44bb-ad62-cd42b2fec05c","b0157201-7106-446d-bf7d-5efef766934f"
"367","355e3931-4674-467d-ab59-5208ec0ee651","e7a1c61b-b1bf-4b9d-912d-d3580359fa21"
"367","ad7077c3-30e1-4d5c-9da8-8f5c0ebb9fb5","9c550b8b-e704-407e-8071-f27f0779d8eb"
"367","a76a2553-37bf-4311-b161-7643e22bb4e2","51110b46-a7b6-425a-a1bb-e0f2475adf44"
"369","355e3931-4674-467d-ab59-5208ec0ee651","e7a1c61b-b1bf-4b9d-912d-d3580359fa21"
"369","7d6a56ee-e251-44bb-ad62-cd42b2fec05c","b0157201-7106-446d-bf7d-5efef766934f"
"36b","7d6a56ee-e251-44bb-ad62-cd42b2fec05c","b0157201-7106-446d-bf7d-5efef766934f"
"369","ad7077c3-30e1-4d5c-9da8-8f5c0ebb9fb5","9c550b8b-e704-407e-8071-f27f0779d8eb"
"36c","355e3931-4674-467d-ab59-5208ec0ee651","e7a1c61b-b1bf-4b9d-912d-d3580359fa21"
"36b","ad7077c3-30e1-4d5c-9da8-8f5c0ebb9fb5","9c550b8b-e704-407e-8071-f27f0779d8eb"
"36b","355e3931-4674-467d-ab59-5208ec0ee651","e7a1c61b-b1bf-4b9d-912d-d3580359fa21"
"36c","7d6a56ee-e251-44bb-ad62-cd42b2fec05c","b0157201-7106-446d-bf7d-5efef766934f"
"36c","ad7077c3-30e1-4d5c-9da8-8f5c0ebb9fb5","9c550b8b-e704-407e-8071-f27f0779d8eb"
"36f","355e3931-4674-467d-ab59-5208ec0ee651","e7a1c61b-b1bf-4b9d-912d-d3580359fa21"
"36f","7d6a56ee-e251-44bb-ad62-cd42b2fec05c","b0157201-7106-446d-bf7d-5efef766934f"
"36f","ad7077c3-30e1-4d5c-9da8-8f5c0ebb9fb5","9c550b8b-e704-407e-8071-f27f0779d8eb"
"36v","7d6a56ee-e251-44bb-ad62-cd42b2fec05c","b0157201-7106-446d-bf7d-5efef766934f"
"36v","355e3931-4674-467d-ab59-5208ec0ee651","e7a1c61b-b1bf-4b9d-912d-d3580359fa21"
"36v","ad7077c3-30e1-4d5c-9da8-8f5c0ebb9fb5","9c550b8b-e704-407e-8071-f27f0779d8eb"
"36x","355e3931-4674-467d-ab59-5208ec0ee651","e7a1c61b-b1bf-4b9d-912d-d3580359fa21"
"36x","7d6a56ee-e251-44bb-ad62-cd42b2fec05c","b0157201-7106-446d-bf7d-5efef766934f"
"36x","ad7077c3-30e1-4d5c-9da8-8f5c0ebb9fb5","9c550b8b-e704-407e-8071-f27f0779d8eb"
"37z","16608d91-2226-4fd9-a408-fd66732299a6","9645c43c-0b3c-4465-9a90-a50e576cfe6a"
"397","6d7e13c6-4f62-4b22-9eff-103827f18601","b12b0f9f-4ea0-433d-9e3f-b607597b8e66"
"397","7d07e4bb-a6a2-481a-bffd-e9bd877b07fa","2bf41d3f-2799-482c-95f3-3a9ccbab2812"
"397","404a2e77-398d-4a7a-84ee-94f386ca0b47","d59b7d0d-e47d-49c2-8780-0cada50b0d79"
"397","2c3818cf-2ff1-4f48-bf7e-5dd9d06c8a08","ee75ccab-9784-4a28-8ad1-c87c97253d2c"
"397","8e97891d-eb2a-4b8e-8b44-20240361016b","9b1bb585-c27f-4674-b51a-07690277b04a"
"397","933dc1f9-ce6f-4011-959c-08166cb2acc5","7c39cad5-2967-4254-a7d2-d32eef2009bf"
"397","b337caff-5602-4e9f-936e-7c4063c36720","bcf70a6d-2b75-41f7-b872-d1e85c83d006"
"397","c320cfb7-12ad-4734-aa81-5d36138c16b3","8bc2b19e-15b2-4d3a-a29d-f39a52ccf216"
"39e","717852b5-04fd-4351-88a1-e99f7bf351ff","4afa2781-eda5-40ea-a758-0fe17242d9db"
"39e","a76a2553-37bf-4311-b161-7643e22bb4e2","2b3d9cd6-5271-4ca7-964f-6443099a1bc9"
"39e","c320cfb7-12ad-4734-aa81-5d36138c16b3","b029ab4c-9bcd-4c3c-9939-a02cffefe1ea"
"3da","24e9c728-59c7-4371-b6f7-fc81523431be","d53a0d55-24d0-45a3-a3c9-c3ba88d0a79c"
"3da","49bd0ad9-e0df-47f4-bcbf-67a7ad96d143","cd0c112c-84d7-44df-98fd-e68ef3b43874"
"3f2","b55c046a-243f-4e00-b4e0-eb16712d2f1a","dc74b1bf-4ba9-483a-96f7-c4082adf0e61"
"3f2","38ccdd1f-2dff-4b95-b6d3-c8e61c54a619","bb884561-33e7-4bbc-8a73-9d4218776c88"
"3f2","bc1df5b0-05f7-44c0-a711-1c3d1d732de6","70657acc-5b94-449f-b474-5395bc838b3d"
"3f2","ebbb9528-8207-4f74-abfd-91197b6b14a3","77296981-64a0-40bc-85e7-c07530ecf808"
"3g6","61704f4a-4536-41bc-a64c-6547caf608ef","58dc5c62-0e2b-4732-b5a7-5d0dc740f6fd"
"3g6","71c9a514-3aeb-42d8-8b64-99cfeda7d7ea","63e845c3-1816-4750-855e-e5bf31b052aa"
"3g7","a76a2553-37bf-4311-b161-7643e22bb4e2","435e401e-ad28-4f72-b42b-b7c2ab51f2f8"
"3jo","a76a2553-37bf-4311-b161-7643e22bb4e2","baeb0857-d095-4245-a1c7-26db12f25fc2"
"3jo","7d07e4bb-a6a2-481a-bffd-e9bd877b07fa","606bd937-3048-47f1-9ad1-27b2c8e6ccbf"
"3jo","d43742f1-dfc3-4466-8894-5e8d2885b47c","4847abc7-b6e9-4c12-8886-ee437d54678d"
"3jo","cb077c4a-82cf-4c65-9841-25958e7b236b","f57a1196-36c8-4923-8dc3-b1a19b9c3547"
"3jo","ceb49c5f-f5f5-475d-b30c-b1ffbfa3f1d4","fd02bf1c-1675-4217-a238-62fc0fe16f4c"
"40o","fccec69d-9a42-45b2-9597-fa4cfb0965dd","7c0d08e2-bd5d-4cb0-b160-16016111791c"
"40x","053cfa6c-4a7e-4566-8479-7d9d60bed985","6d7f2315-acc0-4300-a244-942f63d45c07"
"40x","0b29a72c-bf17-40e8-ad11-50e112916737","0ad8493e-2ca0-45c8-93a6-d3edcad54076"
"40x","4bf9d3a8-7b12-4e54-a9e7-54516bbb6a58","bdf22001-fd47-42f8-a81e-972d5c431efd"
"40x","26b52dd6-8916-4b0c-b0c8-a9be2c724aa5","ba427242-bd75-4824-9f2f-5fbef3aa3f4d"
"40p","6983da13-9fc4-41e5-8864-a59de22d0748","5b618a40-d075-4146-8561-c5537df14328"
"40x","507abf17-c877-4499-a4e4-cb92945088f2","133d32d9-1807-4621-961a-706aa8038ecb"
"40x","aa06f4c7-04b6-425e-a9f5-ca618cd3ab97","44acbdf1-eb7c-4efe-bcf4-86fa55152609"
"40x","6c9e420c-25b9-4853-922e-c58c676f86a9","bf93ef03-dbf1-4567-9382-8529b230b061"
"40x","8a04d209-ab32-4ba5-8db9-7dbdbe8d8caa","dc1f506a-55c5-4308-a411-ff64f98553c2"
"40x","7386c23e-6ada-434c-8641-e1deefcbb2e1","9c650073-a261-4f79-9da8-090b33a558d8"
"40x","71ff9d7d-f804-4fbe-ae29-fd4184a0ee5a","abb8c160-a5ce-42c9-bcfb-fd29775707b4"
"40x","5640e912-ead2-4d2c-a6b1-9e59b4e723c4","18bb3004-d12c-4efb-9345-444bf9c5b807"
"40x","d8c7c793-fa78-4f3d-8590-566c330a4ce5","76d1feab-80c9-48a7-8640-9652f5355581"
"40x","d04c38aa-1685-4065-97cf-d3a08104808a","65416fde-4fd8-4f98-89f6-8be67a77c9e0"
"40y","54994f8c-8f81-404d-b66a-660872f22678","2f5ef23c-6ac6-42fb-9a7c-8ea500f4d82c"
"40x","ffc28129-edd0-443d-bd91-357c6e4cb33f","76797924-2e4a-4219-9f30-cf6b2a4a5d5e"
"40y","6b13273c-b67f-48a5-9ae5-a7bb54dceb7e","ebb1dd02-8392-4ed3-ab0c-08b6fcccb932"
"40z","7d125cb4-9e5f-4a6f-a657-56319489a51c","a0ded019-4648-4c9d-a1fa-1505633fa3cd"
"40z","c364b22f-93d9-44ab-80a2-26bd68594037","17ab8b98-ac7f-49e7-9851-fb32faf4ae44"
"40z","78a16482-4ade-4ba5-980a-3962ec411a6c","3352985b-a5f9-4801-9702-dbdf07707bab"
"40z","ed561829-2c73-4302-87a3-d48e03f6f3a4","f547e174-c28f-44d2-bd40-de83a79b4cec"
"410","b04c8358-6dea-4965-9f78-2f715621ed86","9094219c-28f9-4c0a-9b79-74fdec5be7a8"
"411","2815ad8e-7cb9-46b3-9d54-822683774e0a","d51fc1ca-0220-44cf-ab0f-abfeb35d7479"
"411","2ef479a6-9052-4a5e-912f-c134e38408f7","c4d59492-1cd2-4d6e-b54e-457f765c4967"
"410","ef9f40ca-4908-4d3b-8740-c69006d2c9a1","5f099a29-3a36-4753-a1df-677f09ccc767"
"411","26023000-9f86-40bb-946d-b6b5556a7379","786a9871-d980-4f4d-811d-23a3761eef62"
"411","4820a9e0-50cb-4ad3-a9dd-57aeb117da99","21e90570-0c1c-4c17-8103-e57a2d683e2d"
"411","1c62cd1c-d16b-4646-82c1-4299e299f62f","9c14f61b-d77c-4a2c-bca1-4d357ebcf6ca"
"411","c313aac7-9a32-4c86-8242-f64b688bbde5","398beb74-6240-4b75-b723-0905c3272d55"
"411","a1c5ae8f-d832-456d-8959-dd50ae3ff785","62586e35-c333-473d-b79e-7f4a7af47dc0"
"411","67189cfb-4ff0-44fc-b3cd-16a1252f4c59","d8875bef-136f-4905-9532-b9d2e0075586"
"411","66538c6d-206a-44d4-a408-e23471fdefa8","48d34089-ade2-4244-8de1-817bca44464e"
"411","7bdff944-807a-43a0-8493-c886952d2f9f","3135b625-e636-4209-b3f7-b7e8a4614ca1"
"411","eab9276d-1b65-42e3-ba4b-3b2adad60314","0f6793c5-3fcd-4684-8afe-de4a07c4d5f0"
"411","49bea267-485c-4b50-ae0b-0c0a8df0ec68","a560ec4a-ffbd-4d3e-8faf-ca2b06dd6071"
"411","68357c7b-2de7-40f0-b0f5-e60782b089fa","3801a133-5814-41d2-90ca-ee8e0e857158"
"411","beb7c442-fc0a-451e-a172-f0e4d48cb6d0","f366813a-fd17-453c-b807-b5b6e6997b2f"
"411","f16e15b7-2805-46a9-95cb-85dc138e3fcd","e31890e0-2cc4-4aa3-9f25-6456e4b1a13c"
"467","6336b978-4a03-4c83-9309-0391a77e9b52","241089bd-5bbb-4d7e-a326-74c3bf1506bf"
"467","2e8bcdfd-9512-40f8-bcc1-fab4318d567c","d9fc370b-1fb9-43be-ad24-8993c78b8e2a"
"467","5863bf92-c459-447b-b200-88f866493c33","ecb68c0d-f8a3-4f6b-a411-e07fa0c6bc02"
"467","3c26a747-372a-4f20-b0a9-aa55e91e1ee5","69cbc3f6-7320-4158-8573-d92573b63e23"
"467","589fe0a6-59d9-4978-a4ed-ba56d35af37d","9dc9fe59-e1c5-4f8f-8910-f9c269dcfcf6"
"467","80cacd74-ff55-4978-8c89-b5b8bd2a7a40","f7711a08-8363-4069-acf8-3b2ee52706b7"
"467","a76a2553-37bf-4311-b161-7643e22bb4e2","52a2d9cb-5825-4b91-b4fb-20be046384df"
"467","2d3b4058-1df3-46bc-b8bf-7cf716f65f52","853a14ed-0981-4d3d-9d8c-82f89cb8dba6"
"467","c320cfb7-12ad-4734-aa81-5d36138c16b3","3182a8ee-dd02-48d6-9bf3-d189c80cf13b"
"467","9b451b9c-42e2-41cb-81ef-f29a0cf7165f","f9955ad8-96e5-437f-901d-c9992978ae05"
"467","cfbfe6cf-b3d2-4fcb-90b6-36104ef0d34f","a6cf88bc-a313-4290-8568-08004f7d4dd6"
"467","a921dfef-165f-4482-bc87-d633623e2377","b96b931d-df06-43ed-8d44-d14eba6c95c1"
"467","b13f2cb1-ec24-41e2-937f-8f333b95e293","a611bf15-05bd-4dde-8beb-d7f2381c877b"
"46k","734be632-b5eb-4ae5-880b-c60390591e67","8fe4db28-8f23-470a-9568-5790f2524a9a"
"46k","b33648ca-bcb3-4d65-b0ff-0ce247c26dab","19b6fa52-2e38-42a1-9f9a-cfe1aa5cb305"
"46k","eb2615b7-6838-4c9b-939e-e6ebc42dd866","a7df4447-86b5-4525-820d-fc413b64bd65"
"4j6","b6a0d142-7a4e-4889-8c20-f505c58f0366","68e2e560-7d15-44e0-b790-187b616b3ca3"
"4j6","e22b3fb4-834f-484f-a4a0-9aefce23498d","7c35bcd5-46e5-4581-a552-2e44ef809175"
"4uc","7aed67c9-9e01-4a50-8830-980f29296252","c3ce2ccf-504e-4b4c-aac2-1217dbdcc2e4"
"4uc","ffffdf1d-645c-44c7-861b-c522b98e4513","8590052b-8816-4f0b-a064-9cb18c740919"
"4uc","ab6eff8f-a0e5-45e6-ab8a-a0d112998035","aa90a96b-2e45-41b9-97be-ee289a0592f4"
"4w3","c320cfb7-12ad-4734-aa81-5d36138c16b3","07b7b366-47d9-485d-9a74-488d3aeb87ef"
"4x6","80ec3bf9-9a58-4d13-9906-1a5bf8ba01d0","9c348c8d-62e1-46ee-8fbc-679cce912d6c"
"4x6","2737581a-e4fe-42c1-a590-fc19f158801e","9a598fba-a1fe-4f6a-ab09-7d1dd83b8984"
"4x6","c320cfb7-12ad-4734-aa81-5d36138c16b3","65656eb0-69ca-4c18-bffe-e4504e09fc38"
"50m","26d3b771-4022-498e-a040-264d7e7b9d5e","7fdfb428-5530-492d-99c8-ae632b1f4bb5"
"4x6","a76a2553-37bf-4311-b161-7643e22bb4e2","aa042d11-ddd8-4b3a-ae94-a2f5ce5468e3"
"50m","4bf9d3a8-7b12-4e54-a9e7-54516bbb6a58","bdf22001-fd47-42f8-a81e-972d5c431efd"
"50m","556b69b4-f732-466e-b1d8-969bb6ff70fd","9b2ab612-9188-4424-9420-aa57e09214ca"
"50m","507abf17-c877-4499-a4e4-cb92945088f2","133d32d9-1807-4621-961a-706aa8038ecb"
"50m","6c9e420c-25b9-4853-922e-c58c676f86a9","bf93ef03-dbf1-4567-9382-8529b230b061"
"50m","8a04d209-ab32-4ba5-8db9-7dbdbe8d8caa","dc1f506a-55c5-4308-a411-ff64f98553c2"
"50m","9698db17-ff6b-48fe-9acb-5c78c106cfb5","905112c8-6f12-4d86-84da-364579f72376"
"50m","7386c23e-6ada-434c-8641-e1deefcbb2e1","9c650073-a261-4f79-9da8-090b33a558d8"
"50m","bfc34867-7a73-4f1e-971f-5efba26790fe","509dec19-8b9e-43a8-8e3e-e7909ac0fd7c"
"50m","a95c4066-0039-45c9-a3cf-e94db48ef790","31f25d4d-078e-44ba-96d4-899644e2ab68"
"50m","a4f67eb7-2761-44ac-9ed2-763914d564ca","aee1e6e1-3d6b-42de-9d3e-c9536522ddc9"
"50m","d04c38aa-1685-4065-97cf-d3a08104808a","65416fde-4fd8-4f98-89f6-8be67a77c9e0"
"50m","e26d6796-00d7-4baa-a589-c5c17fe2c067","121b4856-4306-4599-9d33-45b95020c6e2"
"50m","fcdca7df-9ba8-4d6b-ac1f-7222a268964a","441ff6c6-99e9-4b45-9ae1-01f0b376c3e0"
"50m","eb521484-3e06-473a-86b4-15875b706d6c","25cf7d13-3dce-4168-97a0-52c36ba56e65"
"50n","2ef479a6-9052-4a5e-912f-c134e38408f7","c4d59492-1cd2-4d6e-b54e-457f765c4967"
"50n","2815ad8e-7cb9-46b3-9d54-822683774e0a","d51fc1ca-0220-44cf-ab0f-abfeb35d7479"
"50m","ffc28129-edd0-443d-bd91-357c6e4cb33f","76797924-2e4a-4219-9f30-cf6b2a4a5d5e"
"50n","336e4b62-f36d-4985-a2b6-4aaf0ab78d6d","dc6c2661-ac16-42d0-b8c6-db6e9cce3769"
"50n","9fe3e205-333f-477a-bc75-a95e9824d1bf","0bef17f8-02b7-4057-ba9c-54b46bdde658"
"50n","3b7a53df-419f-40c1-ac15-812bddffc249","dfb6a87b-c38f-4708-809d-79af5a6256d0"
"50n","61bdb5e1-642b-4b73-ac92-6667a1c832b7","40a5799d-176d-4c02-a682-e2c41df36799"
"50n","3dfa1935-e875-4f61-8adc-8cc9dcc0bd65","a7ece9b5-8524-497b-a2e0-874a241a7f00"
"50n","66538c6d-206a-44d4-a408-e23471fdefa8","48d34089-ade2-4244-8de1-817bca44464e"
"50n","7eef393a-967a-4db9-97e2-db5e41a6dc6a","80904105-4780-44d8-b5e4-4996139422a5"
"50n","a7a576d9-fe82-4ee2-9c0c-88380ca254ba","b7ca07cf-0188-46ae-8db3-ffbba652a64b"
"50n","49bea267-485c-4b50-ae0b-0c0a8df0ec68","a560ec4a-ffbd-4d3e-8faf-ca2b06dd6071"
"50n","b8e979f5-0974-4909-9f73-0d0b3a8590bb","8f8347e8-ef25-4a6e-9589-2992f9667f91"
"50n","beb7c442-fc0a-451e-a172-f0e4d48cb6d0","f366813a-fd17-453c-b807-b5b6e6997b2f"
"50n","d43742f1-dfc3-4466-8894-5e8d2885b47c","4847abc7-b6e9-4c12-8886-ee437d54678d"
"50n","e999e2c6-2e62-42cf-8c69-1e2e7013cbbf","c46ae462-a447-40cb-a7b5-977cc0fde2f0"
"50p","3c590aa6-ef2b-40ac-b91b-d30b3f4884a1","664166c2-7476-489d-b522-7899bf2adbaa"
"50o","49b8116b-3600-4c6f-a08b-869bdc651946","aaa4555d-4d0e-458c-b18b-94f89ccef828"
"50p","27f8754a-a0cd-44dc-8342-ae51b79cce71","dfb678bd-eb03-4631-afb4-7aeb97d53575"
"50o","677d5e33-20c8-4fa0-93eb-9ba879e71d99","906b9fa6-d277-4fd7-989b-69cfd7a3ab8e"
"50p","129d7122-d21d-461e-949e-33273cefee54","c229d607-ccae-4589-b60e-b3b6a9676c75"
"50p","c364b22f-93d9-44ab-80a2-26bd68594037","17ab8b98-ac7f-49e7-9851-fb32faf4ae44"
"50p","f490d4c4-1324-4380-b34b-79cf6f62f8f6","d29e805c-4503-4f6c-9dc7-90978d60dbc9"
"50q","2f8d3eb3-3826-45a2-87fd-2ab4cb1d97d2","31610fde-b8ac-490b-b7a1-0a81cde68192"
"50q","ed1c3758-af53-4329-9ac0-354d92cdb32c","83116c03-4c85-4ddf-ac5e-cdc3d237f989"
"5o4","1515d956-19a3-4d7f-8179-e583f285eab9","9aef4cac-f252-4aec-a39b-3cf439ba1e39"
"5o4","00cf30ee-78c2-4d5e-9ad5-8348b50fbaa1","fa878866-f2fb-4bd2-90d9-dacbe791f64a"
"5o4","ce828b5b-9442-4068-a8bd-8675f12d7271","c4e48f56-90de-47cb-8095-b2a5f9c7b77b"
"5o4","da59dbda-5988-4372-ab09-83737a712310","795a2343-a3c5-4381-8711-eb13bb8f763f"
"5o4","a4e4ca57-c9ad-40a5-9ad7-c3638f8dacfb","7c5974cd-b974-49ed-91c0-4d4e29790cbc"
"5o4","b04ac704-1330-42e0-a332-218570f39862","24e6c6ff-67b2-4cf4-80c5-2e6980a840da"
"5o4","8a38a848-129b-4eb0-9625-a3a3b019c070","47e447d1-6996-4383-89c8-9b9b29d65b8a"
"5uy","d47bf3f5-a53b-4868-8052-8621b7130fb2","43e3bcba-58c5-4174-a8e0-0969daa79337"
"5ze","348829ed-a9b2-482f-9a03-15858ac8cbdd","2dd88fde-51d4-4d61-a85d-d6fef86cbd1a"
"5uy","f7e0236b-44aa-41ea-97b3-08fd666f9786","90065fed-c4da-48f9-8ab1-d58ee2b78df4"
"5uy","954a7d4b-62bd-43dc-a291-f697f0c5711c","2836b1c9-c89f-4f7b-9399-435ac9bdb394"
"5ze","74249710-70dd-45f7-b247-2bf64d111e18","37ac6572-04f8-495f-ac8e-c39a68ec6958"
"5ze","7386c23e-6ada-434c-8641-e1deefcbb2e1","9c650073-a261-4f79-9da8-090b33a558d8"
"5ze","a76a6fab-e5a6-4272-9a92-91d3fdc8e0b8","4ca423c5-7d16-40b0-98e3-b34951b5dc1d"
"5ze","74d6fc30-c5b0-4413-a090-880138f245d0","a0dea98f-c21c-4b5e-8e17-0ada86201fa7"
"5ze","3dc5a3aa-d1ac-42f2-8127-2900cb19828b","adac6d79-8322-47ae-94ac-7e05566ae047"
"60j","23814c98-faae-4471-9307-d994ca541ba5","22362614-217c-4ee3-a07e-bd96bc013b88"
"60j","8f30d691-3a46-4e38-8c1b-5c4daa3afaa2","6a9e6340-c37f-40f5-ab4a-5b80b4d03821"
"60j","ae6c2e9b-c992-43c0-bbf6-3a899c011f87","ac40f970-2ba4-4702-bdf5-a8f03dbc67e7"
"60j","fd1788c1-764e-4855-96c7-e25f703049df","187d05b6-6c53-441f-b025-ea63b921e9aa"
"6ay","19f2b4c2-e26b-4a72-af00-c3d5499e843e","9b650931-3be7-4160-bb9b-1d1a0de0be91"
"6ay","5a814e8f-d32f-4abc-aae7-5f5cffb7ae14","9e229058-c684-4a85-a784-352b8ac76c3b"
"6ay","4fb7d0e6-e422-457a-8626-b49219744bc1","45488be1-5f3f-4bb4-8495-058d1fa4fa6d"
"6ay","6e570313-ddbc-477b-938b-4e58c41cccc5","6556f7b2-5711-4bad-901e-12c2fd657f56"
"6ay","88e93079-0455-432d-bb26-55d306233fb7","7c015f69-6cd5-4373-9894-93e174750203"
"6ay","c320cfb7-12ad-4734-aa81-5d36138c16b3","07b7b366-47d9-485d-9a74-488d3aeb87ef"
"6ay","b6a0d142-7a4e-4889-8c20-f505c58f0366","8975a6d8-6187-4a21-a26f-647d2864c10a"
"6ay","ce828b5b-9442-4068-a8bd-8675f12d7271","c4e48f56-90de-47cb-8095-b2a5f9c7b77b"
"6ay","aa8ea99c-3f1e-4cc9-8960-115f1ede655f","b9361a4e-8035-42f6-b322-f203e7fcfed0"
"6ay","d5788074-1ba4-4230-958f-8392ac237b6c","4f715918-8d1c-46ae-93e4-21de54ec0d10"
"6ay","fce659e3-c08f-439a-a821-8e9521265324","3a3cc2d0-9df5-43bf-a7d5-a6fb5af346ba"
"6et","03502072-02ce-4af3-80b0-6af46044c2e7","4ba76db1-9129-4971-ad32-d6c74518f53f"
"6et","0f2b39bd-4422-40b1-b11d-e1a9366f87e2","3231b35e-9411-458b-8cc7-328872fde6e3"
"6et","06322443-2293-4e25-aceb-f8c6a650bcd5","e7fe31ae-3b0b-4c52-b6a3-17582fe3a4d7"
"6et","186a7760-0053-4188-a257-331472c06373","d959be94-3691-4d9c-9aa3-57146e90ce99"
"6et","0d3cd8f7-79cf-4315-95d0-37a95439387b","c71bc774-7dae-469f-91e6-8038b38679e1"
"6et","3b26607f-dc01-4526-9292-228088f76910","3bdfd2df-9224-41a1-94ec-89666769294c"
"6et","496ff7f2-22be-4408-a397-4d55928b3ba3","05285dfe-6880-4ea7-9c03-7a37f1d8f94f"
"6et","53f91664-19d3-4845-899b-a484383884f7","12933f78-7466-4438-b3fc-b7f1445d7552"
"6et","7bfb9c00-eef8-4556-ad25-07b806812af0","742de73b-d577-4516-abe8-45d8fa442c26"
"6et","7dfea775-01b1-462f-a2ac-111dbd53b294","b57c8433-0f6b-4ceb-9d13-3388c0a78fbe"
"6et","92581b1d-7619-45b4-97c0-aca547fffb10","e22eedff-91dc-42fd-bab5-41e096dd1220"
"6et","9462c48a-9d3d-4dc7-8d03-19b77bf35bf0","5e865b69-42d4-435c-b6c5-6066896db8f9"
"6et","a76a2553-37bf-4311-b161-7643e22bb4e2","b74d6e6a-2359-4e91-a2eb-155c8a5e0d96"
"6et","ade0c889-4a46-4889-9cb7-b9cf48fb7dbe","bcf36a6f-d2be-4802-b60d-cafcae4b4d68"
"6et","b4c71e40-bb8b-4903-b650-4bc0ce607d77","71b227b2-2921-45f5-9e1d-15656bec5029"
"6et","b4e46bd8-ee3d-47dc-a5cf-55e46db4db61","8741a57c-54b5-435f-8771-4818076fe952"
"6et","b6a0d142-7a4e-4889-8c20-f505c58f0366","68e2e560-7d15-44e0-b790-187b616b3ca3"
"6et","b8a81c7c-5bec-4d25-87c3-662492287ee3","6edd4e63-b745-40a5-bbae-150ba26a1748"
"6et","b90376a3-e43d-4b11-943e-7b5bff2e6c2d","95eba1a5-b640-4a30-b5e0-44eef6395f33"
"6et","c320cfb7-12ad-4734-aa81-5d36138c16b3","07b7b366-47d9-485d-9a74-488d3aeb87ef"
"6et","ca6ed4e6-e7a9-4c7e-b190-f9a8539f5f50","94ad0e6f-ee20-4618-8c55-d799e0dd1133"
"6et","e22b3fb4-834f-484f-a4a0-9aefce23498d","7c35bcd5-46e5-4581-a552-2e44ef809175"
"6et","e93325ea-2df8-4a4c-9ae2-2351fb9116bc","2690d099-583c-446f-b90e-19ed464bf6a7"
"6et","fefca889-4a46-4889-9cb7-b9cf48fb7dbe","bacafb4f-197a-4e39-9112-90801dc1d51f"
"6h3","ce828b5b-9442-4068-a8bd-8675f12d7271","f0ef7de8-7400-4315-bcc2-be1bec41da03"
"6h3","4fb7d0e6-e422-457a-8626-b49219744bc1","12c16306-91cc-4dae-a26f-c48780e12872"
"6in","4918cdcb-d144-4d92-ba70-b1d184a6178e","d9c20dde-6e1a-46a7-bda6-a5129e7db249"
"6h3","4918cdcb-d144-4d92-ba70-b1d184a6178e","3843bfc2-a622-499a-b3ef-e61cf54c15c1"
"6in","4fb7d0e6-e422-457a-8626-b49219744bc1","73ade78e-5dfa-43af-9ad8-292e5b5e3a6d"
"6in","ce828b5b-9442-4068-a8bd-8675f12d7271","7d16c025-d515-4656-934a-16f8ec875af0"
"6ip","348829ed-a9b2-482f-9a03-15858ac8cbdd","2dd88fde-51d4-4d61-a85d-d6fef86cbd1a"
"6ip","64e6be46-b337-40f3-a483-b8e7e7ea7af9","66bd89c4-08fb-418f-9408-9fced56f67ec"
"6ip","b5137e89-b740-4434-9677-91816d2b0ecc","5ead5d38-a691-40c7-9b6d-1b4ceb9921e8"
"6oc","2d35e5f8-2fd4-4e93-b6d7-edb881dacb1e","1d34d819-a267-4ab5-9a25-21494542cd24"
"709","2174c584-f1cd-4a27-a04c-3142aa08e3db","8be79d27-44b7-45d1-9acf-1a45f3017449"
"709","355e3931-4674-467d-ab59-5208ec0ee651","e7a1c61b-b1bf-4b9d-912d-d3580359fa21"
"709","7d6a56ee-e251-44bb-ad62-cd42b2fec05c","b0157201-7106-446d-bf7d-5efef766934f"
"709","89ebf2ab-e931-473d-8420-0bc2cfec5988","12d1053e-279f-4bf0-a2be-1269dca2d57e"
"709","a76a2553-37bf-4311-b161-7643e22bb4e2","51110b46-a7b6-425a-a1bb-e0f2475adf44"
"709","ad7077c3-30e1-4d5c-9da8-8f5c0ebb9fb5","9c550b8b-e704-407e-8071-f27f0779d8eb"
"709","b6a0d142-7a4e-4889-8c20-f505c58f0366","68e2e560-7d15-44e0-b790-187b616b3ca3"
"709","c320cfb7-12ad-4734-aa81-5d36138c16b3","07b7b366-47d9-485d-9a74-488d3aeb87ef"
"709","d387d066-37fc-4642-a339-9b22e591b65c","4b0cc9d7-1c52-47ea-83bf-968534a66950"
"709","e22b3fb4-834f-484f-a4a0-9aefce23498d","7c35bcd5-46e5-4581-a552-2e44ef809175"
"734","64262555-f415-44ae-9ca8-2e922a49ddf1","e7a1c61b-b1bf-4b9d-912d-d3580359fa21"
"709","aef1644c-8f42-4e79-b3ca-a00cb969d3ea","f756e9ed-1348-4eb1-bf11-ca9c811959ef"
"74r","054167be-31b2-4773-8298-a921d84e0dde","e7cbe86e-c0fb-4937-b182-60a38492ec31"
"74r","15ee40b6-5a20-43cb-be06-4f0af2005dc3","bdbb2da4-1886-4157-81a5-05c791ffeed2"
"74r","332ecbd3-42cf-48d7-aa59-70153c01e8a1","efdd56f9-7dc6-4e35-ba76-559c15b39cf5"
"74r","454fd7c4-5fb0-40c7-987f-36e4b588fed6","8dd4cc3a-ccdc-48d2-8c18-48cdef3e2d88"
"74r","7aed67c9-9e01-4a50-8830-980f29296252","c3ce2ccf-504e-4b4c-aac2-1217dbdcc2e4"
"74r","accce697-48f5-4ded-a386-b4a1d6cc8665","bef1e440-2c40-4fbb-b5be-f6f9d3a3e0df"
"74r","ac42677c-a338-4f2a-820b-cc3bcf20045a","7a040a7b-b6cb-465e-b322-a39f58d57ab3"
"74r","b6a0d142-7a4e-4889-8c20-f505c58f0366","8975a6d8-6187-4a21-a26f-647d2864c10a"
"74r","d7fd746a-eefa-484f-a09c-0d5e64cdf683","dd38f8ab-b7e0-4b47-98cb-4b91f4f91c4a"
"75u","26b52dd6-8916-4b0c-b0c8-a9be2c724aa5","ba427242-bd75-4824-9f2f-5fbef3aa3f4d"
"75u","2bec5f79-3c4d-4ad1-a812-edc840bcdabc","cf1b59fe-8fa2-4126-8f88-2758a1759ed7"
"75u","4182c73d-4159-41ae-8023-8a784312a075","3965abfd-43a0-4e0b-937e-417c44334384"
"75u","4bf9d3a8-7b12-4e54-a9e7-54516bbb6a58","bdf22001-fd47-42f8-a81e-972d5c431efd"
"75u","507abf17-c877-4499-a4e4-cb92945088f2","133d32d9-1807-4621-961a-706aa8038ecb"
"75u","6c9e420c-25b9-4853-922e-c58c676f86a9","bf93ef03-dbf1-4567-9382-8529b230b061"
"75u","71ff9d7d-f804-4fbe-ae29-fd4184a0ee5a","abb8c160-a5ce-42c9-bcfb-fd29775707b4"
"75u","7386c23e-6ada-434c-8641-e1deefcbb2e1","9c650073-a261-4f79-9da8-090b33a558d8"
"75u","9698db17-ff6b-48fe-9acb-5c78c106cfb5","905112c8-6f12-4d86-84da-364579f72376"
"75u","7dc07c0e-e2b0-4817-8d4b-337377b3ecdb","cf57d09a-e133-414d-8242-6942bec8e1ad"
"75u","8a04d209-ab32-4ba5-8db9-7dbdbe8d8caa","dc1f506a-55c5-4308-a411-ff64f98553c2"
"75u","be3a6111-f573-4ac5-834f-79f919fa8a82","0b51bbdd-27ea-4121-95d7-261105d7bb5a"
"75u","a4f67eb7-2761-44ac-9ed2-763914d564ca","aee1e6e1-3d6b-42de-9d3e-c9536522ddc9"
"75u","eb521484-3e06-473a-86b4-15875b706d6c","25cf7d13-3dce-4168-97a0-52c36ba56e65"
"75u","e26d6796-00d7-4baa-a589-c5c17fe2c067","121b4856-4306-4599-9d33-45b95020c6e2"
"75u","c7c1cff2-90ae-4046-901d-b07d94161bfc","8113dd09-39aa-4e00-8cdd-b1c9af038680"
"75u","d04c38aa-1685-4065-97cf-d3a08104808a","65416fde-4fd8-4f98-89f6-8be67a77c9e0"
"75u","d8c7c793-fa78-4f3d-8590-566c330a4ce5","76d1feab-80c9-48a7-8640-9652f5355581"
"75u","ffc28129-edd0-443d-bd91-357c6e4cb33f","76797924-2e4a-4219-9f30-cf6b2a4a5d5e"
"76f","20e0cdf1-c283-4378-93e6-b31f1ba13713","3fa61de9-d028-4579-9a1f-4b2f839e29c8"
"76f","8ff22c56-a7e8-41be-a5f8-26e2374d2933","d3c4d1db-cfd8-4b6a-91c5-8e390b11e959"
"76f","78f77fa5-a67b-478c-9ec2-b165b3ff736d","c7645a55-db0e-4b95-a582-108bbac00207"
"75u","fcdca7df-9ba8-4d6b-ac1f-7222a268964a","441ff6c6-99e9-4b45-9ae1-01f0b376c3e0"
"76f","a310058e-6651-4005-acae-6ceb56e7f113","5798069a-27d3-44f5-a258-64e20f0d757e"
"76f","a76a2553-37bf-4311-b161-7643e22bb4e2","8f31eb86-9809-47e1-897e-e8d9283e078c"
"76f","d0d431b0-ae94-48f9-99e8-a2c06a87bedb","300d825b-3ae1-4ad5-9445-73e21ac885fe"
"76f","b6a0d142-7a4e-4889-8c20-f505c58f0366","fd6211ba-c6f5-40c2-8e6b-4eac8191f6cc"
"76f","c320cfb7-12ad-4734-aa81-5d36138c16b3","ac255e9f-fefe-4b25-bedb-fd512d927f67"
"76f","e22b3fb4-834f-484f-a4a0-9aefce23498d","a7d9d9ae-4cd1-4691-a4c0-2f3494c04681"
"76f","e279238e-d590-4a8d-9b67-0b7f92a6ae64","bba34a52-dde4-4c59-9095-2665721b4f91"
"76f","b5353615-5517-41b6-ab93-37e2078f4c37","f5943ce6-57c7-4b6a-9538-12ae2041fa56"
"7e4","c6891b57-7a95-42b6-a624-c01748faf02a","7ed55ddc-07e9-4aa4-b74c-836c9bcb83a1"
"88w","b0a0a256-82b6-4833-9b2a-7f59e775a5a3","b7974756-7d58-4a4d-9038-939c93b8bed6"
"8s3","01f275bf-e1af-45e8-890e-90d1c8ba489d","451373ec-bf54-4d75-bbfb-32707bc601a6"
"8u8","734be632-b5eb-4ae5-880b-c60390591e67","8fe4db28-8f23-470a-9568-5790f2524a9a"
"8u8","e8028fd8-3654-4d0b-bd36-2fad708b8a73","cb3c0d1b-eed6-4819-99d8-63e4fbc0b8f9"
"8u8","eb2615b7-6838-4c9b-939e-e6ebc42dd866","a7df4447-86b5-4525-820d-fc413b64bd65"
"8u8","ba2c866c-31a8-4e48-8b58-a369107ea034","a63ba331-7a8b-4e61-8b70-d0326903d5a4"
"909","01e66bd8-55a2-411e-a9d3-766804ed62d2","d4fafdac-0c5a-4310-a849-2e53ea335d15"
"909","734be632-b5eb-4ae5-880b-c60390591e67","8fe4db28-8f23-470a-9568-5790f2524a9a"
"909","ba2c866c-31a8-4e48-8b58-a369107ea034","a63ba331-7a8b-4e61-8b70-d0326903d5a4"
"909","eb2615b7-6838-4c9b-939e-e6ebc42dd866","a7df4447-86b5-4525-820d-fc413b64bd65"
"96t","1a415d55-4e63-4fe3-8bcf-bccfe3d0f56a","c61dca2d-b069-4a3c-bc29-9224021353ec"
"96t","321b42a9-c933-4c50-9f24-596355999062","0313a924-7ee2-401a-83ad-6dc662e1c938"
"96t","49e93f57-8c91-4384-b779-82f12b3aeb1b","75e00bea-6025-4492-a779-2a2c912e4821"
"96t","2bd34c82-95d6-413f-b424-e9bacd7a31db","a95d5d6b-59af-49c1-b360-57bb3f9521de"
"96t","5abce7ae-2867-4d00-8902-6368b725267b","f69dbd67-e0c3-4995-94c1-129795c5de2c"
"96t","b6a0d142-7a4e-4889-8c20-f505c58f0366","68e2e560-7d15-44e0-b790-187b616b3ca3"
"96t","76379dad-2278-4305-96e5-f9d1f29eee1c","0769c44c-9b8d-48c1-9c8d-c45f847be50a"
"96t","c320cfb7-12ad-4734-aa81-5d36138c16b3","07b7b366-47d9-485d-9a74-488d3aeb87ef"
"99v","15af4334-1457-4d4f-ae9a-8274003d7a61","ad08eeaa-fcdc-427c-a9b0-54e88e7ec969"
"9nr","3c5d38c2-d1d5-46de-baa6-19eb93f37bf8","b4410c59-6a3e-4ae9-aa82-c6a8acf6d7c1"
"96t","d455e6ad-b1d7-4c01-b597-d907b8a299e8","d5b34bcf-dd69-47e8-a800-76416bbd1ffb"
"9nr","a76a2553-37bf-4311-b161-7643e22bb4e2","b74d6e6a-2359-4e91-a2eb-155c8a5e0d96"
"9nr","a8e6b0ed-e4e8-4a00-890b-38947b905746","6a2b2d5e-fabc-483e-886b-155a8800f896"
"9nr","b6a0d142-7a4e-4889-8c20-f505c58f0366","68e2e560-7d15-44e0-b790-187b616b3ca3"
"9nr","e22b3fb4-834f-484f-a4a0-9aefce23498d","7c35bcd5-46e5-4581-a552-2e44ef809175"
"9nr","c212e6f1-66a1-4082-acb7-a3d90f6f3314","a954793b-4dd4-4ab6-88df-a0f9d00493eb"
"a3f","1f8b3e8c-4ee5-413b-b900-8c708cbdcf96","9d672641-ce74-4a89-ab74-7b2ac35c2dc3"
"a5b","e22b3fb4-834f-484f-a4a0-9aefce23498d","7c35bcd5-46e5-4581-a552-2e44ef809175"
"a3i","00b80f2b-2c4f-425f-970f-5d2c71515257","466f0ddd-bb1b-468d-bc3a-1d83f164bd57"
"a3k","00b80f2b-2c4f-425f-970f-5d2c71515257","466f0ddd-bb1b-468d-bc3a-1d83f164bd57"
"a5b","c320cfb7-12ad-4734-aa81-5d36138c16b3","07b7b366-47d9-485d-9a74-488d3aeb87ef"
"a5b","b6a0d142-7a4e-4889-8c20-f505c58f0366","68e2e560-7d15-44e0-b790-187b616b3ca3"
"a5j","b6a0d142-7a4e-4889-8c20-f505c58f0366","68e2e560-7d15-44e0-b790-187b616b3ca3"
"an4","d40f2d3b-4f79-4ea7-8669-6f30957958c4","1f7dcab5-547c-4787-9875-0a07017573b9"
"aq2","1db66b24-e0c2-4d12-a9ef-3a7bcf1b94b3","6a8bb6a9-9ed7-46ba-ab93-7ab29d521354"
"aq2","48756e1e-3207-4fe8-90ca-7340e28701b1","dd0ebe02-9131-42eb-9d0c-973710c7b38b"
"aq2","510c467e-e4a8-4dde-bc12-96ed5db6e997","72e01fc6-0510-4688-b57c-47e66198a110"
"aq2","a76a2553-37bf-4311-b161-7643e22bb4e2","8416084f-7705-49aa-9a52-83e6401262f3"
"aq2","c320cfb7-12ad-4734-aa81-5d36138c16b3","019d6a12-4f68-47d4-a67e-bdfa50c66edc"
"ara","11191619-aa61-4cc1-822c-9bff02db8a4a","ce5ff28f-640f-4830-a5e0-86917a8f480d"
"ara","5bd933a6-b6ce-44ec-8e72-59e5c1c9698b","21884acd-1b65-420f-b633-40173b6ec21d"
"c3a","00cf30ee-78c2-4d5e-9ad5-8348b50fbaa1","fa878866-f2fb-4bd2-90d9-dacbe791f64a"
"c3a","1515d956-19a3-4d7f-8179-e583f285eab9","9aef4cac-f252-4aec-a39b-3cf439ba1e39"
"c3a","da59dbda-5988-4372-ab09-83737a712310","795a2343-a3c5-4381-8711-eb13bb8f763f"
"c3a","a4e4ca57-c9ad-40a5-9ad7-c3638f8dacfb","7c5974cd-b974-49ed-91c0-4d4e29790cbc"
"c3a","aa928004-4cb3-4e17-8d49-e5df9870d07a","1f2e2f3d-4b16-4516-8d7e-154c404a7542"
"c4f","0648cd18-0e3e-48e9-812f-42e8ad8cea76","dcd6c61a-fc13-4c2f-8165-4eaa5e597754"
"c3a","acd380f4-d233-44e7-af36-d65421b318c1","50424501-128f-47dc-9fd8-02712a1d3944"
"c3a","8a38a848-129b-4eb0-9625-a3a3b019c070","47e447d1-6996-4383-89c8-9b9b29d65b8a"
"c4f","495cd195-cc2b-4b0c-b6c5-c3e66a1f5ffa","1fb6046a-7d25-4f55-8d98-24f4a3066d44"
"c4f","3c54459c-bf44-4163-9ce0-3bf8cf8c34c7","a9b63746-8009-4d2d-98ad-242c1fe27df4"
"c4f","32a0b41c-0a10-441f-bf06-81596c81d7e8","aecda59b-04e3-4a22-9ec1-0e2ff6d351d2"
"c4f","884d3f43-5f29-46f4-a893-d5adaffea5ae","2698e488-3600-4544-b1f9-8cb420d31598"
"c62","5cc5587b-f25e-49dc-8ba7-246e4fbe7a9b","0fd04ed1-29e1-491b-a3ae-8ee3f5ae53fa"
"caz","427d482a-2f39-415a-95d1-9c27b9747cb8","b3512301-42d5-4d11-817c-5d106a09cab8"
"caz","7d6a56ee-e251-44bb-ad62-cd42b2fec05c","03171761-ac2f-49d8-bd36-2872ba1ecfcd"
"caz","ac4f84a9-0d5c-4fb4-b380-2f4694b3c39d","b0ca0e7b-48a4-4d10-aed6-767d8a25a25f"
"caz","2581583e-b776-43ac-a54f-5a71e0ef2da8","6e017963-4a59-4269-87e9-9faee6e9218e"
"caz","a76a2553-37bf-4311-b161-7643e22bb4e2","9c799f2d-6b77-4b81-bd45-e00a7a62d75b"
"caz","ad7077c3-30e1-4d5c-9da8-8f5c0ebb9fb5","9c550b8b-e704-407e-8071-f27f0779d8eb"
"caz","1ab72148-fe76-42dd-a67a-59f0a9cb0480","eaf3c092-0bd6-472d-90e6-7af8fafbdcd5"
"caz","c320cfb7-12ad-4734-aa81-5d36138c16b3","66424324-e691-4b83-9660-4b36ce8ad13a"
"cmj","eb2615b7-6838-4c9b-939e-e6ebc42dd866","a7df4447-86b5-4525-820d-fc413b64bd65"
"cmk","0743e7f3-ba6b-4e3c-aa42-b19d5a5822bb","c41fa95c-3cfd-458b-82c2-d4d84cfd0a3c"
"cmk","68ad55a8-f5a5-42be-bf1a-545cfaf36088","7a1eb049-3d3c-4354-a0da-bc1b1ca2aee4"
"cmj","734be632-b5eb-4ae5-880b-c60390591e67","8fe4db28-8f23-470a-9568-5790f2524a9a"
"cqq","e22b3fb4-834f-484f-a4a0-9aefce23498d","7c35bcd5-46e5-4581-a552-2e44ef809175"
"cqq","b6a0d142-7a4e-4889-8c20-f505c58f0366","68e2e560-7d15-44e0-b790-187b616b3ca3"
"cqq","c320cfb7-12ad-4734-aa81-5d36138c16b3","07b7b366-47d9-485d-9a74-488d3aeb87ef"
"cxi","b6a0d142-7a4e-4889-8c20-f505c58f0366","68e2e560-7d15-44e0-b790-187b616b3ca3"
"cwz","ad7077c3-30e1-4d5c-9da8-8f5c0ebb9fb5","7fc40486-981b-4ff8-8d18-c7138fd99371"
"d3x","51313e3a-80cf-45fa-9278-e5d9fcde1ac2","aa933dba-94e8-4652-89dc-89e012376adc"
"d3x","49e2d9cb-8cdb-4d2c-9498-502f2fc32f46","c7875f9b-b39d-437c-b1dc-01d90a256f13"
"d3x","5a51e54f-5b88-424e-9d3d-0d15f4d10114","fe4e28fd-18a2-41e5-99b6-2b1a97f8c6fc"
"d3x","237ff3bd-4d58-4816-a594-bef9cff763fe","39f4789f-1fb7-47c4-894c-0875a1d1c22a"
"d3x","6791c8b4-d096-4115-8e49-85e55dd34cf2","c5710524-8d78-444d-b302-0aec6150e65c"
"d3x","5a6ae903-617d-4d68-876c-10c019ce5aa2","ad20cb1f-3a1c-49fc-8255-b0a82c6a8ae7"
"d3x","9de04479-2cc0-46ca-bc97-1a4c0f5a3e34","a135bc89-ed99-4eb2-bd0f-596bd8947e00"
"d3x","cbdb8a3f-f7e6-44fd-ad8e-b45a22d932e8","767bb489-57cf-47ef-b501-adbb0567a697"
"d3x","ed30f596-4d41-45d7-862e-527d1fb27f07","cc8594fd-2237-47b4-8272-74c72d363267"
"d47","09bb02b4-c094-4fd6-8a5f-482b36bb74a8","484ec99e-53ed-4782-87fe-6ba5a2b19e9f"
"d3x","f983da4b-e57a-4a4d-8b4e-6b80ecfabe86","50dd8e6a-b95d-45a2-b95f-d1d4cbbce3d3"
"d47","0e943cc9-b5fa-4d1a-a446-1882890ddea1","325ce923-9a73-4700-9aab-ab59812e1fb1"
"d47","0fe1b78b-b0e0-4061-9ad8-bc43f1ed49c4","2e855856-0f65-49d3-a12d-9eb64f689418"
"d47","17272fe1-3d9c-44c9-81b3-7d899a343aed","0ec77a0c-e956-4486-8d76-982c7671aa6b"
"d47","1ebbbef7-9351-4c0a-ac2c-16eaee006503","a70972cd-051f-4cfe-a5e8-ab6eafc98b61"
"d47","1ea1208a-6901-4531-beb7-97794b52c9ba","b0edcfdd-d3d6-4a49-8285-ec71b7a46695"
"d47","203d19f2-ae28-411a-9e57-5416eda5b722","614a6260-061f-4b05-9438-718935be864d"
"d47","235af56c-c4f4-4a91-8248-c8c739f65d07","0c0ee97f-74d7-4c7a-8f64-748f2869eb86"
"d47","1fe69b4a-de1c-48f8-86cd-a3e637d15eb5","18561a44-201e-4620-bf76-ed4c653c5736"
"d47","289e3173-1e51-4ebf-90ae-f58b8d34c37e","d20fbea5-b78d-4378-a944-9c3dcbc7821f"
"d47","2399dae0-4879-4d1e-a952-f94fea66bf65","d0c334a9-13b4-47aa-af33-b606ab255ee7"
"d47","2e69e80c-e95e-450e-b49e-f81f23e0fc80","3118026a-c25f-4f2f-bde7-d68f6596a392"
"d47","2ab22601-24d3-4e02-a302-3fd4db37e4a6","23f5b485-72fe-467f-bf07-7939414b7cf0"
"d47","348829ed-a9b2-482f-9a03-15858ac8cbdd","2dd88fde-51d4-4d61-a85d-d6fef86cbd1a"
"d47","41651233-0198-4c54-b826-fab939200548","b1729804-7f46-49bd-b8b6-1108bbed5543"
"d47","46f02a96-505a-4a0c-8741-84d5ddf13288","212169df-e0d0-403f-ad3e-5d2720d6e33d"
"d47","4c164e0f-b3c7-4258-b034-a3be2015f1a2","a5c242c5-77ef-43bd-b939-a483336b83b7"
"d47","4c536b75-4519-429c-8479-bd190dd2c48d","ac0b1534-a74a-4284-8931-061c2cda3d02"
"d47","5951f676-f875-4a7d-bffb-d702110a1ca9","dab24d8f-e6c1-4a2b-83fb-2cd8ddc5b59e"
"d47","64e6be46-b337-40f3-a483-b8e7e7ea7af9","66bd89c4-08fb-418f-9408-9fced56f67ec"
"d47","6089cb70-f3be-436c-934e-7db8ba9422cc","743be5b2-c016-4e0f-ad10-32222abd0043"
"d47","6de4759b-272d-466e-9cb9-839b575ac900","d40224ee-900e-4db5-96e7-e1dd73d66ea4"
"d47","73bdb6a5-bf72-433d-93ae-e229108871bf","80c4b37c-becb-421d-b769-a53d0059238c"
"d47","88432809-5dd1-46dd-beda-09eb59c229e1","c5425890-7f12-4e2e-82c9-2071bd5a6d67"
"d47","a471bac9-95c7-41fa-97b9-30f4cac2445a","b2d7511a-e469-4a35-8fda-8f7a1affdb0a"
"d47","b904e7f4-0904-454d-8695-64f486034abe","ecb486be-75d4-4b7c-8e36-ed49e125c046"
"d47","c059bd26-9733-4154-9ff1-d04c530c589e","a080a077-775f-4956-95bf-45fa24f06277"
"d47","c15824ba-7795-4a6c-8a31-8090539d6dda","d931d10f-4e6c-4340-b12a-101af90f00d0"
"d47","c2cd6dd5-8632-4769-ae81-8f7673787fb2","8e2e0254-150e-42f4-a952-14255fec1665"
"d47","ddfbfab1-ac72-425e-8455-59be02fc703b","fe87bd0c-6833-4590-983b-a29ad48431cc"
"d47","eb2615b7-6838-4c9b-939e-e6ebc42dd866","a7df4447-86b5-4525-820d-fc413b64bd65"
"d47","fc38f4c6-af97-490c-b336-0d0b0a2220fb","fdf68d1f-62d5-4163-a6c5-fc92af6feafd"
"d47","ffa0de74-68d1-4e62-b5ba-c85f730331ca","3cb52099-10db-4e6a-92a9-156c222e0800"
"eyb","4ef05ab2-3fc5-432d-9722-b068b672bdce","e0d99dd2-15ff-4245-9ae3-a8a296dbe545"
"eyq","375bcd8d-9f6a-4f96-a908-f2fb3e354cd6","d595f3aa-8358-4e24-87ae-c655cbe88794"
"eyq","f6e6404c-35a6-4bf9-866f-2a0683b23163","c737b4a1-a23d-4e2e-ac20-95405ab3d1d0"
"fa4","734be632-b5eb-4ae5-880b-c60390591e67","bb44dfd7-91e7-4063-8aa0-4b931949e194"
"fa4","9972d49e-128a-4d24-b4da-d28abc2ea60f","921abe0c-28e5-494e-ae22-f5c0ecb6c4e3"
"fa4","eb2615b7-6838-4c9b-939e-e6ebc42dd866","20327b05-48ac-4d17-9b86-35268996e002"
"eyd","ff58db2e-fdb7-443f-8b1d-2d183636bb1e","ad64b4b0-6ad3-4b95-8349-35ce64829ce4"
"fdm","1446a1b5-ece1-4e0d-8ccf-13bc89cbb08a","8d245674-51b6-4ac2-be06-b59263906e43"
"fdm","fe8077db-65f1-4e49-b4de-2542decf40f3","35914544-3d9a-410e-bb71-b769fdb6ead2"
"fdm","a6df3115-360e-4f74-ae38-f9f6718fe8ee","f44e78ca-4d39-4ff2-9bda-3adc2097bd18"
"fv0","a76a2553-37bf-4311-b161-7643e22bb4e2","b74d6e6a-2359-4e91-a2eb-155c8a5e0d96"
"fv0","ac42677c-a338-4f2a-820b-cc3bcf20045a","7a040a7b-b6cb-465e-b322-a39f58d57ab3"
"fv1","7d07e4bb-a6a2-481a-bffd-e9bd877b07fa","0604745a-44f9-4989-b3a8-937385b9ae35"
"fv1","c320cfb7-12ad-4734-aa81-5d36138c16b3","a913fb96-4372-496a-9ee7-105652da31bc"
"fv1","a76a2553-37bf-4311-b161-7643e22bb4e2","7a747c32-d18f-4421-a07e-a10d2e83013b"
"g14","23e6b594-2568-4d41-b4fd-5e543f5d7d2d","d360abd2-8995-43b5-93ea-7527190cb5da"
"g14","11ede067-6852-41df-966e-bfb71218935b","31321c7f-f04b-4a79-8324-37c0bc20a829"
"g14","3f183a3e-5950-4c31-ab32-d941b29c35a7","9d4d1854-bbec-4649-bd3d-b5a650f8c66e"
"g14","0305c674-210a-442b-8a8e-7f9f09dfbb00","92d80c7d-a129-4323-844e-966553f731e6"
"g14","7444335d-2ab1-4510-9780-85080b230272","080af4ab-97f9-4fe2-8f68-23f0483e5843"
"g14","5c8672d6-990b-4021-b91d-15329f158e92","3c3c5075-2da8-455a-9cde-c7b41428f328"
"g14","9a66111b-89f0-4919-9370-a6f22b845002","0e1644e1-288d-4cef-b27c-e2103cbad8e1"
"g14","16547f96-c465-4a94-bf56-3fb645693059","8ef579bc-5752-414f-9e8c-a176419295c0"
"g14","be8ed24a-3b8b-4661-afb2-4eb6ee40a5ac","f2fea1ce-07c7-48ab-8b06-ec3aa139958c"
"g14","aecd1f3f-12b1-42ab-927c-62cb706eda38","1f7a65dd-8571-4283-af04-4b3275626416"
"guw","1d21dedc-580f-4e99-b725-fce5226626fd","5d639768-d094-4921-ba47-138a138938e9"
"guw","2c90aa2f-ccbe-417d-8573-ae856b2a60f1","7dd0403b-a70f-41a4-9374-3919533ab833"
"guw","0ea36b16-2359-4aaf-8c67-edd8d64e2169","4bb3ada5-e179-4bba-992e-58f152a882df"
"guw","30e8e3fc-c6f6-4b51-b2f7-c72977b24071","d8e58ead-2b87-448c-98b0-0ea0d981265c"
"guw","30f14df7-7ae1-44af-8345-7e140de00a9e","a4c9911c-ce66-421a-89da-a454c306438b"
"guw","77756d7d-1086-478b-bee7-4db822e33f0c","8474ca9e-9cbe-455b-bfff-0ef61ddc31f6"
"guw","93139ac3-8ab0-4d80-9db0-8ef2f4e20f6c","93ac243c-b5d5-4a60-98c8-d33fc2f6afb2"
"guw","7465b018-4012-49d7-972d-7d8d87000e16","cc773aca-9699-436c-9558-1b0abb95782d"
"guw","dd73b730-4b84-4787-a554-abb411fc9f09","296d32eb-845f-4c78-b9dc-d33e2a50b01c"
"guw","d6ede134-4383-4001-b40c-d4e808866ad3","80fc103e-1c95-4511-bfc7-dec089873b2e"
"guw","e4bdb47c-1a93-4fc5-a9f2-20c929ab959b","89398080-3b1e-449d-b289-04e950e22970"
"guw","d3b33727-c0b1-4d34-bb97-9b82b929c217","fa571934-49fc-48b9-9f0f-985cc164b58f"
"gvq","41f9001b-e455-4bca-b2df-a65d1e58c7eb","89070491-e765-4485-85c9-5529f2176a97"
"gvq","432776f8-9865-4a51-b47b-27fe5dc11ea6","5489c287-ec2b-486e-8ae6-13b898513120"
"gvq","64e6be46-b337-40f3-a483-b8e7e7ea7af9","66bd89c4-08fb-418f-9408-9fced56f67ec"
"gvq","2726d2e2-9155-491a-b8c1-d5b93bb9369b","99dd53bf-f8ae-4d0e-afc2-be18ee44fbf7"
"gvs","2726d2e2-9155-491a-b8c1-d5b93bb9369b","99dd53bf-f8ae-4d0e-afc2-be18ee44fbf7"
"gvs","432776f8-9865-4a51-b47b-27fe5dc11ea6","5489c287-ec2b-486e-8ae6-13b898513120"
"gvs","41f9001b-e455-4bca-b2df-a65d1e58c7eb","89070491-e765-4485-85c9-5529f2176a97"
"gvs","64e6be46-b337-40f3-a483-b8e7e7ea7af9","66bd89c4-08fb-418f-9408-9fced56f67ec"
"gxq","7d6a56ee-e251-44bb-ad62-cd42b2fec05c","b2dcb2c8-f67f-466b-bf7a-e4e5f2add074"
"gxq","31c82e42-5ab1-4ef3-be12-8dad282ba946","a96dea50-403c-414e-ac94-a1cc20121162"
"gxq","5f180619-14ba-4c9f-b7d4-c6c77ce37cdb","3f5229ee-8c13-494a-9dfc-1ac124ba7b6b"
"gxq","6d7a7c72-9f64-46ce-b56a-7279856686b6","0e9d9980-093a-44e4-ac4d-adde22c035c1"
"gxq","0703b717-9753-4f24-81e0-fc005c25360f","fae130f8-c2e8-45af-96ca-6d5ff320ee4a"
"gxq","9d151760-825d-420c-9a33-ef570788d402","d2dbb53b-8728-4644-9ea9-026769e7afd5"
"gxq","a58e9a7f-ef5d-4182-9b32-5f9280a10902","145af65f-ec4e-42f9-a537-e63717da67a0"
"gxq","70be0843-3fc4-41de-a53f-00f4f274d4a7","160167f1-20af-4567-b268-838c3824ac02"
"gxq","afee7a62-4b86-45fb-8c40-d63db59e9fca","8f6b385b-8fdd-4f33-a260-ca43cb08bc9d"
"gxq","a76a2553-37bf-4311-b161-7643e22bb4e2","14b86997-a13b-41ab-9f09-8a1d5ae68145"
"gxr","239562b2-503a-43ab-a476-4584b52aa26d","72b7e28d-2bf9-46da-b00a-f4687c9dbefa"
"gxq","facdb21e-684a-4346-ad74-fbd4c8f2366c","abafd559-f2e6-48e0-8ac3-5001fa2acb87"
"gxr","2702ca75-27b5-44b9-8655-9a94040f0860","07221820-9710-47fa-b16c-eda8064b124b"
"h0t","1173e632-9211-4e1f-80d4-3edb64e047f3","9116d972-c8f3-4d9e-8ed2-a084579b9aaa"
"h0t","2d3b4058-1df3-46bc-b8bf-7cf716f65f52","853a14ed-0981-4d3d-9d8c-82f89cb8dba6"
"h0t","169d93d9-16ec-4a54-a607-03aaa2248e01","a83f9ea2-72d0-494a-9f00-9406aa146fa8"
"h0t","3c26a747-372a-4f20-b0a9-aa55e91e1ee5","69cbc3f6-7320-4158-8573-d92573b63e23"
"h0t","2e8bcdfd-9512-40f8-bcc1-fab4318d567c","d9fc370b-1fb9-43be-ad24-8993c78b8e2a"
"h0t","5863bf92-c459-447b-b200-88f866493c33","ecb68c0d-f8a3-4f6b-a411-e07fa0c6bc02"
"h0t","589fe0a6-59d9-4978-a4ed-ba56d35af37d","9dc9fe59-e1c5-4f8f-8910-f9c269dcfcf6"
"h0t","6336b978-4a03-4c83-9309-0391a77e9b52","241089bd-5bbb-4d7e-a326-74c3bf1506bf"
"h0t","80cacd74-ff55-4978-8c89-b5b8bd2a7a40","f7711a08-8363-4069-acf8-3b2ee52706b7"
"h0t","9b451b9c-42e2-41cb-81ef-f29a0cf7165f","f9955ad8-96e5-437f-901d-c9992978ae05"
"h0t","a921dfef-165f-4482-bc87-d633623e2377","b96b931d-df06-43ed-8d44-d14eba6c95c1"
"h0t","aa891c66-06e8-4d04-a8b2-53ac4dd32be8","1968be71-319c-41e1-adf1-c3a66a18a6ec"
"h0t","b13f2cb1-ec24-41e2-937f-8f333b95e293","a611bf15-05bd-4dde-8beb-d7f2381c877b"
"h0t","cfbfe6cf-b3d2-4fcb-90b6-36104ef0d34f","a6cf88bc-a313-4290-8568-08004f7d4dd6"
"h8p","7a8282db-c97c-4995-96c2-cb9e56088a41","77fb3b66-7fdd-462e-8b53-1d8dc87f790c"
"h8p","a76a2553-37bf-4311-b161-7643e22bb4e2","ea8be3b5-c605-45bf-a389-756120a06343"
"h8p","f335800d-f312-4971-94eb-88474856d82e","cce08fc6-5cdf-4a17-bb94-83e87287d1b5"
"hba","19755142-b908-4450-9ce6-56517e58ebc9","cc7ba057-07e8-4852-affd-0ebb7ecba898"
"hba","50001043-3bd1-414a-ae26-aa144e1f624b","7acbedc1-867b-4393-afbd-d30ada00c961"
"hba","78c07ccc-4755-4b97-be58-ccdb9cace8bf","59ea2bc6-bae5-4dfd-9ea2-49481ba8ce9a"
"hba","81bb0ca7-eae8-4c3b-bb8f-332d1b71fdcd","45b3fe1b-2d14-4313-b926-cef17a161b5c"
"hba","8ee042c9-4ed8-4a5c-82f9-d754cd433934","47f10a6a-be2d-4aed-921b-34143cafc93b"
"hba","b04a0971-69ae-4fb9-a59d-8870403c92d5","43f326f7-9592-40fb-a25f-b8cbc1224373"
"hba","cf868837-f0d4-425a-be26-8d0143c74a0f","a28e9c85-e242-4851-ae9d-963785a5d145"
"hba","c9d0abfb-d55a-4b6c-b9c0-a5f47266db5f","6f184cfd-1cd4-4c54-83dd-73cb4d21acc5"
"hba","e180d172-08ed-47c2-b822-a0a775fe0495","def58b6c-79d9-4441-80a8-13dd14dbf9ae"
"hba","e9e109bd-3ecd-4c5b-a9d3-5b2363892e12","8d22515e-d673-4aef-8b43-771a9bf98e5b"
"hba","f480098d-853e-4ba8-b0a4-7365a3880ecc","9d6b62f2-e6e7-430e-9cf6-545b5342a045"
"hba","fe804f1b-1d7d-4af8-a4b5-ff49e9a346ef","a06e70e8-0cc8-48a9-bca5-1d0a4acea095"
"hdg","a76a2553-37bf-4311-b161-7643e22bb4e2","51110b46-a7b6-425a-a1bb-e0f2475adf44"
"hdg","c320cfb7-12ad-4734-aa81-5d36138c16b3","07b7b366-47d9-485d-9a74-488d3aeb87ef"
"hdk","4f86ad5f-3a61-46cd-88c8-9b9d381d92c4","6a7db20e-946b-42db-9a50-fd1de6d5ec50"
"hdk","5ec27a71-b73e-43ac-a7b7-353ed3537161","56d59a9e-f10b-4113-9505-5cd217e42262"
"hdk","572e1535-b05a-435c-82bc-9a89996ceb4c","af22bf7b-fce7-4b91-af23-83473904c020"
"hp4","3c88c32c-9899-4604-9659-f6e9fc46b19b","8afd8260-7129-4daf-8067-b022e918c3ee"
"hp4","89de7f2e-f0d9-4a69-9ede-1fee1fbdfa77","ef0a6a86-f8b2-4d50-84e3-a56a26404531"
"hp4","89a914bd-6be7-4b53-b372-53649189c935","e6134246-9516-4244-a1ed-7f73e8b2671f"
"hp4","afdd396f-b875-445f-953a-c660f478cfa7","3385b55d-5c90-47fd-9833-c9d869f46b99"
"hq6","17272fe1-3d9c-44c9-81b3-7d899a343aed","d9402db8-507f-44bb-80e4-f2c57fa48a47"
"hq6","2ab22601-24d3-4e02-a302-3fd4db37e4a6","170b6d07-b3a6-4a6f-a9c8-ed3d59322e8f"
"hp4","a9dd74a0-1c3e-4002-b026-390cc31b9ef8","5f279aa8-8100-42c6-9787-f6380306c91f"
"hq6","41651233-0198-4c54-b826-fab939200548","7d2b40cc-1f93-45da-8d19-62ef83d274e3"
"hq6","203d19f2-ae28-411a-9e57-5416eda5b722","01bfd69b-c606-46a3-ae59-811e37a0e817"
"hq7","203d19f2-ae28-411a-9e57-5416eda5b722","903073a2-0398-4bec-b48d-91e6e6ab8bb3"
"hq6","af81685d-e1e9-453c-ae2f-4782875665a5","595069f2-d10a-4875-a636-e33426ef66ce"
"hq6","58085150-8ee3-40bf-902a-8bb1e3e20feb","6bec4b7f-511f-4758-85c3-ce62c88e5708"
"hq7","58085150-8ee3-40bf-902a-8bb1e3e20feb","3fc041c7-eaf4-4a6c-8459-9bd1d3a92b8f"
"hq7","41651233-0198-4c54-b826-fab939200548","6bd17ddd-507f-42bc-a060-90ffcae11fdf"
"hq7","2ab22601-24d3-4e02-a302-3fd4db37e4a6","63febb81-c93f-4d41-8937-a2f21af95861"
"hq7","17272fe1-3d9c-44c9-81b3-7d899a343aed","ccb5dc07-649c-4232-9ce2-f7f2e9b20314"
"hup","aa8ea99c-3f1e-4cc9-8960-115f1ede655f","d28e57ec-b534-43ba-b254-ab3d4d46bae2"
"ibe","395d2d57-4d25-4a5c-9132-c66ef5580ae3","8285f35a-4832-4c4c-bb2c-a4cddae62ae0"
"hq7","af81685d-e1e9-453c-ae2f-4782875665a5","92d649d3-e05c-4c5d-8acf-e9d8ad520e94"
"huq","aa8ea99c-3f1e-4cc9-8960-115f1ede655f","eeac3cd9-1d67-410f-aca9-2d8175a4a730"
"ibe","421bd87c-71fc-4666-88e6-9248e2f9f274","8a22a217-c377-4cbb-9713-2a9da450354a"
"ibe","a76a2553-37bf-4311-b161-7643e22bb4e2","b74d6e6a-2359-4e91-a2eb-155c8a5e0d96"
"ibe","bdf4e8c2-42e1-4440-801c-c555d3d6aa6a","8aa4cdb3-2aac-428e-830d-4a26451adc11"
"ika","7aec10b8-78b1-42f3-94f9-5cffb694cf32","47fd1d57-6e88-45a3-ad2f-7032cc93b7c8"
"ika","a76a2553-37bf-4311-b161-7643e22bb4e2","b74d6e6a-2359-4e91-a2eb-155c8a5e0d96"
"ika","df85241a-398c-48ab-ac07-f019a1396383","9c977434-2a34-4af5-a18e-d33b3a047b50"
"ivc","2f09762f-f63d-44af-8103-02ecc4ebcd62","09f966a7-70d2-4e8a-b5bc-c7fc730375be"
"jcs","0ab68532-5869-427b-8596-c07959b0e5b4","03e2d9c0-6bd3-4f15-a98c-d0d1ddcc7473"
"jcs","6089cb70-f3be-436c-934e-7db8ba9422cc","743be5b2-c016-4e0f-ad10-32222abd0043"
"jcs","0617136a-7f60-4918-8023-ece680b46815","a1b9da43-30a7-44be-b714-bffb36e20f38"
"jcs","35767603-a342-403e-9ed5-b623a2066036","e397b3b1-2049-4c28-b922-0382610b8e78"
"jct","0617136a-7f60-4918-8023-ece680b46815","cd82d82f-d68e-4bb6-8285-3270ff81388d"
"jcs","bffb4e91-b6d7-4621-9496-0d13e7cdfab6","bbf96c5e-38af-49bc-8b13-dcbe39597e16"
"jcs","09bb02b4-c094-4fd6-8a5f-482b36bb74a8","484ec99e-53ed-4782-87fe-6ba5a2b19e9f"
"jct","0ab68532-5869-427b-8596-c07959b0e5b4","54c44eab-3d70-417b-88b5-c4566491f024"
"jct","09bb02b4-c094-4fd6-8a5f-482b36bb74a8","7a774acc-bbe5-45f6-b3c1-33104938827c"
"jct","35767603-a342-403e-9ed5-b623a2066036","1a114224-4fc4-4bd7-8ca8-b14445965de3"
"jct","6089cb70-f3be-436c-934e-7db8ba9422cc","3cb3a88e-4e1d-4623-ae62-3a2a6d1d63a4"
"jct","bffb4e91-b6d7-4621-9496-0d13e7cdfab6","7415ccb7-f076-4177-96b6-b89d42314016"
"k5g","9e9dae2c-18d5-4ecd-8088-bba9de1602c5","050bbe96-c7be-40f8-a202-27d6e75213f1"
"jr3","c6891b57-7a95-42b6-a624-c01748faf02a","7ed55ddc-07e9-4aa4-b74c-836c9bcb83a1"
"k5g","4aa08a87-58d7-4b2e-ac96-68c3a2683754","7afb89d8-db41-479b-a984-83b272388cf0"
"jr7","82308824-8c90-4d1f-86c2-521ab2a0e983","58bb0c8c-3e04-4cd0-b6b3-8038cf9bc593"
"jr7","c6891b57-7a95-42b6-a624-c01748faf02a","7ed55ddc-07e9-4aa4-b74c-836c9bcb83a1"
"jr3","82308824-8c90-4d1f-86c2-521ab2a0e983","58bb0c8c-3e04-4cd0-b6b3-8038cf9bc593"
"k5h","fa09ddf4-8714-4ab8-93fd-17ca54bc873a","e1d3e67e-0a1e-469f-88e5-f68513d1209c"
"k8l","01d5d178-cfe4-4db6-b6d8-37bd966fa0da","6475873d-ccc2-4304-ad12-4c4d9b7ab47c"
"k8l","0483ed2a-2904-4562-b579-456892c417af","a3de5678-76f0-42c2-985b-9274b529446d"
"k8l","40710733-cb91-47fc-8a6c-97905a2ffe1d","4ab81104-3e1b-4c33-a052-4dd7ad57b351"
"k8l","4c4dd80a-f9c0-40bc-bfef-7fc73a2d05ef","5702d4eb-3522-4b1d-b042-3c13cf897e86"
"k8l","7ed06dd4-ccfa-423b-aaa0-3bff01a18088","9186e15e-dd75-4b22-b989-12ecd930be58"
"k8l","a76a2553-37bf-4311-b161-7643e22bb4e2","47462102-9953-4a2f-8862-51dd1da59687"
"k8l","a6887ec4-315e-47c4-aaad-ec61e8f8125b","953e111e-69b5-4511-977a-35acecd3265a"
"k8l","c320cfb7-12ad-4734-aa81-5d36138c16b3","9c180768-bd54-47a8-9466-098df946c6df"
"k8l","b6a0d142-7a4e-4889-8c20-f505c58f0366","68e2e560-7d15-44e0-b790-187b616b3ca3"
"k8l","d9252a1e-2d1e-4aa5-a46f-c675e2f15f09","106709a2-b4d4-474f-a74e-ec7acc3bf6cf"
"k8t","0f2f15d9-e1e8-4945-aa39-3924419c563b","252a4651-e8b8-484d-8a96-b2f5f3e3c8e0"
"k8t","3dbabac0-a7cb-4cb6-9c01-dd2a03c73fe8","bfaf6f06-8c1b-4369-ae79-a5bbb432d223"
"k8t","4021b681-7af3-4ae9-8cb3-a80878191f7a","873926f9-ea09-40de-a224-4ee98bd9ff48"
"k8t","c6d191fd-b099-4136-beca-6778aa6c234e","7738e63a-683b-49e1-9205-0c5abfc14fb0"
"k8t","db2a5e26-6604-465a-919e-8321a83843e1","587d5049-8b70-42c3-ab67-96c0c16e0cd4"
"k8t","987f5a28-f5a4-48de-955e-be8682a7d7aa","9afa2a1b-9039-44bc-8c93-476f0de4b732"
"ke1","a76a2553-37bf-4311-b161-7643e22bb4e2","a59a5e62-94f8-4d7d-aa82-2a91e4bcb8b1"
"ke1","c320cfb7-12ad-4734-aa81-5d36138c16b3","13d30bf5-620e-4103-8319-66c6e004d2fd"
"kmt","2185d378-563d-4b83-b7fd-b990bd4deaac","15b26706-70d6-4429-b910-ca96cb39fd6d"
"kjv","c6891b57-7a95-42b6-a624-c01748faf02a","7ed55ddc-07e9-4aa4-b74c-836c9bcb83a1"
"kmt","c5cd4e19-d518-44b7-9c2d-b5e7e51f34bd","1e638439-aaa9-422b-963e-ab0c5c3c0b58"
"koi","8c7cb26c-258c-4f06-a3d4-86572b5299a7","d840ab26-9a8b-4f2e-a59b-c1c60a4d3a79"
"kno","a76a2553-37bf-4311-b161-7643e22bb4e2","8f1b01ad-4b8e-4960-9dfb-782e783b1c0e"
"kmt","4fdf1c49-8318-4769-98e6-1e665de870f2","5c9b6fa1-b8df-4429-885f-37b1dd8dec13"
"ktn","2bdad092-b088-4e6d-936c-46dc922d93cd","c98421f6-97e1-41f6-b7aa-97426559cf78"
"krs","4ad194a0-bb4f-49b8-8e12-ac1b4791389d","df5a0145-4bf9-46b8-8272-36e01f2ddffc"
"kxy","5ee085ba-4147-4370-9c33-b36c9c95a697","8444b92c-c6fb-4915-a88b-67e9790de661"
"kxy","c576209d-f69f-46e7-9e4e-346d2b6861e7","1e6163b5-43f0-4795-9b74-98e999e07660"
"l0v","a76a2553-37bf-4311-b161-7643e22bb4e2","072dd21c-5c54-475d-8a14-bfe89557f1ad"
"l0v","7aed67c9-9e01-4a50-8830-980f29296252","52e67105-550c-43f1-9d31-975b9a261ef1"
"ld7","1939ffd7-40fd-4e7b-b497-749ce2b2d875","b82c0f81-f73f-4b6c-9a91-87588102a314"
"ld7","734be632-b5eb-4ae5-880b-c60390591e67","8fe4db28-8f23-470a-9568-5790f2524a9a"
"l1i","6547fb27-046e-4014-99eb-52474427e558","f4380aff-95eb-428a-9c9f-483d5a238736"
"lel","9baed0de-5a51-42c4-b5e7-22223f61aedc","09a6ab14-e584-4844-8d0e-b93003fe1037"
"lel","e5517711-8c06-4092-b79a-8aa69678c598","985b9efc-9f7f-4837-8dd7-66cae005d028"
"lg1","e8f5d0df-42f3-4e0b-b500-05a04e693073","c4159b9d-ea8e-426c-8432-8bc1d7a87e15"
"lg2","e8f5d0df-42f3-4e0b-b500-05a04e693073","1d72bfdb-6c0d-49d0-8a57-22d5369499ae"
"lhk","a76a2553-37bf-4311-b161-7643e22bb4e2","d43876ed-6d7e-4526-aad8-f624e190ebfa"
"lpx","355e3931-4674-467d-ab59-5208ec0ee651","e7a1c61b-b1bf-4b9d-912d-d3580359fa21"
"lok","b6bb900b-68db-4856-b31f-5a97758c329d","59ec8942-6483-4e82-8dc9-d84279714d97"
"lpx","7d6a56ee-e251-44bb-ad62-cd42b2fec05c","b0157201-7106-446d-bf7d-5efef766934f"
"lpx","a76a2553-37bf-4311-b161-7643e22bb4e2","51110b46-a7b6-425a-a1bb-e0f2475adf44"
"lpx","ad7077c3-30e1-4d5c-9da8-8f5c0ebb9fb5","9c550b8b-e704-407e-8071-f27f0779d8eb"
"lpx","c320cfb7-12ad-4734-aa81-5d36138c16b3","07b7b366-47d9-485d-9a74-488d3aeb87ef"
"lpx","e22b3fb4-834f-484f-a4a0-9aefce23498d","7c35bcd5-46e5-4581-a552-2e44ef809175"
"lpx","b6a0d142-7a4e-4889-8c20-f505c58f0366","68e2e560-7d15-44e0-b790-187b616b3ca3"
"lsy","1e6b3307-1828-4a60-aad1-9d888dbfc609","9b9e4c1e-1290-4ec6-a8c1-54c61c1b21fa"
"lsy","72e16902-2b1d-4e27-8413-3dd2346abc59","411e83d3-6341-42be-86f7-e5c209b67756"
"lsy","a76a2553-37bf-4311-b161-7643e22bb4e2","293f5bb8-9b08-44ca-b8ef-5e2f53ced084"
"lsy","c320cfb7-12ad-4734-aa81-5d36138c16b3","f209e8a1-a242-4a90-bf20-e0c97bb18a60"
"lu8","7afe5714-7892-4982-a9d7-ac5e44637de8","b188e1e3-22c3-49de-83cc-5b56cbf2c36c"
"lu8","2e1c287d-ed99-484a-9d95-965342108837","e4e1b256-7bd1-487d-a1b4-d0cc83a19acb"
"lu8","89e555c9-2edf-4e03-a76e-2f8b38f73f58","1771d020-56ee-484a-9521-e23753452cf3"
"lud","8c79420c-5ced-4301-8691-d34d679ddcda","a27887a5-907f-4c1c-ada0-b8ed23519432"
"lud","e86c879a-bf12-456d-b2f9-a3194283cca0","4d8f967e-f17f-410f-b465-c4e1f535415c"
"lup","c320cfb7-12ad-4734-aa81-5d36138c16b3","07b7b366-47d9-485d-9a74-488d3aeb87ef"
"lup","a76a2553-37bf-4311-b161-7643e22bb4e2","b74d6e6a-2359-4e91-a2eb-155c8a5e0d96"
"lwi","12e948bb-a919-4232-a6e3-ceebba50c075","e505d3b2-1d80-4295-9d6b-89b45627ff63"
"lwi","03ef6c09-8225-4ce5-b52b-d4881c96db1b","e4fbab1f-b5b5-4839-aaef-a5e924124ded"
"lwi","1eecbdb3-96a7-4b3c-ab1a-9283d2748141","c45e7841-6153-4f98-83c9-0d28992af081"
"lwi","4ed41602-63ef-4e68-b90d-daa2f6c42587","fb45a21f-ea3f-48a9-9e2d-efc796b31f6e"
"lwi","68ae4d49-996d-49af-95b9-d876dd2f6c1d","116995a8-691a-4d15-90a4-c5713cdc0c31"
"lwi","52dc0c14-0abb-431f-a6ba-83583075ea56","fc1c019a-3203-46e8-a961-d4e241e2231b"
"lwi","6eed2ca6-56c4-475b-b687-ec77bfc475c7","b99bf18a-05ce-477c-aded-7170351e54d4"
"lwi","7bfb9c00-eef8-4556-ad25-07b806812af0","742de73b-d577-4516-abe8-45d8fa442c26"
"lwi","6f460a8d-fe70-423d-b492-d11507e9e9c9","6fb2be39-86f0-4c9d-9e90-546584781903"
"lwi","b334e804-a553-4fae-b887-34076781705b","28a78d0b-8c6e-4066-b683-60b8ff59db60"
"lwi","b3980173-4e43-4e49-96f7-5c84381194bc","433fd2ae-14f2-40dd-bce9-beeae7d51910"
"lwi","96b293ff-9930-401c-b466-02a49a9bb458","51a2ebf5-b8d0-461a-9522-2f1a4264d131"
"lwi","a76a2553-37bf-4311-b161-7643e22bb4e2","b74d6e6a-2359-4e91-a2eb-155c8a5e0d96"
"lwi","b7b24bb8-10ba-4212-9555-2a266ad79b57","69b21328-3602-4081-b3a8-6137189061cd"
"lwi","f35c9821-2531-43cb-8a9d-39aab92ba388","2554ac82-2ecc-4be9-a6c0-a0edcbdc94fd"
"lwi","e824b010-d417-45e8-af2a-ecb850073089","5aedda6b-e724-49d4-8867-dd53c0641334"
"lwk","31f10065-b88d-4e88-8c45-88715a9fa0b6","7ee40fa6-11a6-4f0d-8cd0-2e9189d4b29b"
"lwk","35fc4d0a-ff97-471e-b9ab-df60ca47e8e0","5d6d12eb-f61a-444a-82d5-3c309ad77709"
"lwk","4a9d9a11-7eb3-45aa-b7f5-e529a16a03d2","4b71b32e-968a-4b73-9688-b9ddaa8bb417"
"lwk","76804d9d-aa29-44d0-af25-b9491fec18f9","436d18a8-f18e-46d8-bbf3-ac294d37989a"
"lwk","7626fd4e-0dd4-4703-b351-a9c3b1af569b","439de680-4831-49b2-b382-6f515cb22606"
"lwk","7b7f38a1-a6a2-4b82-aecf-2b0fbe0a1661","ffe2ba2d-0418-4179-a690-6eb224f0e1f7"
"lwk","5bab0db9-ea16-4a4a-a0f4-f14e0deeffab","bb0ca391-e0b3-4994-83df-81b4aa79fcb6"
"lwk","b0fd2e67-611e-4332-a7e0-3e9cd0ab9f20","5920eacc-66cf-4218-9420-b1e0d9ce51ad"
"lwk","7b89a86c-1f2e-41d6-bfde-1642a31b3e86","17800186-1156-43f6-9c56-a249054a9d0c"
"lwk","a84548b6-4f8e-4919-8e7f-96d8deee032a","ca536d94-aabd-4caa-8fac-22f155e67e27"
"lwk","bc2384d0-6e76-43e3-96ee-e73821eaf84c","790275a0-66f8-4ebc-ac21-d82d95f0086f"
"lwk","b5f308bc-0b7e-49a4-8537-e7e98a994630","bb5a3c31-6646-4617-a5ca-c56a8b2ff4db"
"lwk","d8e43ec2-5390-41ce-9b03-c357b8e83019","edc3b39f-d3d3-48b7-9158-500bca3b9e91"
"lwk","d5706583-5f05-4acf-924f-75ab91282a76","cddd56de-16d9-4fff-91c9-472b44acd270"
"lwk","d24ae3e0-2168-4ea1-a6b7-a6716397d998","34480055-b523-47ba-9895-9bf635b859cd"
"lwk","e6898894-ffa2-4ab3-9d67-ff1f1aa05cc0","9bbeb5af-b6dc-4ceb-b5dc-14d9fefa2eb6"
"lwk","dc167317-fd40-4b51-82bc-9c21bea3e5dc","fbf4c9e5-7f09-4bb1-a1c3-1fa6e39cefab"
"lwk","f0bf5a0f-12c9-4d92-ac33-1a2a69165964","bc55b30c-6504-4bd9-ad52-e7b261adbbdb"
"lxq","b6a0d142-7a4e-4889-8c20-f505c58f0366","68e2e560-7d15-44e0-b790-187b616b3ca3"
"lxq","7aed67c9-9e01-4a50-8830-980f29296252","35ad1403-481d-483b-8ff6-73499a7f0506"
"lxq","a76a2553-37bf-4311-b161-7643e22bb4e2","67c2df11-050d-43ac-9019-23c4d98f44df"
"lxq","e22b3fb4-834f-484f-a4a0-9aefce23498d","7c35bcd5-46e5-4581-a552-2e44ef809175"
"lxt","7d07e4bb-a6a2-481a-bffd-e9bd877b07fa","7d4c3944-cd39-420f-9f43-8adc536485e8"
"lxt","7aed67c9-9e01-4a50-8830-980f29296252","e68a5b2c-b0ff-41e5-9c1a-87ba1e0fcbad"
"lxt","b6a0d142-7a4e-4889-8c20-f505c58f0366","68e2e560-7d15-44e0-b790-187b616b3ca3"
"lxt","c320cfb7-12ad-4734-aa81-5d36138c16b4","f98ea121-908c-4f04-8cb7-e9c8cc372c09"
"lxt","a76a2553-37bf-4311-b161-7643e22bb4e2","288f71f8-eb6d-40da-b5b1-73d5c75031a1"
"lxt","c320cfb7-12ad-4734-aa81-5d36138c16b3","a916fb68-6362-4d5c-8615-63efb224c54f"
"lxt","e22b3fb4-834f-484f-a4a0-9aefce23498d","7c35bcd5-46e5-4581-a552-2e44ef809175"
"m25","c81cbeb9-83cd-4e30-998f-bcd7f85d864c","cf01cc86-3af1-4b58-9754-584879a05c09"
"mbj","5e10b900-7528-47a3-81aa-dd10f587820e","91de82aa-e115-4d56-9dc8-3b3a96b5bb9e"
"mbj","bae29581-712b-4222-b8d0-48e864e673bc","a65d96d1-89d1-48e9-bb70-f697c7b16f46"
"mn1","af55e29a-2a3d-4a8a-a0ed-52a6385a33ba","f536a2db-844e-426d-84c4-1a309965773b"
"mn2","2880d1da-793d-48e6-83af-08272143c4ab","70e32842-66ab-4a5b-8348-099a6f184783"
"mp6","febc8814-46d6-41ab-981f-75f37d071c50","d0b66b34-ce6a-4054-bb66-21604d058542"
"mrb","0dbf7009-1beb-4a06-b130-f0429ecf726e","a5a6adad-54f6-418d-8183-c906a6725aaa"
"mrb","170869b6-cc9f-424e-8e42-6894c647878d","0095294a-80dd-45fe-a660-6638ceff1415"
"mrb","315f8a69-63c6-474b-948e-3f3cecc53536","83e4ea09-9ca6-4c5a-91ea-221cbe48e838"
"mrb","32ed9b8d-4efc-4d9b-991c-16528e3f2272","c5b165c7-3cfd-49c8-b3ba-355e0d49235d"
"mrb","338e17f0-e3d2-474d-9b7b-480b3123be9e","96c4f7e1-09aa-42a3-9b11-dafeb8c7a7c4"
"mrb","58b7ce10-8e90-4d25-ad21-1bf79875b271","ecc7a391-cbc8-4299-8585-7e55ca84964b"
"mrb","5c4f0790-e608-4c32-8821-43bd1499998b","33744115-4299-4d14-8290-2d7ffc2603bb"
"mrb","a76a2553-37bf-4311-b161-7643e22bb4e2","6cf83f9d-e7f6-4e43-9605-bf291ceb70df"
"mrb","ad0b7bd7-aab0-479d-ab2c-8edffca47385","4d3aa5db-01a6-430f-a0ae-402fba0456cc"
"mrb","c320cfb7-12ad-4734-aa81-5d36138c16b3","ab377405-f960-4353-8fcc-dc68fb689599"
"mrb","b6a0d142-7a4e-4889-8c20-f505c58f0366","68e2e560-7d15-44e0-b790-187b616b3ca3"
"mrb","cb077c4a-82cf-4c65-9841-25958e7b236b","b9a4bf15-c49c-42ab-847d-f35ed7bea956"
"mrb","c48e33b2-834c-45f0-96e0-11cfe6c7e847","270e524a-0985-43de-9a9c-20846fa6f384"
"mrb","e290c9ad-bb2d-4352-ad14-d36e0e4e5a22","c736a193-eaee-4664-ba18-cfce939a4e7b"
"mrb","f5074efd-3385-46ec-96eb-a1ff0dc2dd0d","4ea292df-e61d-4218-9d7f-a584e44faf5b"
"ry","62b2c6d9-6666-4c59-a6a7-d9f252a8b8b2","65a6017d-e442-4dde-a21b-970333cbf4ac"
"su","824a5f02-dcbd-4be3-84a2-92766c155503","ab2f1e94-d1f0-40a5-9600-c1780e4c50a7"
"su","a76a2553-37bf-4311-b161-7643e22bb4e2","13e5c46a-12ca-48b8-a783-7dbaef5df00c"
"tu","d9a5f2e7-c7fd-44a3-80c3-03ff0dce1c9c","ddf45db5-35b4-474d-8b71-cce0768ba8a6"
"xb","0d3779b3-3031-41ca-960c-7a92c1d7be32","4b86bec4-5aa8-4293-9cd0-5786a0e7b704"
"xb","3b4353ec-1eb7-423f-9f16-cf784d83d3f4","cc540329-0f6d-41db-af22-8e07b8f82244"
"xb","90268639-72f1-46df-ad5c-ce45ee7fc705","bb678670-b475-4e8e-ba7f-1bf78132d82e"
"xb","a76a2553-37bf-4311-b161-7643e22bb4e2","26af9717-2039-47b6-ae8b-23eec38eefe9"
"xb","a8e6b0ed-e4e8-4a00-890b-38947b905746","6a2b2d5e-fabc-483e-886b-155a8800f896"
"xb","c74e0a3d-e9cb-4974-8b2f-c005b09267d1","f23e9976-06e5-41b2-8c9e-0830edea51e3"
"xb","b6a0d142-7a4e-4889-8c20-f505c58f0366","59080029-9f06-4f0e-8300-9f6777f41eb8"
"xb","c320cfb7-12ad-4734-aa81-5d36138c16b3","3f03168b-607b-439a-b6d2-486dbd98af6d"
"xb","e22b3fb4-834f-484f-a4a0-9aefce23498d","be5f311d-1378-4f57-91bb-0887fc17238b"
"xb","d353cfb8-7e5c-4b64-a72f-d8535165ac60","a4a9cee5-772b-448e-9133-e0fc26ef6403"
"xb","e3a2b34f-bb58-49d3-8daa-7dfd648f8741","71a8ff1e-1bc8-4816-9520-cd660822e98f"
"xb","e4fee1a7-fac1-4840-bdc0-8778d038e3b5","a46fd8ee-83a3-441e-bfdf-042fc9c5f0e1"
"y5","b6a0d142-7a4e-4889-8c20-f505c58f0366","68e2e560-7d15-44e0-b790-187b616b3ca3"
"y5","c320cfb7-12ad-4734-aa81-5d36138c16b3","07b7b366-47d9-485d-9a74-488d3aeb87ef"
"y5","e22b3fb4-834f-484f-a4a0-9aefce23498d","7c35bcd5-46e5-4581-a552-2e44ef809175"
"yn","a76a2553-37bf-4311-b161-7643e22bb4e2","4b5d702c-9c67-400e-ba01-4a39746a2cf9"
"yn","c320cfb7-12ad-4734-aa81-5d36138c16b3","09856830-3d46-47db-b1f5-0c153f4d97fc"
